y_true,y_pred_lstm,y_pred_linear
0.0044564107,-0.00043871626,0.0007629118
0.021112291,-0.0036568008,0.00085519557
-0.0005993095,-0.0051581003,-0.0035271996
0.010119112,-0.0008638315,0.001706133
0.008756367,-0.0038206652,-0.0006083329
-0.0053699845,-0.0026729144,0.00018392384
0.0004437361,-0.00038446113,0.0032308123
0.019220749,5.228445e-05,0.001061363
0.023500439,-0.0037252642,-0.0044740587
0.010063059,7.4956566e-05,-0.0012838084
-0.004700752,-0.0006574169,0.002627375
0.01480337,-0.006816145,-0.0018401588
0.013684259,-0.0043030977,-0.0023720677
-0.02007807,-7.79368e-05,0.0020429394
0.009020932,-0.0008450076,0.003335889
0.007900751,-0.004873544,-0.0039003782
0.037062608,-0.00087580085,-0.0015529955
0.024399897,0.00039845705,0.0015155452
-0.01792883,-0.0034285598,0.0009162887
0.019244699,-0.004600074,0.00013635366
-0.017652737,-0.0048170723,-0.0035340593
-0.0069115525,0.0014577247,0.004183161
0.0009279472,0.00064791366,0.00087321416
0.01880678,-0.0011056848,-0.00048848125
-0.0042249537,-0.0005053468,-0.00043337303
0.013903426,-0.0009735264,0.0003363213
-0.010429377,-0.0021647923,0.00039758845
-0.0075467024,-0.0012080632,0.002982782
-0.026679825,-0.0005363226,-0.0001768471
0.0028960665,0.0036177747,0.0039793923
0.0032905126,0.0031496622,0.00012853381
-0.01800527,-0.0026571453,-0.0017792222
0.008247505,0.0023879968,0.0048870016
-0.0034477725,-0.0011174418,-0.0016112502
-0.014246021,-0.0007636808,0.00055126694
0.0041291453,0.00089650974,0.0020549488
0.03509009,-0.0018451884,-0.001107411
0.018539384,-0.0015176646,-0.0008316013
-0.014496494,-0.000833448,0.0015836144
0.008377236,-0.002647698,0.0021396703
-0.014914626,-0.0045605376,-0.0031734563
-0.01387872,0.0027729906,0.004618937
0.013266002,0.0045769513,0.0022101915
0.014089155,-0.0004500337,-0.0011188852
0.0026214637,-0.001428593,-0.0019542924
0.018694036,-5.755201e-05,0.0031818503
-0.005454001,-0.005089745,-0.004352698
0.015483832,-0.0012484603,0.0020036767
0.011944123,-0.004049521,-0.00030135928
-0.009103446,-0.0030162483,-0.002766923
0.006969466,0.0009276606,0.0050529297
0.00830559,-0.004629161,-0.0032159442
-0.0122933,-0.00041379407,0.0012755814
-0.003980319,-2.5656074e-05,0.0013326139
0.019790743,-0.0014523454,0.00042613433
0.009889882,-0.0027473643,-0.0022252132
0.015644206,-0.00062319636,0.0004918473
0.0077016638,-0.0027209707,-0.00045994495
-0.0032496436,-0.0035689138,-0.0002546984
-0.011290288,-0.0021579787,0.0023351922
0.0054959035,-0.0017414875,-0.0001655498
-0.015972337,3.4045428e-05,0.0006664139
-0.0075911605,-0.0001317747,0.00035426323
-0.004353215,-0.000118952245,0.0012951044
0.034103632,0.00032861903,0.0021894677
-0.0021139819,-0.002856288,-0.002438578
0.00012099154,-0.00041382387,0.0014535784
0.007504724,-0.0019526146,0.00041639333
0.0069682444,-0.00310456,-0.0008532454
-0.005846274,-0.00044582784,0.0016722626
-0.009780916,-0.00094464794,0.00074285077
0.0018785454,-0.0008754954,0.00014318217
-0.009435659,-2.097711e-05,0.0011614873
-6.1120874e-05,0.0019658431,0.0038318608
0.028395269,0.0008615963,-0.00025450886
0.0075410544,-0.0026111417,-0.0025421379
-0.0005303886,0.00013322756,0.0009846919
-0.006191421,-0.0018085092,0.00043265507
-0.006467286,-0.0021816157,0.0019945968
-0.009913429,0.00015063956,0.00037118653
0.046926923,0.001344312,0.0012902078
-0.00040333768,-0.0023558997,-0.002910299
-0.009971157,-0.00042641535,0.0013528408
0.010420872,-0.002352897,0.0015204267
0.0010947364,-0.004890576,-0.002848651
-0.006791325,0.001087781,0.0021562076
-0.0028973748,-0.0001825057,0.001335504
0.0,-0.002519533,-0.0019269118
0.0036031562,0.00016217679,0.0026170223
0.01366611,-0.0023092218,-0.0017071702
0.00062839536,-0.0019824617,-0.0013727844
-0.0054807416,-0.0009713955,0.0028795777
-0.015154991,-0.003907811,-0.0005305867
0.001632075,-0.0005787127,0.0020947722
0.006692325,0.0010667183,0.0016829045
0.014104787,-0.0028073378,-0.0034685556
0.010659582,-0.00020392239,-0.002467991
-0.0002820251,-0.00052588806,0.003030316
0.016022546,-0.0062510595,0.0012582326
0.0047753938,-0.00551302,-0.0029579825
-0.0075711254,-0.0001135394,0.00035547756
-0.0020603358,-0.00042924657,0.0026429908
-0.0077562598,-0.0033207946,-0.0014569
0.015465076,-0.00050227717,0.0015273619
0.0021598237,-0.0015435629,-0.0005569869
0.01563874,-0.001222901,0.0005260507
-0.0026116532,-0.0026845671,-0.0015666443
0.0034913502,-0.0022620484,-0.0001716452
0.011198682,-0.0031552203,0.0007147458
-0.0058598807,-0.0034803934,-0.00090712425
0.00048667716,-0.00083041564,0.0023462682
-0.0056753033,-0.0013361201,0.0010428351
0.016525295,0.00050601736,0.001903825
-0.0017112691,-0.000890214,-0.0010592281
-0.00755297,4.897639e-05,0.0027495723
0.015059066,0.0008048937,0.0004931296
0.006327781,-0.0034130104,-0.0037091596
0.001796546,0.0006852783,0.0030179673
0.02310251,-0.0020461418,-0.00060853455
-0.0077846805,-0.0037136488,-0.0025487242
-0.005871375,-0.00080381706,0.0015505794
0.0025087323,-0.0024263412,0.0012353298
-0.005891272,-0.000838127,0.0017901112
-0.010855843,0.00088874623,0.0008947433
-0.002810025,-0.00045932457,-0.0005109045
0.008985551,-9.8440796e-05,0.0009085921
0.004057485,-0.00086477026,-3.9506587e-05
0.00078728434,-0.0020629317,-0.000981261
0.01730559,-0.0015671737,0.0019005374
-0.0013403256,-0.0038181134,-0.0014943075
0.0070717516,-0.0017689057,6.6255336e-05
-0.010097392,-0.0018957108,0.0011868544
-0.006161665,-0.0015872158,0.0015775836
0.004220056,-0.0015549138,-0.00065685087
0.0045135934,-0.0007666312,0.0003875364
0.00454501,-7.900968e-05,0.0012714295
-0.0065809707,-0.0014110617,0.00053791667
0.013507921,-0.0020072348,-0.00036049023
0.0031659864,-0.0022303872,-0.001090651
-0.0042758784,-0.000842195,0.0016051065
-0.015489999,-0.0027092397,-0.0005185531
-0.0073216516,-0.00019304082,0.003878595
-0.04802005,0.00014185533,-7.715251e-06
-0.017253691,0.0014582016,0.0014020748
0.0053116963,0.0023585074,0.0010885171
-0.008954397,0.0005213432,0.0023991344
-0.001234644,0.0024973825,0.0036980321
-0.001011451,-0.00071578845,-0.0005370588
0.00939318,0.0004728213,0.0017970002
-0.011200322,-0.0010509826,-0.001221539
-0.004959085,-0.00025629625,0.0030368357
-0.014555175,0.0008100234,0.0018459274
0.0028161234,0.00018331409,-0.00012824242
0.00773678,0.001235988,0.0010743189
0.0079049105,-0.0012776069,-0.0013596634
0.021948878,-1.661107e-05,0.002891879
-0.026170442,-0.0037996136,-0.0026023535
0.012643132,-0.00069047883,0.0038167697
0.0088460995,-0.002613578,-0.001255372
0.02181027,-0.0017220341,-0.0015505855
0.019172274,6.628409e-05,3.4305034e-05
0.001172402,-0.0021267496,-0.0005086394
0.008463361,-0.0042047985,-0.00025541877
0.0012667066,-0.0041022003,-0.0009189944
-0.035793323,-0.0015103556,0.0013075236
-0.02924939,-0.00045748428,0.0016999874
0.00349175,0.0012163706,0.0013395174
0.0066225613,0.0011491813,0.0010238499
-0.017060647,0.00017498434,0.0009426004
-0.0118547715,0.00071443245,0.002820207
0.008782497,-0.0011803582,-0.0004477637
-0.004153926,-0.0013886355,-0.0004145106
0.016913358,0.0018311031,0.004976077
0.0061808513,-0.0016357563,-0.0014072384
-0.019992191,-0.0010194741,0.0004951763
-0.008889468,0.0015820898,0.0028219812
0.0049445215,0.0019272678,0.0017925861
0.007380334,0.0011728443,-0.0002094683
-0.023398427,-0.00065823644,8.805294e-05
-0.008897499,0.002102036,0.0039910963
0.0015256103,-0.00012210384,-0.0015811292
0.0030464835,-0.001103323,-0.0006896402
0.014835542,0.001304552,0.0030763655
-0.0077698193,-0.0014452226,-0.00026898237
0.0073086414,-0.0004579574,0.0026399114
0.007197973,-0.0025387667,-0.0022687782
0.014750454,-0.00070437416,0.0011796419
0.0084511805,-0.001345899,-0.0010224055
-0.0033521766,-0.0022929572,-0.00068592443
0.007904051,-0.0026086718,0.00037557667
0.0050611994,-0.0033122115,-0.0008886161
-0.010292737,-0.0013265908,0.0014959269
-0.00072689337,-0.000956703,0.0017533416
-0.008784732,-0.0024860986,-0.0017814881
-0.00739485,-2.278015e-05,0.0018466371
-0.0021609964,0.002016794,0.0040332507
-0.014704216,0.0012773462,0.001027527
0.0006940948,0.0035350062,0.0024024502
0.0025433667,0.002030991,0.00063334673
-0.013491676,-0.0013029985,-0.0011816646
-0.024605533,0.0019053072,0.005250497
0.007969332,0.0028482042,0.00037799077
0.012305267,1.943484e-05,-0.00066351856
0.0028187856,0.00079711154,0.001350816
0.018738637,-0.00083980337,-0.00084807666
0.020693257,-0.0024527647,-0.0019194328
-0.005181131,-0.0025932528,-0.0024479507
0.014605163,-0.0029469393,0.00026839483
0.014450771,-0.0056403168,0.000347044
0.0058848974,-0.0039336085,-0.0005873663
-0.002624505,-0.0018297695,0.00057094224
0.021873746,-0.0014066957,0.0020058304
-0.008583643,-0.0045108236,-0.004073642
0.014285711,-0.00022957101,0.0019732912
0.0030409307,-0.0040785186,-0.0023849334
0.009042137,-0.0020125099,0.00012476376
-0.00010544658,-0.0023152865,0.002347117
0.009278267,-0.0038250498,-0.0016817229
-0.004230857,-0.001546327,-0.00011906063
0.003514468,-0.00069762766,0.0023329125
-0.007004319,-0.0023930147,-0.00059027993
-0.0009475598,-0.0014762171,9.0016285e-05
0.003214082,-0.00018145144,0.0016333963
-0.0054096575,-0.0010540597,0.00052260596
0.0030627968,-0.0012289025,-0.00012329157
0.0067913057,-0.001261156,0.00019070553
-0.009464614,-0.0013768561,0.0003770715
0.02106322,-0.0009339228,0.0021168855
-0.0056870584,-0.0020983592,-0.0001708141
0.010139335,-0.00037175044,0.001350358
0.007412377,-0.0019538328,-0.0018687472
-0.012927362,-0.0014458857,2.7417555e-06
0.007920148,-0.0019205138,-0.00042517018
0.01669149,-0.0028597303,-2.9184564e-05
0.00075769797,-0.0029642023,-0.0010643698
-0.0027257246,-0.0018912889,-0.00032993942
-0.008503355,-0.0029706545,0.0011620596
0.0053601665,-0.0034514554,-0.00012457737
-0.010713926,-0.0021054111,1.3747544e-05
-0.00076994894,0.0009917282,0.0048635965
-0.0055474965,-0.0031571053,-0.003162375
-0.0028409248,-0.000627514,0.00083864643
0.00051795307,0.00033906102,0.0016676006
0.0022262903,-0.0023985058,-0.0006483877
-0.012495386,-0.000828173,0.0010240388
-0.015472321,-0.0028328411,0.0016355009
-0.03149454,-0.003191676,-0.0017822885
0.009065858,0.0012921244,0.003340441
-0.0050130486,-0.0013796948,0.00087144715
-0.023751913,-0.00038181618,0.0017757998
-0.003284117,0.0013725795,0.0041569103
0.0059174877,0.0017853491,0.0016828843
-0.006952292,-0.0027103834,-0.0035742691
-0.0057893004,-9.17092e-05,-0.00035507185
0.00067703193,0.0003372617,0.0034847772
-0.0026388755,-0.004746232,-0.00083821523
-0.007598339,-0.0025673881,-0.0012514115
-0.004306842,0.00010700151,0.0026315802
0.014418168,0.00014192984,0.0036404992
-0.0077833766,-0.0037345998,-0.0032770121
-0.012005523,-0.0009502396,-0.0014043713
0.0024855055,-0.00020704046,0.002033011
-0.001239619,-0.0027680583,0.0017962033
0.0008274384,-0.0012646876,0.0014951541
-0.0036516383,-0.0022498071,-0.0020288217
0.028282942,0.0008366592,0.004093481
0.022528622,-0.00041146204,0.0005784057
0.011048948,-0.0023037903,-0.0011552251
-0.007415595,-0.0017767809,-0.0014991045
-0.010026862,-0.002250187,-0.0006820379
-0.010128418,-0.0025704242,0.0005646184
0.011903957,-0.00022059307,0.0032374884
0.0045601907,3.3121556e-05,0.000224085
-0.008750012,0.0020757727,0.0037486518
0.009291891,0.0018840544,-0.00030750077
0.004208584,-0.0028295293,-0.0029016386
0.010280872,0.0013653003,0.0043231985
-0.0024630858,-0.0019931905,-0.001844842
0.008901952,-0.0017965399,-0.00010655855
-0.005731947,-0.00045506284,0.0013148603
0.01088219,-0.0021250956,-0.0012047582
-0.0049980697,-0.0019836314,-0.0010407951
-0.015133991,-0.0010427423,0.0019921889
-0.02177458,-0.00065113977,0.002981419
-0.015040106,-0.0017429814,-0.0017279459
0.016016291,0.0039246343,0.005207205
0.0149621945,0.004616879,0.0026297483
0.012504173,-0.0013476461,-0.0008705413
0.0013649103,-0.0017195158,-0.0026305912
0.008048848,-0.0006091781,0.0027390833
-0.0069542937,-0.0054030083,-0.0042573772
0.012320023,-0.001169987,0.002134028
0.0041635227,-0.0033066608,5.5192504e-05
-0.01977423,-0.0027955323,-0.0024384584
0.010607177,0.0012816675,0.0053905398
0.017514495,-0.004165154,-0.002959932
-0.0030376597,-4.5478344e-05,0.0015171957
0.004506835,-2.9798597e-05,0.0012241168
-0.0015797789,-0.0021351874,-1.2225821e-05
-0.0005063407,-0.002880212,-0.0023345586
0.009181845,-0.001077164,0.000381877
0.0065884613,-0.0022388846,0.000103604514
-0.0039895237,-0.0026570484,0.00034830088
0.0063838046,-0.0014749356,0.002732696
0.004664179,-0.0019472726,-0.00027466682
-0.0016713357,-0.00027286634,0.0006379051
0.00062007754,-0.00079821795,-0.00030414655
0.006072597,-0.0009327717,0.00086681434
0.0020325317,-0.0006951429,0.0015743938
-0.006761363,-0.0028277002,-0.0024299475
-0.0025373085,-0.00067089126,0.0012642187
-0.009864725,-0.0010435171,0.0011471963
0.010151077,-0.0018670522,-3.0483992e-05
0.0032876295,-0.00021200627,0.0019487914
0.0041424395,-0.00046585873,0.0010946023
0.010282607,-0.00099767,5.732593e-05
0.0049975137,-0.0008433759,0.00072745397
-0.018799217,0.0005766414,0.0030663002
-0.07991352,0.00013364479,-0.00049658713
0.0151138585,-9.614602e-05,-0.0013550769
0.017138775,0.0012652911,0.0017146516
-0.013597108,0.0010994487,0.0031839192
-0.015631152,0.0008635931,0.0034117354
-0.012663312,-0.00023220852,0.00029873417
0.004546676,0.0018241107,0.0013002806
-0.003918137,-0.0010838136,-0.0019668334
-0.004204782,-0.00033022463,0.0018585512
-0.0027923698,-0.00015538186,0.0026275855
0.0011610311,-0.0034126602,-0.0019773596
0.0038201623,0.00044656917,0.0022510663
-0.003805624,-0.00010660291,0.0014497536
-0.02251179,-0.0022969209,-0.0018009346
0.0004188207,6.634742e-06,0.0027201555
0.0006278084,-0.0024470836,-0.0016657263
0.011642486,-0.0012694262,-0.00058972114
-0.0014472243,-9.3299896e-05,0.0031915798
-0.016425049,-0.003148917,-0.00019752543
-0.009612759,-0.00086883456,0.0019992949
-0.017924186,0.0008608699,0.0016344556
-0.007646787,-0.0022184514,-0.0030955554
-0.008141866,-0.00052927807,-0.0017087304
0.011140459,0.00049382076,0.004237474
-0.03276315,-0.0039624684,0.0021413541
0.025704382,-0.0029881708,-0.0014132813
-7.3021896e-05,-0.0008743815,0.00033825834
-0.010448691,0.00055107847,0.0035863451
0.007900815,-0.0025390424,-0.0012571961
0.008351644,-0.0016364455,0.0009875525
0.0039232294,-0.0013548061,-0.00048411393
-0.0032566,-0.001470264,0.00022588501
0.004211151,-0.0026770718,-0.0013051098
-0.015038695,-0.002324678,-0.0001630871
-0.0024957524,-0.0020990334,0.0014459495
0.020236956,-0.0031014942,-0.0005160938
-0.005914542,-0.00058307126,0.0024719373
-0.006965656,-0.0005011037,0.0016002541
0.0040187277,-7.297099e-05,0.0015251806
-0.0108435005,-0.00096431,-0.0010288106
-0.00713656,0.00090143457,0.0030018254
-0.01741379,0.001659859,0.00090054376
-0.0006788205,-0.0023477674,-0.002803419
0.0054335617,0.00119045,0.0034544424
0.011258726,-0.0007638931,0.00024504683
0.0020782216,-0.002615653,-0.0017457637
0.019331906,-0.00095621124,0.0015672945
-0.0026885273,-0.0024069212,0.0010827587
-0.012750455,-0.0014630593,0.0016322852
-0.007453834,-0.00030422583,0.00026090816
0.00803035,-0.0007147379,-0.00077746133
-0.0043520806,-2.5074929e-05,0.00090662163
-0.010297818,-0.00067703053,0.00012625195
0.018115114,-0.0023590885,-0.0010057604
-0.008675779,-0.001457464,0.0019022927
0.012979307,-0.0024401061,-0.0006645438
0.008053821,-0.002294641,-0.00021751551
0.03275719,-0.0014213286,0.0015698364
0.010900929,-0.0021693222,0.00087417185
-0.0038960122,-0.002815526,-0.0012968637
-0.01082545,-0.0021791905,-0.0007598876
0.0019062981,-0.0016521029,0.0004851908
0.048978243,-0.001476083,0.0005025319
0.013436344,-0.0022063442,-0.00071314094
-0.0084189875,-0.001489576,-0.0010775144
-0.006952858,-0.0027285106,0.0004091448
0.0056551206,-0.0044192113,-0.0011982825
-0.0022091432,0.00041375682,0.0037156257
-0.008856137,-9.0159476e-05,3.6951038e-05
0.017599717,-0.00051669404,0.00030650088
-0.0047229873,-0.00030122325,-7.265853e-05
0.0076861996,-0.00088519976,0.0012020087
0.0044438425,-0.000315506,0.0020176012
0.004886359,-0.0019419454,-0.0010621711
0.00059148116,0.00016894564,0.0012827084
-0.0009851523,-0.0014768951,-0.0014773966
-0.0037469899,-0.00044553354,0.0026466888
-0.01009567,0.0005193427,0.001901991
0.0007998608,-0.00025141612,-0.00036079297
0.00013323747,0.0008250885,0.0009292114
-0.012786348,-0.0012191981,-0.001398863
-0.0078251725,0.0001966618,0.003228795
-0.0030595385,-0.0028000586,-0.0018297906
0.00040917654,0.0007929951,0.004286208
0.0050445856,-0.000177484,-0.000100365956
0.0010852857,-0.0022011772,-0.0015464053
0.004946209,-0.00010866299,0.00044418313
-0.009169367,-0.0019567274,2.1985848e-05
0.008437604,-0.0029681884,0.00060880545
-0.014169979,-0.0028617792,-0.0001840897
-0.0033539047,-0.00049766153,0.0020737406
0.022663299,-0.00041249022,0.0014868544
0.00073870533,-0.00059629977,0.0008206423
0.00013413644,-0.00063344464,0.00015692119
0.0015432837,-0.0014491118,-0.0007197412
0.012661615,-0.0008239746,0.0018122119
0.016406428,-0.0021187738,-0.00086034334
-0.009893285,-0.0020547472,-0.0010469898
0.011964288,0.00018905476,0.004133828
-0.0029231969,-0.0027876608,-0.0019059535
0.0007817781,-0.0004550442,0.00062734593
-0.0011718504,0.0017766915,0.0027482111
-0.0044970815,0.001178287,0.0018904316
0.012504834,0.00070063025,-0.00050837523
-0.0047849356,-0.0009761639,-0.00040896144
-0.0050678886,0.0015023239,0.0037597788
-0.0057467828,-0.0008043684,-0.0017611908
-0.020952396,-0.0016700439,-0.0011331639
-0.005434037,0.001138337,0.0030948736
-0.005531247,-0.00066098943,0.0002450195
0.0017636152,0.0013176315,0.0034356492
-0.0016250625,-0.00090609863,-0.0013039415
0.0053578066,-0.00056237355,0.0016432405
0.005868828,-0.00088634714,-0.00066091004
-0.001475429,-0.0019386299,-0.0002933591
0.003022345,-0.0018809177,0.00074917777
-0.00696393,-0.0028898232,-0.0005979965
-0.0022926254,-0.0011711754,0.0017181108
-0.00493384,-0.0006917007,0.001806755
0.013244563,-0.0018840767,-0.0013829893
0.0006703721,-0.00031054392,0.0015155454
-0.02518753,0.001033768,0.0038250233
0.0048789955,0.00075339526,0.0007895697
-0.010257813,0.0029817335,0.001720371
0.010916892,0.0020641722,0.0011141216
-0.007176564,-0.0010176562,-0.0014559561
-0.00041303565,0.0012981407,0.0051859682
-0.043181848,0.0013218187,-0.00013968768
0.021305744,0.00039641932,-0.0002789431
-0.0050039236,0.0010404177,0.00074415957
0.009137332,-0.00082984567,0.0001949534
0.00554498,-0.0013427325,-0.0013109788
-0.012843755,-0.002567958,-0.0019414509
-0.0015556585,-0.0025223866,0.0008010259
0.0067989146,-0.004358012,0.0011869362
-0.0009144969,-0.0031357706,5.9289567e-05
-0.028092695,-0.00089822337,0.0012908735
0.0039843745,1.8291175e-05,0.0028776415
0.0003607984,-0.0036328882,-0.0033332964
-0.00418351,0.0005652793,0.0027212475
-0.0033318228,-0.0018881671,-0.0013051198
0.004941807,-0.0021377876,0.00041633815
0.00014466497,-0.0016393252,0.0028514036
7.2266856e-05,-0.0030807927,-0.0012598489
0.0030366436,-0.0011958554,0.00027035933
-0.0018741045,-0.0005568899,0.0023443096
0.0014443342,-0.0019819401,-0.00029932294
0.0030287602,-0.0016178228,-6.721576e-05
-0.007261446,-0.00041411817,0.0015927444
0.0030417016,-0.0011148117,0.0004926465
0.028086638,-0.0016217567,-0.00040206092
0.0071634543,-0.0014171489,-3.788038e-05
0.0051599625,-0.0014207289,0.00015308929
0.0029137249,-0.0023611113,0.0011515634
0.012519869,-0.0027108043,-0.00036891503
0.010862114,-0.000819277,0.00071337854
0.008853129,-0.0019345172,-0.0017126787
0.013129734,-0.0015515201,-0.00028345047
0.013224014,-0.0026726685,-0.0010485465
0.006917238,-0.0029301457,-0.0003510677
0.003758923,-0.003970992,-0.0016505357
-0.0054236283,-0.0028927065,-0.00083667715
-0.0040248972,-0.0026937723,0.0012893192
0.0011733016,-0.003367301,-0.0001320357
-0.012434919,-0.0020514503,0.00010906829
0.005933113,0.0010245107,0.0048244456
0.015400788,-0.0033220612,-0.0031999943
-0.0020653629,-0.0006952882,0.0005797622
0.001681605,4.446879e-05,0.0014046053
-0.000839391,-0.0032974742,-0.0013083634
0.014555386,0.00045661256,0.000118280295
0.018696748,-0.0051904805,-0.00012278161
0.001272028,-0.0062217824,-0.004385233
-0.0020870757,-0.00166158,0.0010987943
-0.005092276,-0.0039617233,-0.0005670027
0.002650519,-0.0025018193,0.00041308915
-0.032269765,0.00029466674,0.0034848987
0.032874886,0.0018643327,0.0020394279
0.04113089,-0.0040591583,-0.004478692
-0.010248824,0.00035826862,-0.0008396851
0.008496319,9.038299e-05,0.002922477
0.0143045625,-0.008112557,-0.0024875833
-0.026648225,-0.0034877993,-0.0021962274
-0.03822225,0.0006307848,0.0025428329
0.030406663,0.00044595823,0.0037104925
0.06745003,-0.003839884,-0.0031003547
0.044113938,-0.0002761148,-0.0015104956
-0.034443896,0.0016413629,0.00090724905
-0.019086521,-0.00660244,-4.781806e-05
0.024046173,-0.0061217584,-0.0006255148
-0.037919015,-0.0020721592,-0.002337443
0.001121215,0.0032164566,0.005309511
-0.011285365,0.00225297,0.00092693407
0.015335037,-0.00022887066,0.00011639274
0.01639066,-8.169562e-06,-0.00025081518
0.008611927,-0.0009881593,0.0003106722
-0.034069978,-0.0016818158,0.0006069354
0.00043333956,-0.0016322322,0.0029123193
-0.036036067,-0.0006295219,-0.00031428016
-0.007818073,0.0052592196,0.0047094543
0.022642875,0.004777614,0.0004836327
-0.014170632,-0.003202524,-0.0018108627
0.0068277977,0.002239477,0.0051151244
0.036405835,-0.0011741184,-0.00193637
0.009556613,-0.0019133203,-0.00038330932
0.010148344,-1.0188669e-05,0.0014082763
0.0043056323,-0.0033705644,-0.0023594631
-0.003530583,-0.0028925464,-0.0015888042
-0.018306041,-0.0016538575,0.0014660619
0.019592667,-0.0008801557,0.0029647637
-0.013569326,-0.0029587038,-0.002322865
-0.022641845,0.00237846,0.0050435513
0.0126759065,0.0048966147,0.0021606071
0.038846686,-0.00025953352,-0.0012465811
-0.015456149,-0.0018291734,-0.002145586
0.03671504,-0.0001991503,0.0034558561
-0.001872534,-0.0067548454,-0.0051386757
0.011745534,-0.0006300844,0.0019743862
-0.029345367,-0.0042447373,-0.0005514119
-0.012790705,-0.0031682514,-0.0024246033
0.03297996,0.0019398443,0.0053243246
-0.02647011,-0.0035174303,-0.0024636064
-0.005521593,0.0005858615,0.00235299
-0.020779012,-0.00017564371,0.00091295794
0.02963915,-0.0004281439,0.0011911887
0.018856922,-0.0023093298,-0.0020405964
0.005896333,-0.00049258024,0.00074987893
-0.0041520973,-0.0023970678,-0.00040021667
-0.017985586,-0.0041226707,-0.00034958986
-0.023310049,-0.001439739,0.0027181248
-0.024463031,-8.768961e-05,0.000516661
0.017911779,0.002062738,0.0017637708
-0.0010300665,0.00026303157,0.0005670892
-0.02766793,3.1929463e-05,0.0020124244
0.0027394623,0.00048884377,0.0020801988
-0.0050233514,-0.002925016,-0.0024084903
-0.009831714,0.0005836822,0.0020823977
-0.0046516173,0.00028022006,0.0017146089
-0.008358051,-0.0018109754,-2.5109388e-05
0.03670476,0.0003430657,0.0023621956
-0.008130084,-0.0008744933,0.0006557163
0.0013220652,-0.00089879707,0.0004925192
-0.026406126,-0.0010129251,0.00030249602
-0.0027122598,0.0012162067,0.0034849434
0.01241957,0.0014454313,-0.0002580192
0.012088095,-0.0019251294,-0.00184134
-0.0007077929,0.00044768304,0.0013155505
-0.006994186,-0.0009442121,0.00091658684
0.010074868,-0.0019135103,0.0021242532
-0.007414635,-0.0006385185,0.00011446321
0.032103162,0.0008485429,0.0011736036
-0.0026710113,-0.0021977983,-0.0031221088
-0.016501112,-0.00073010847,0.0011679954
0.013791351,-0.0018704496,0.0019337577
0.00043319835,-0.004484866,-0.0026007483
0.0054564113,0.0011689514,0.0023948916
0.04324235,-0.00029010698,0.0011670173
-0.0015688419,-0.0033682473,-0.002696423
0.03953026,-0.0005289875,0.0020708796
0.033572007,-0.0051318444,-0.0036169223
-0.02286023,-0.0021368228,-0.0025180138
-0.0031507988,-0.0023261607,0.0020708465
-0.016278192,-0.006073486,-0.0014669991
-0.022170411,0.00056213513,0.0023233714
0.07179822,0.0028084107,0.0022610137
0.04284507,-0.004511807,-0.004251075
0.003748418,0.0021497533,-0.0026185007
-0.023943795,-0.0018972568,0.0016188717
0.01147786,-0.009693753,4.0985877e-05
-0.0014833268,-0.0053488426,-0.0031836738
-0.0066850563,0.0015411563,0.0011062437
0.0015703785,0.0006776713,0.003140058
0.007988593,-0.002742879,-0.001217698
0.00881418,-0.0007305853,0.0013511193
-0.000587385,-0.0016220249,-0.00063122297
0.028577723,-0.0017116815,0.00013695846
0.012713369,-0.00314603,-0.0018071358
-0.0043726293,-0.0018734448,-0.0003511631
-0.00750866,-0.0035523474,0.00047047727
-0.008422011,-0.0043512844,-0.0011612695
-0.0029510432,-0.0005952865,0.0024345266
-0.013355516,-7.09109e-05,0.0016642708
0.016463013,0.0013645925,0.0023944983
-0.02051534,-0.0005743839,-0.0008351323
0.027412329,0.00051999465,0.003289387
0.04828326,0.0006820187,0.00019138717
-0.017195525,-0.0035507083,-0.0038806375
0.0013885784,0.00026280805,0.0025453917
0.002149328,-0.0044580735,-0.0017873468
0.0064342604,-0.0032208748,-0.0021940505
-0.022066452,7.384643e-05,0.0016980853
-0.013215167,-0.0013237335,0.0020249207
-0.005770035,-5.653128e-05,0.002041309
0.0070931446,0.0016044267,0.0012605309
-0.0213432,-0.000156153,-0.00018069975
0.009668522,7.3034316e-05,0.0013586339
0.027071744,-0.0009983964,-0.0003744755
0.00063099613,-0.0021219961,-0.0011016442
0.019335816,-0.0010394417,0.0019720425
-0.0068041612,-0.004778113,-0.0020807602
-0.018891398,-0.0022382624,-0.00018875691
-0.05459166,-0.0015788339,0.0014868104
0.01760669,0.00018534437,0.0024993578
0.014296277,-0.0001446791,-2.2479799e-05
0.012359894,0.00029208884,0.0016581931
-0.0074253413,0.0005316101,0.0011888369
0.051215615,-0.0019629858,0.00020433549
0.039619498,-0.0036260486,-0.0015819236
-0.0022378487,-0.001680512,-0.0016225392
0.0068606674,-0.0025085695,0.00018120144
-0.034724515,-0.0059094205,-0.0021278844
0.003257963,-0.00025700033,0.0037052364
-0.01454566,-0.00011126697,-0.00035409757
0.032404236,0.000817135,0.0012032301
-0.015760142,0.00032980368,0.00012778607
-0.019255394,-0.0010206588,0.0014779675
-0.0037889434,0.00017629936,0.0021589543
-0.039969563,-0.00093406066,-0.00069896854
0.022041328,0.0029965714,0.0028180622
-0.012756343,-0.0002949424,-0.0009252005
-0.013063977,0.000456471,0.0040777307
-0.0047739865,0.0023953654,0.0022080066
0.03684866,-7.088855e-05,-0.00025566248
0.042829107,0.00035020337,0.0007078946
-0.00618403,-0.0016589127,-0.0022051926
0.0010145004,-0.0013497211,0.0019084044
-0.037026998,-0.0065232627,-0.0036442566
0.012910442,0.0003084354,0.0038600857
0.007342737,-0.00087254867,-0.0005562372
0.03135743,-0.0014918149,-0.0009054532
0.0064675375,0.00024206564,0.0001088907
0.011990709,-0.0019482411,-0.0003019657
0.008051918,-0.004816409,-0.0005782158
-0.0024677243,-0.0037008487,-0.00077054347
-0.0027993487,-0.001497034,0.0012357006
-0.032314904,-0.0013285093,0.001119371
-0.0047223703,0.0003283806,0.001279118
-0.005558138,0.00039463863,0.00035512203
-0.018676337,5.4724514e-05,0.00079045596
0.004236998,0.0012440197,0.003071103
-6.912786e-05,-0.0008020289,-0.00023567275
-0.043715894,-0.0011208989,-0.00012834213
0.014611242,0.0021443628,0.0052553676
-0.018250499,-0.0007606298,-0.0011524847
-0.0053736507,0.0012333095,0.0019873176
-0.012995537,0.0037298463,0.0033848335
0.007249025,0.0025402643,0.0025640952
0.0030843664,0.0013060011,-0.00024912786
-0.018376123,-0.000946369,0.000111286994
0.0073090373,0.0021987297,0.003893977
0.023397036,-0.0006962456,-0.0017596423
0.001663983,-0.0016750284,-0.0011819976
0.007656176,0.00049123913,0.0024964027
-0.019998519,-0.0026524179,-0.00097174663
0.018870698,-0.00049926713,0.0025384892
-0.00014360569,-0.0024937578,-0.0022334382
0.00725154,-0.00033522025,0.0016536617
-0.0009979286,-0.0010705814,-0.0009771783
0.0089190155,-0.0022334345,-0.0004404221
0.0055162576,-0.002176743,0.00050908036
0.019834066,-0.0026940592,-0.00054324116
-0.026620694,-0.0017820485,0.0011231718
-0.0009919186,-0.0012707822,0.0018340253
0.012198591,-0.0028608479,-0.0020780682
-0.008898572,-4.4640154e-05,0.0017568483
-0.049628876,0.0019327626,0.0041386653
-0.0023060148,0.0021923073,0.0012508458
0.0008201656,0.005171519,0.0022134567
0.004991419,0.002704747,0.0017654478
-0.035507735,-0.0010056384,-0.0008621919
0.0056106043,0.0020262375,0.0055278083
0.0035157958,0.0022632591,-5.8959355e-05
-0.002056392,5.5428594e-05,-0.00021913968
0.010074085,0.0012532286,0.0011065875
0.02221373,-0.001168929,-0.0011286249
0.023800734,-0.0020665936,-0.0016609218
0.008952462,-0.0023588538,-0.0024851488
0.0043649417,-0.0031793304,-0.000112196314
0.009831896,-0.0057385266,0.00027215114
0.017567307,-0.0047762804,-0.0008870864
-0.0073493556,-0.0019189976,0.00047778073
0.052455086,-0.0009475909,0.0022386885
-0.0062383013,-0.0053995624,-0.004716251
0.028983546,-0.00011815503,0.001743889
0.00837223,-0.0057689063,-0.0033850234
-0.0036042838,-0.0023580343,-0.0005177811
-0.04017829,-0.002911877,0.0019997894
0.026785187,-0.003713254,-0.0013683874
-0.021760551,-0.0014349557,4.57539e-05
0.0015410099,0.0010263324,0.0037139896
0.0057532825,-0.0012140684,-0.0003153663
0.0031262555,-0.0014620386,0.00023669034
-0.018234866,0.00027782097,0.0017532442
0.008780245,-0.0010684021,0.0005686434
0.0028119856,-0.0017342307,-0.00050302804
0.012084374,-0.0007706471,0.00058311847
-0.021901129,-0.0012910739,0.0002216411
-0.01429831,-0.0012227856,0.0021425625
-0.009921294,-0.0012224279,0.0002498075
0.025501054,0.0009810664,0.0018551032
-0.0045151166,-0.0010055043,-0.0009898448
0.050230153,-0.00084326044,0.0007504047
0.013407257,-0.0027750619,-0.001544964
-0.001462891,-0.002325017,-0.00034659333
0.030256703,-0.005256977,-0.002348855
0.0012983272,-0.0040063486,-0.0016830654
-0.009817823,-0.0020019487,0.0011524712
0.0122848665,-0.004358653,-0.0006554907
-0.033327196,-0.0033021942,-0.00055511517
0.02848586,0.0013766736,0.0050552124
0.0040894956,-0.0042804293,-0.003653486
0.013761158,-0.00016881898,0.0010329292
-0.00042605348,-0.00016491488,0.0009033724
-0.0066379122,-0.0032754578,-0.0013259981
0.012046479,0.00034093484,0.00070573355
0.014841947,-0.0014344193,0.0011286698
0.025195563,-0.0065913536,-0.004481446
0.0028248155,-0.003089372,0.00051325944
0.008309808,-0.0035668425,-0.0007217763
-0.014806503,-0.0036831908,-0.00037772558
-0.039982982,-0.00073387846,0.0032163446
0.034854535,0.0020728596,0.0017579853
0.09219351,-0.003994558,-0.004215802
-0.023912216,0.000630077,-0.0012052585
0.002811335,0.0008599721,0.0029618398
0.0033373379,-0.011474047,-0.0036695215
0.0031931594,-0.0036625043,-0.0023775117
-0.039124727,0.0019548722,0.0023468873
0.037267145,0.00023382157,0.003971377
0.12628074,-0.004968472,-0.0038056916
0.04336009,-0.00079456344,-0.002799237
-0.02513873,0.0030515604,0.0003465095
-0.027993916,-0.010270439,-0.0018170823
0.026649179,-0.007495124,-0.0013813304
-0.014200921,-0.001829192,-0.0027350099
-0.017475538,0.002925668,0.005042278
-0.020790718,0.0020405836,0.0011093424
0.020250292,-0.00045786053,-0.00027184014
0.03392277,-0.00016360357,-0.00013271614
-0.008958658,-0.0006506741,0.00046479108
-0.05987319,-0.0013050064,0.0008378594
-0.019730292,-0.0016514845,0.0028935864
-0.022038259,0.0016718917,0.00032236194
-0.002084096,0.008218598,0.005481732
0.04098681,0.005047001,0.0012692875
-0.020815093,-0.004153792,-0.002119272
0.008707905,0.0013898425,0.0048259655
-0.00241202,-0.0024418235,-0.0025316253
-0.003690518,-0.0012456961,8.407945e-05
0.027462019,0.0009287149,0.001807606
0.013426084,-0.0024045445,-0.0015396343
-0.0044160085,-0.0014386848,-0.000924692
0.011705236,-0.0018986724,0.0012809606
0.039702863,-0.0024567135,0.0020732349
-0.015696427,-0.00390869,-0.0029443784
-0.016184703,0.0008923039,0.0041677607
-0.007983501,0.0024254061,0.0011240677
0.06633331,0.00025816634,-0.0012913273
0.025500325,-0.0025608055,-0.0026444474
0.07716323,-1.1976808e-05,0.0031479034
0.012836417,-0.0072254725,-0.0064096535
-0.01052738,-0.0020824373,0.00013373862
-0.009089942,-0.008204702,-0.002019665
0.017200058,-0.0046545677,-0.0036906914
0.027669573,0.0021609664,0.00501852
-0.023234962,-0.0036238395,-0.0028014176
-0.013680412,-0.0011326186,0.0013258399
-0.021219367,-0.0013511442,0.0006693434
0.016180191,-0.00023984537,0.0011442098
0.01862838,-0.0017669722,-0.0016533935
0.0013282069,-0.00047655404,0.0009441464
-0.014794455,-0.0017306283,5.193136e-05
-0.0071457624,-0.0037211925,3.3807475e-05
-0.03452597,-0.0012763999,0.0027754598
-0.00097230275,0.0006178878,0.0009705598
0.03255112,0.0014428943,0.001353649
-0.015186474,-0.0005160123,0.0003911194
-0.018079305,-0.00021996722,0.001659276
-0.0025994312,-0.0005597137,0.0013281419
-0.0036920009,-0.002823893,-0.002288029
-0.020490434,0.0007628165,0.001998967
-0.0010014906,0.00037216023,0.0019120894
0.0017821749,-0.0016690865,-9.437907e-06
0.0018901286,0.0004410632,0.002465994
-0.018643882,-7.0448965e-05,0.0011757446
-0.009725213,-0.00046667084,0.00055222964
-0.043051235,0.0003273636,0.0012800663
0.025536984,0.0035014674,0.0045354627
0.017454037,0.0017777197,-5.021086e-05
0.022072282,-0.0021664463,-0.0014452871
0.0035806163,0.00045754388,0.00066978333
0.002452907,-0.0018803887,0.00031326216
-0.09220332,-0.0029866584,0.0015430204
0.06113695,0.0018560141,0.0013281592
0.037293565,0.00087656453,0.00035925867
0.05788073,-0.0016299523,-0.0010420431
0.00021040239,0.0006885901,-0.00013094657
0.020618547,-0.00356552,0.00054599106
0.00082459114,-0.007953819,-0.004653588
-0.0189495,-0.0011279695,0.0010365932
0.022464827,-0.00072839484,0.0009351377
0.041889135,-0.0032155626,-0.0024101522
0.022368906,1.0818243e-05,0.0021436603
0.04028916,-0.002815742,-0.0027037133
-0.019549714,-0.0034693591,-0.003294442
0.020601023,-0.0031466372,0.0018757165
0.0011111365,-0.006620668,-0.0019006161
0.0013872909,-0.00072040036,0.0018028748
0.11157294,0.0003574267,0.001125661
0.05550478,-0.005584173,-0.00577785
-0.013855012,0.0037291534,-0.0039571086
-0.056358248,-0.0051293857,0.00038713176
0.010659015,-0.011546735,-0.00034567853
-0.013476191,-0.004008759,-0.0028342712
0.0005939224,0.0039485805,0.0023518044
0.053421546,0.0020975657,0.0036311073
-0.051517356,-0.003033366,-0.0016134693
0.027327515,-0.0006757863,0.001947015
0.031970218,-0.0041952245,-0.0020124002
0.03418191,-0.0008870214,0.00034441438
-0.03607093,-0.0015266687,-0.001855969
0.022484567,-0.003357187,-0.00058917236
-0.024267681,-0.0057361387,-0.00033469626
-0.03348355,-0.0018907227,4.498975e-05
-0.009576961,0.0006453693,0.002877252
-0.057344653,0.0009178482,0.0020984812
-0.012576966,0.0049027093,0.0039049487
-0.0062330156,0.0030213408,0.00041774946
-0.022725206,0.0021109097,0.0045508062
0.026788179,0.004275035,0.0022725328
-0.0019929453,-0.0030033775,-0.0031173616
0.00971226,0.0008554645,0.0036268285
0.02400221,-0.0018676482,-0.0007594876
0.016767588,-0.003599219,-0.0025096338
-0.016145768,-0.0009008087,0.0010543948
-0.00412456,-0.0028549954,0.0011452562
-0.0027318045,-0.0017817579,0.0012666464
0.0036229007,0.0008091442,0.00079917326
-0.019897887,-0.0003619641,-0.0004977427
0.029284963,-8.153543e-05,0.0011291126
0.011694853,-0.0014480315,-0.00065591594
0.00017256963,-0.0018278919,-0.00097411254
0.020527836,-0.0018641986,0.0015384569
-0.0032961408,-0.0047543794,-0.0019779222
-0.01271941,-0.001777228,-7.460371e-05
-0.053079106,-0.0017512031,0.0013961467
0.0063491785,-0.00028964505,0.0023360038
-0.0030644105,-0.00010731816,-7.674424e-05
0.021607444,0.00074417517,0.0018413686
-0.025752245,0.00073439255,0.0013983718
0.009174332,-0.0011450127,0.001039396
0.01674168,-0.002515126,-0.0008136247
0.012747897,-0.0016734153,-0.00065387774
0.027972002,-0.0005272478,0.0014132597
-0.070153065,-0.0034931563,-0.0012734889
0.03475083,-0.00096734986,0.0041812705
0.023596978,-0.0025029182,-0.0013335126
0.008547728,0.00073190406,0.0010426417
-0.030648012,0.0010390095,-0.000101111014
-0.024375184,-0.0015268587,0.00048814772
-0.0021725162,0.0001979433,0.002303103
-0.024131395,0.00041629374,-7.891952e-05
0.040996596,0.0026281513,0.0029884693
-0.005626048,-0.000887081,-0.0012201811
-0.03735964,-0.00033255294,0.0034464377
-0.025655378,0.0011987947,0.0018076428
0.009670571,0.0010144077,-0.00031498517
0.026268415,0.0026358701,0.0017058578
-0.023655493,-0.001158271,-0.00093885604
0.03568045,9.0200454e-05,0.0033400704
-0.06972491,-0.0050749443,-0.0031876746
0.004420402,0.00078881904,0.004936942
0.0035207884,-0.00088621303,-0.0008611805
0.03225804,-0.0006369129,-0.00038970332
0.0063255117,0.001362022,0.0007016696
-0.008162071,-0.0013840012,1.29728e-05
0.035281837,-0.004500676,-0.00021915743
0.012151685,-0.004150063,-0.0010680968
-0.013540351,-0.00081408396,0.00139602
-0.024615688,-0.0019496568,0.0007771808
-0.0046908716,-0.001014974,0.00051062193
-0.007257957,0.00032011792,0.0003051283
-9.4969015e-05,0.00017631054,0.00072431285
0.022789873,0.0008009486,0.0027227553
-0.010026941,-0.001602482,-0.00059289683
-0.048204064,-0.0016228892,-0.0005408705
0.008670853,0.0011352338,0.004631296
-0.0074240705,-0.0008520819,-0.001098173
-0.012498812,0.0017108507,0.0020614532
-0.042156626,0.0038367696,0.0036821028
0.0009363889,0.0037543364,0.0028546937
0.012266116,0.0027929805,5.2383286e-05
-0.014582031,-0.00046419725,0.000839847
0.021988334,0.0026612543,0.00438943
0.04782301,-0.0008090511,-0.0020641948
0.000583861,-0.0022281222,-0.0018389651
0.0043765507,-8.662045e-05,0.0019157311
-0.03088985,-0.004195776,-0.0017760389
0.039868083,-0.0006798692,0.0023561693
-0.011146306,-0.0030123293,-0.002460681
0.04207554,-0.000115226954,0.0020402474
-0.002517686,-0.0020332672,-0.0018243485
0.019070776,-0.0020948611,-0.00058478885
-0.006421471,-0.0035797767,-0.00045099063
0.004431755,-0.0032946207,-0.0008430956
-0.034010522,-0.001783669,0.0010717553
0.013036472,-0.0005220026,0.0021999094
-0.012399021,-0.0021757707,-0.0017056323
-0.028248062,0.00046824664,0.0024982593
0.002251183,0.003169898,0.0043455167
-0.0057617575,0.0020675622,0.0010422536
-0.017679948,0.0041948967,0.00280075
0.016598301,0.002598133,0.0010532713
-0.055178527,-0.0012635626,-0.001528501
-0.024880277,0.002009537,0.006139964
0.029465167,0.0053372607,0.00047481968
-0.002592554,0.00038353726,-4.02148e-05
0.024121435,0.0017310046,0.0020182393
0.0968528,-0.000616584,-0.0015222665
-0.0019437161,-0.0025878958,-0.0031218934
0.04099043,-0.00093058124,-0.0029379947
-0.004454343,-0.008270379,-0.0026046329
0.0152125005,-0.005812023,-0.0002005882
0.0012340185,-0.0054385886,-0.0016118176
-0.00088034576,-0.002328422,0.000543794
0.044937868,-0.00057890266,0.002120019
-0.015178308,-0.004747618,-0.004261843
0.026457714,-8.555129e-05,0.0019662566
-0.015682327,-0.005556289,-0.0031462542
0.01550849,-0.0019730814,0.00017846946
0.0065926807,-0.0027339049,0.0020585759
0.007544321,-0.0033866428,-0.0014813952
-0.019501317,-0.0011038482,-6.737141e-05
0.028113447,-0.0009495057,0.0023592934
-0.0016325571,-0.0029683374,-0.0009461335
0.0027798542,-0.0010883175,0.00028108593
-0.005218095,-0.00072712824,0.0011279867
0.015080701,-0.0017427728,0.00018296158
-0.02171978,-0.0017552115,-0.0006319372
0.0018982809,-0.000969097,0.00060342095
-0.023230907,-0.0016054176,0.00015739136
-0.0016024496,-0.0001668632,0.0027307281
-0.013177881,-0.00020796433,0.0006640488
0.09887002,0.00077547133,0.0020880017
0.004284514,-0.0031796955,-0.002355672
0.04258459,-0.00033932552,0.00013088691
0.023807729,-0.00606627,-0.003387721
0.0042148232,-0.0040880702,-0.0017277831
-0.0013749362,-0.0047571734,-0.002632511
0.008333289,-0.004129559,-0.0014282938
-0.0017966224,-0.002993878,0.0009433846
0.008999281,-0.0030788258,-9.8142074e-05
-0.033392742,-0.0026293732,-0.0002989422
0.032774802,0.0005688034,0.004857367
-0.0022156925,-0.0046542995,-0.003766677
0.027292244,2.1025538e-05,0.0011292045
0.018548243,-0.0005309023,0.00063290657
0.01841574,-0.0032271221,-0.0015795957
0.013919775,-0.0010508634,0.00050760526
-0.0035417015,-0.004598275,0.00069496955
-0.0072917454,-0.0038436614,-0.0025987204
0.0029898034,-0.00064926967,0.0020297812
-0.008501076,-0.002825316,0.00011123833
-0.01866973,-0.0014754422,0.0009797122
-0.008926267,0.0007898286,0.0038781066
0.0046177595,0.0020278096,0.0018463836
-0.008623268,-0.0027196184,-0.0035895773
-0.0048664175,-0.00015987828,-0.00023757457
-0.0121679,0.00052118674,0.0035793446
-0.00647074,-0.0043382943,-0.00057162566
-0.0048258435,-0.0025526434,-0.0011211443
-0.008121418,0.00055607036,0.002938386
0.0032195142,0.00075206906,0.0039633606
-0.023732133,-0.003330905,-0.003068386
0.0004869734,-0.00094333664,-0.0010332031
-0.0055165724,0.00022520125,0.0022707158
-0.005383987,-0.0016902052,0.002436893
0.0006151072,-0.0012105294,0.0015342113
-0.015573783,-0.0023187436,-0.0019249369
-0.00083262677,0.0014146157,0.0044589685
0.010416667,0.0010792725,0.0011676791
0.0047835205,-0.0012481846,-0.0004894668
-0.010793749,-0.0005691834,-0.00040775607
-0.0039828713,-0.0011841394,0.00016949628
-0.024367917,-0.0017249696,0.0009147966
0.026940472,0.0002325736,0.0036319448
-0.009520614,-0.00038681924,-1.6040402e-05
-0.008730699,0.0022944994,0.004174997
0.006182213,0.0025666952,-0.0004399944
-0.016665228,-0.0028280802,-0.002659091
0.0033809522,0.0021265224,0.0048088096
-0.011900163,-0.001011312,-0.0015061023
0.019554514,-0.0007319711,0.00066239014
-0.006139112,0.0004074946,0.0016931992
0.00029816845,-0.0017570667,-0.00084920414
0.0012776417,-0.0019415878,-0.0010035266
-0.027178764,-0.0012749098,0.001841832
-0.0012679632,-7.295236e-05,0.0033793475
-0.011557149,-0.0021683723,-0.0019826076
0.009212108,0.0032613203,0.005301225
0.02330275,0.004506629,0.0023298461
-0.011150146,-0.0016680546,-0.0013067566
0.018735329,-0.0013257824,-0.00225312
-0.001404796,-0.0003697537,0.0024746777
-0.020377772,-0.004270371,-0.0036893964
0.021454407,-0.001438804,0.002244586
-0.007540918,-0.0036622472,6.0139224e-05
-0.013393411,-0.001981005,-0.0018776881
0.014227926,0.001505021,0.005338369
0.02114969,-0.0039706863,-0.0028330607
-0.00533548,-3.8739294e-05,0.0014161125
0.007264746,-0.00037370995,0.0010879256
0.010692733,-0.0023953356,-0.00020675414
0.0019499698,-0.0031034574,-0.0025359306
0.0010351967,-0.0010421015,0.00022873393
0.011127207,-0.0027573109,-0.00014094636
0.0126411235,-0.0031197257,7.68117e-05
0.023593085,-0.0014314651,0.0026005483
-0.00019729168,-0.002566997,-0.0006322947
-0.0095531875,-0.0012007318,0.00014244931
0.0021123905,-0.0015696101,-0.00086029805
-0.007676064,-0.0011553057,0.00071958173
0.007775561,-3.868714e-05,0.0019971142
-0.005727022,-0.0026979558,-0.0023542375
-0.007719971,-0.00037512556,0.0015793422
-0.007981662,-0.000704024,0.001260732
0.00048766864,-0.0019767024,-9.905017e-05
-0.0111693265,0.00017846003,0.0021873927
0.0016429552,0.00013963506,0.0013851203
0.0024194058,-0.00038132444,0.00041398787
0.0017181353,8.139759e-06,0.0013691597
-0.024788631,0.0014363192,0.0034579232
0.006448883,0.00092482194,-0.00010504376
-0.0024964253,-0.001958251,-0.002412828
-0.0035038441,0.00037163123,0.0017396987
-0.012264515,-0.00019626692,0.0014248842
-0.028223943,-0.0006648414,0.0027502042
0.0112511525,0.0015130825,0.0010159975
0.020009484,0.0015719198,0.0013209973
-0.008075101,-0.0015626028,-0.0019563308
-0.00080983056,-0.00046583638,0.0013876413
-0.0013649792,-0.0016311258,0.0018909944
-0.0077741547,-0.003723219,-0.002199495
0.002841292,0.0007633902,0.002302134
0.0024898127,-4.422292e-05,0.0014391821
-0.024193868,-0.0021662153,-0.0016867765
-0.012550468,0.00019383803,0.0028601917
-0.003510837,-0.0022581555,-0.0015864116
-0.0036123516,-0.0013579242,-0.000500567
0.0025512816,0.00064026564,0.003787256
0.0020090046,-0.0024693422,0.00012286563
-0.013901244,-0.000503432,0.0021975636
-0.017440813,0.00073095784,0.0017244952
-0.0024372942,-0.0027519986,-0.003573693
0.0073756794,-0.00074477866,-0.001951922
0.009701163,0.0005341992,0.0039706314
-0.028914524,-0.004314568,0.0019488025
0.017734649,-0.0040354133,-0.0019447759
0.017471442,-0.0010114163,0.0002380663
-0.0029745973,0.00043025985,0.0032401658
0.0001356061,-0.0026324056,-0.0013060786
-0.0022147142,-0.002160143,0.0007070963
-0.009059613,-0.0019633323,-0.0007057765
-0.00639968,-0.0011856034,0.00052225566
0.021301089,-0.0020600222,-0.0008230093
0.0013063349,-0.0017173477,0.00011067651
0.02771281,-0.0016304702,0.0014071609
0.005340576,-0.0040573403,-0.0014210893
-0.004659093,-0.0017586611,0.0018706406
-0.0067807124,-0.0021773688,0.00058815593
0.0115398625,-0.00025318936,0.001426264
-0.011103383,-0.00079710037,-0.0010524085
-0.010479525,0.0005126186,0.0029864742
-0.009433521,0.0015063807,0.00074903143
-0.0058398233,-0.0025841668,-0.0030060513
-0.00067775475,0.0012873672,0.0035577125
0.00388859,-0.0007069744,0.0002042501
0.013467211,-0.002559688,-0.0015711675
0.003866541,-0.00066746026,0.0016460328
-0.012838716,-0.0017844588,0.0015484333
-0.019418791,-0.0012560822,0.0016931931
0.027807007,0.00060547516,0.00067956897
-0.0038712905,-0.0009314902,-0.00081810146
0.008130046,-0.00011041388,0.0012598017
0.008773534,-0.0012995563,-0.0007939051
-0.0010103267,-0.0029725097,-0.0015307891
0.0018027687,-0.0014446639,0.0018252565
0.02076023,-0.0037641264,-0.0013601037
-0.0022359043,-0.0020570047,-0.00019930373
0.0050850795,-0.0011397637,0.0016244107
0.006817355,-0.0022174083,0.0010483705
0.0025551096,-0.0023505986,-0.00095918006
-0.00046725263,-0.0010109656,1.2782053e-05
-0.0004249324,-0.00081592426,0.0008267501
0.003571261,-0.0016500764,0.00045294958
0.0013556114,-0.0019073971,-0.0003703297
-0.00939206,-0.0017968751,-0.00075722346
-0.008669651,-0.0009009056,0.0016790496
-0.0073668426,-0.002360832,-0.00019713654
0.0012585968,0.00077553093,0.004252114
0.0545297,0.00025437027,0.00014965417
0.039707348,-0.0016489252,-0.0002949665
0.031074505,-0.00062501803,-0.00064603915
-0.005674772,-0.002609007,-0.0011228172
0.010566058,-0.0041352026,0.00053290406
0.0017172106,-0.0041252524,-0.002520745
-0.0058664754,3.9178878e-05,0.0010709848
0.019312598,-0.0012343563,-0.0014389385
-0.0037217424,-0.00057728216,0.0024121925
-0.0044146967,0.00024356693,0.0019881288
-0.0076937606,-0.0011094324,-0.00087556196
-0.0042777294,0.0003960058,0.00075504475
-0.011814411,-0.0011566989,-0.001495854
-0.0010092764,0.00036239997,0.003379083
-0.002875312,-0.0025396012,-0.0017176128
-0.00093519693,0.0005826913,0.004309263
0.00066301157,-0.0004481934,-0.00026026962
0.012044541,-0.00218359,-0.0015782951
-0.0067786537,-0.0002229102,0.00031582126
-0.005971803,-0.0017640255,0.00027195498
0.0014433764,-0.0033597164,0.00040388785
-0.010517693,-0.0025287978,6.694137e-05
-0.019684264,-0.00017763674,0.0021077932
0.021605577,7.120147e-05,0.0018840968
0.019812074,-0.00015966967,0.0009193026
0.008827077,-0.0006542094,0.00027226616
-0.005387451,-0.001288604,-0.000703315
-0.011831995,-0.0014225803,0.001433809
0.019709896,-0.002503287,-0.00095172797
-0.0060235863,-0.0019679777,-0.00096350396
0.009320316,0.0012576319,0.0047716694
0.0044081463,-0.0019389763,-0.0016039016
0.027051546,-0.00095960125,0.00045576564
-0.0075517124,0.00089908764,0.0023188873
-0.0063471715,3.5390258e-07,0.0016789646
-0.003137941,-0.00018847361,-0.0012299662
0.008169165,-0.000706017,-0.0003936775
-0.00022300608,0.0020260327,0.0037115074
0.0068406435,-0.00071781874,-0.0014493614
-0.007606519,-0.002000969,-0.0014584123
-0.009115985,0.00018804893,0.0025616984
-0.019901574,-0.0016524419,-0.00020830083
0.0169725,0.00086520985,0.003128229
-0.0013562985,-0.0014777109,-0.0015857304
0.009016202,-0.0002770312,0.0019460574
0.015216687,-0.0008607395,-0.0008992532
-0.0010680141,-0.0022437982,-0.00063464267
0.045529976,-0.0020640008,0.000548178
0.0050775823,-0.003797654,-0.0015351691
-0.0032977911,-0.0016594082,0.0011535466
0.009785282,-0.0029075332,0.0006117212
-0.008574984,-0.0038330965,-0.0025204362
-0.002953473,-7.25314e-06,0.0014923785
-0.01050843,0.0012028404,0.003590809
-0.006379218,0.0010483973,0.00095275044
-0.020623364,0.0035555921,0.0021723737
0.01120632,0.0025024153,0.0010625627
-0.01434156,-0.0008889884,-0.0013085008
-0.009002103,0.0017483495,0.005680059
-0.030180506,0.0026793592,0.0002012573
0.006193352,0.0005435273,-0.00021371315
-0.028458549,0.0016010888,0.0012266304
0.02010168,-0.00040047616,0.00043182692
0.022044165,-0.0014274083,-0.0011136472
0.012265986,-0.0013857521,-0.0014576223
0.011005712,-0.0018742122,0.00042772852
-0.0063042967,-0.005381532,0.0003446588
0.007930451,-0.004688803,-0.00073625473
-0.033667613,-0.0022262745,0.0004936131
0.012307809,0.00017436594,0.0030029442
-0.0023193862,-0.003834527,-0.0035097448
0.012486357,0.00046347454,0.002775017
0.011147359,-0.002361443,-0.0017050544
-0.014760278,-0.002074249,7.720245e-05
-0.01342002,-0.0021920614,0.0026464437
-0.00015075377,-0.0037992857,-0.0015585495
-0.009534572,-0.00063436106,0.00060643815
0.0067346054,0.00069112703,0.0031268802
0.0032880877,-0.00139134,-0.00010319031
-0.004482794,-0.0013170056,0.00023077507
0.0047300113,-0.00024337694,0.0016501837
0.0040675546,-0.0014513619,0.00021952679
0.011402883,-0.0015443824,-0.0003373957
0.010421293,-0.0013827346,-5.1717507e-06
0.0003303224,-0.0017888434,1.8631166e-05
-0.00612759,-0.0017279685,0.0015926933
-0.0056115077,-0.002081886,-5.7665748e-05
0.0072767455,-0.00023415312,0.0011632764
-0.008071956,-0.0013607554,-0.0012654477
0.011221833,-0.0008614771,0.00060710346
0.0067978813,-0.0019015409,-0.0005496844
0.02784775,-0.0021457337,0.00030297477
-0.018819643,-0.0036195293,-0.001628031
-0.0031485057,-0.0023554899,-0.00036559813
0.00010890825,-0.0036087,0.0009267955
0.01074485,-0.002910886,0.0001048292
-0.011708123,-0.0015213601,0.0001437004
0.015081016,0.00040257722,0.00468814
0.017291438,-0.0041665807,-0.0036571047
-0.00091501186,-0.0007448606,0.0003343955
0.009263842,-0.00037649646,0.0010992449
0.006735744,-0.0036779158,-0.0016102933
0.02873171,0.0005940087,0.0010360876
0.058083825,-0.0030271672,0.00070487335
0.0018929468,-0.005125586,-0.0044389274
0.029915044,-0.0018927567,0.0006843002
-0.021096613,-0.0067467503,-0.0022635532
-0.006142675,-0.003368616,-0.00013908593
-0.01864654,-0.00061008707,0.002740812
0.03810845,0.0017022826,0.0018430465
0.0027763152,-0.003725253,-0.0042671477
-0.012305138,0.00013557449,-0.0004762737
0.008928577,-0.00053409114,0.0028550674
0.020991983,-0.00626114,-0.0015947544
0.030437378,-0.0025580637,-0.0017137879
-0.016529683,-0.00021030009,0.0017819852
0.025658818,-0.0018692948,0.0029023122
0.019586971,-0.0064027794,-0.0047357297
0.07379936,-0.00091423094,-0.0021679187
-0.08431498,-0.00012106821,0.00036627287
-0.011703251,-0.0046629384,0.0017954237
-0.0006850626,-0.0058729015,-0.0005473427
-0.020174298,0.0002101697,-0.0009836868
-0.018091006,0.0058237687,0.005606805
-0.0064128386,0.0041601695,0.0018084071
0.019772567,-0.00016704574,1.35569135e-05
0.0016073541,-0.00028836355,-2.1017157e-05
0.014644,-0.00068921223,0.0006024502
-0.029754864,-0.0018469989,0.00046747155
-0.009679109,-0.0012512058,0.003124041
-0.026954683,-0.00013301149,-0.00014601555
0.012793393,0.004891757,0.004472643
0.00031317235,0.0033435412,0.00031064756
-0.02421206,-0.0030820929,-0.0016932131
0.0027807716,0.0024237223,0.004747522
0.0050128116,-0.0010723434,-0.0015581974
-0.021861456,-0.00048135594,0.0006293619
-0.00043399062,0.001276847,0.0023638024
0.030066257,-0.0017005838,-0.0011228956
-0.012118035,-0.0014840849,-0.00063692033
-0.0021333008,-0.00042000785,0.0022734092
0.003955052,-0.0016292892,0.0023385242
-0.017781071,-0.002962809,-0.00228689
-0.01647693,0.002962742,0.0048143277
0.018736877,0.004846934,0.002294674
0.026506511,-0.0003643334,-0.0010854737
0.013912307,-0.0016630962,-0.0020481457
0.039916884,-0.0001710318,0.0028479735
-0.010895682,-0.0060040914,-0.0051269624
-0.012531561,-0.0017855428,0.0014823581
0.02967968,-0.0052198432,-0.00060455187
-0.018984232,-0.0036279745,-0.0030754588
0.00010133877,0.0027010702,0.005853012
-0.0058758166,-0.004052561,-0.0031080337
-0.00091711344,-0.00028173253,0.0016137381
-0.008159966,0.0006050356,0.0015065082
0.030954363,-0.0009635128,0.0009254927
0.017456358,-0.002960924,-0.002445168
0.012647068,-0.0006741993,0.00030722923
-0.008519676,-0.0030506514,-0.00072181737
0.015037528,-0.004120622,-0.00033991726
-0.027417013,-0.002380021,0.0020859037
0.00949554,-0.00082610175,0.00042230997
0.0010778034,-4.1093677e-05,0.00045522195
-0.02202212,-0.0005190596,0.00028600811
-0.020916697,-9.234995e-06,0.0014908222
0.046713684,0.00050732493,0.0020604574
0.0010742247,-0.0031673275,-0.002415852
0.0022436418,0.00041202828,0.0019262625
-0.004282605,-0.001628831,0.00031635512
0.019550342,-0.0033038445,-0.0009020739
-0.004698039,-0.00065673515,0.0014088672
0.030343913,-0.0008153245,0.00092637306
-0.0070119672,-0.0018722899,-0.000632128
-0.03427172,-0.0009508319,0.0009039077
0.023496184,0.0012660213,0.0031493283
0.046103984,-6.048754e-05,-0.00081677735
-0.03979241,-0.0022152923,-0.0022771223
-0.03224271,0.00033846125,0.0013633535
0.01548255,-0.0017141029,0.00043800706
0.00019303554,0.00031821802,0.002756376
0.003376734,0.002636347,0.001606209
0.015961574,0.00026958808,0.0010801335
0.0016089169,-0.0021039099,-0.0029069388
0.0074648107,-0.0007290058,0.0009830307
0.033483393,-0.0018692426,0.0018487668
0.018059695,-0.004717406,-0.0029390734
-0.017115334,-0.0004500635,0.0013842467
0.008525257,-0.0018476807,0.000541185
0.019784214,-0.0039464906,-0.0028665757
0.018518506,-4.8507005e-05,0.002218668
0.022943737,-0.0026654638,-0.0022392948
-0.016081266,-0.0025816858,-0.0022421074
-0.010666648,-0.0022775643,0.0023742677
-0.00017393507,-0.0048321374,-0.00087646197
0.015305698,-2.0664185e-05,0.0021587054
-0.014989293,0.0010710917,0.0017434384
0.04443479,-0.002669517,-0.0034855779
0.012904863,-0.001115296,-0.0033618172
-0.008877213,0.00018495694,0.0031609142
0.018162172,-0.0073887296,0.0008504556
0.01205509,-0.006569814,-0.0033707104
0.008450729,0.0005425438,0.00033786648
0.010454888,-0.00041237846,0.0024233626
-0.042492673,-0.003936261,-0.001926488
0.024911297,-0.0011158362,0.0014517324
-0.0065995953,-0.0026430823,-0.0010885862
0.025439516,-0.00027565658,0.0012891872
0.0007111003,-0.0021071322,-0.0014552732
-0.0018948799,-0.001997497,-7.720012e-05
0.0054580164,-0.0032561831,0.0006182279
-0.012744889,-0.003825236,-0.0009926957
0.0023109484,-0.0004489906,0.0025450138
-0.007552846,-0.00078750774,0.0012697008
0.042617895,0.0009176694,0.002199977
-0.006300362,-0.0015437268,-0.0013730398
-0.015464316,-0.00049751624,0.0027211483
0.014529104,0.00029571727,-2.4508918e-05
-0.0010837545,-0.0037381463,-0.0039049403
-0.008834407,0.0013838373,0.0033271695
0.019233769,-0.0013750307,-0.00026890944
-0.0010739444,-0.0034591071,-0.0022085856
0.001228718,-0.00023062527,0.0018560519
-0.015493206,-0.0019966736,0.001367296
0.011062622,-0.0008346699,0.0019328974
-0.020419182,0.00028365105,0.00046761986
0.012978853,-0.0002303347,-0.000109137734
0.015685698,-0.000115558505,0.000515585
0.02675841,-0.001148317,-0.00016348803
0.002829409,-0.0024350397,-0.0016846035
-0.008315972,-0.0023145191,0.0013754538
-0.0054656765,-0.004808191,-0.0018569443
0.019046893,-0.0023671389,-0.00013053592
-0.03989357,-0.0009842627,0.0016033575
0.00030773535,-0.0005371347,0.0024270068
-0.009230746,-0.0015622415,-0.0007718302
0.002562126,0.00015194714,0.0011751526
-0.007589336,0.00086865947,0.0015933905
0.0007803832,-0.00077118725,0.0010780962
0.030877246,-0.0015452541,-0.00018180412
0.0111185685,-0.0020297803,-0.0010059155
-0.014886224,-0.00079929084,0.0013783892
-0.026425663,-0.0035320483,-0.000925633
0.005459768,-0.00057555735,0.003622468
0.082693376,0.00021087006,-2.7669768e-05
0.018986844,-0.0017063692,-0.0002135993
-0.016031493,-1.8812716e-06,-0.00030694215
-0.014934946,-0.0031477958,-0.0010446825
0.005150464,-0.003000293,0.0010538241
-0.0010825195,-0.0007089861,-0.0009454796
0.015605835,0.0013441406,0.0021171537
-0.020630356,-0.0010502227,-0.0013329685
-0.018885676,-0.00043567643,0.003073287
-0.008069975,0.0012537576,0.0019253086
-0.0056724474,0.0007954426,7.865485e-06
0.010959251,0.0020204224,0.0016469536
-0.003192699,-0.0010530315,-0.0013054179
0.009459995,7.6096505e-05,0.0032116813
-0.027154721,-0.0034654178,-0.0023376385
0.010770617,6.221235e-07,0.0041682827
-0.00090045866,-0.0013986081,-0.0007466754
0.013294308,-0.0015913136,-0.001157714
0.001186003,0.00018432736,0.00031452114
0.021766396,-0.0018284693,9.156176e-05
0.00079704815,-0.0037391447,-0.00010010088
-0.006154003,-0.0029241703,-0.0002944452
-0.01391421,-0.0017870106,0.0012031407
0.018395431,-0.0009839386,0.0013719543
0.0027565442,-0.00031322613,0.0007494085
0.035231214,-0.0005204417,0.00033418025
-0.013067856,-0.0016118921,-0.0010185619
0.025632022,-0.001135312,0.0018813802
-0.0008975138,-0.003785994,-0.0019101477
-0.029919857,-0.0020449944,-0.0009815632
-0.002920462,0.0010483377,0.0042928066
-0.016788047,-0.0013142563,-0.0012638487
-0.017002191,0.001414869,0.0016476604
-0.044053454,0.003996577,0.0038156533
-0.001623805,0.004546292,0.00326351
0.016651249,0.0034451596,0.00038655126
-0.040298626,-0.00065175816,0.00092937646
0.0,0.002985116,0.004858805
0.0,0.00089288875,-0.0016683047
0.0090490505,-0.00085763633,-0.00038548035
0.018407835,0.0015686937,0.0029753726
-0.036613666,-0.0016088746,-0.00039190124
0.01828094,-0.00031475723,0.0028917128
-0.008188983,-0.0028868243,-0.002452288
0.015878057,0.00027938932,0.00203695
0.002344447,-0.00067023933,-0.00084268337
0.009511939,-0.001990784,-0.00026912382
0.01814957,-0.0022684298,0.0003729837
0.0037927635,-0.0031275637,-0.0009225219
-0.019194502,-0.0017146505,0.0012069789
0.021265198,-0.0016605407,0.0014604077
-0.008147882,-0.0032411702,-0.0022142476
-0.025405006,0.00015644357,0.0019390924
0.002107149,0.0019294135,0.0038554182
-0.02515573,0.001372546,0.0007567883
0.011104893,0.004936997,0.0029331183
0.015802782,0.0024190918,0.0006767969
-0.05577161,-0.0019215457,-0.0011709271
-0.014992995,0.0019406527,0.0056772195
0.068328165,0.0039494075,-2.4723122e-06
0.038907226,-0.0012155734,-0.0007346738
0.002863308,0.0006783344,0.00093845115
0.029378645,-0.0014174134,-0.002582824
0.0078102723,-0.0053582042,-0.0036638633
0.0038386236,-0.0030292086,-0.0028709555
0.008225104,-0.0036721528,-0.0001549765
0.021253765,-0.0051233955,0.00057922
-0.0044145808,-0.0041232146,-0.0007386992
-0.010416636,-0.0017915145,0.0007651029
0.02105257,-0.0012057684,0.002064602
-0.0067567653,-0.0043587796,-0.003828054
0.022512145,0.00027346238,0.002280822
-0.017832689,-0.0037049986,-0.0023551588
-0.0025837647,-0.0020175464,0.000380439
0.016453061,-0.0025792234,0.002395286
0.0065436857,-0.0033604763,-0.0014441342
-0.015260459,-0.00036058202,0.00040996086
0.01952754,-0.0007764362,0.0023074718
0.0002044767,-0.00296719,-0.0009011298
0.00674656,-0.001136519,0.00017403104
-0.0047383537,-0.00064636767,0.0012256409
-0.0048288885,-0.001682315,0.00021618817
-0.0015719723,-0.0016053729,-0.00044045714
0.0064344066,-0.0011372529,0.00033407472
-0.014894936,-0.0011579171,0.0004828464
0.014084566,-0.00067878887,0.002336706
-0.016067542,-0.001668971,3.682688e-05
0.016329924,0.00014707074,0.0017044964
0.0036764247,-0.0016430058,-0.0016446335
-0.010378502,-0.00109924,0.0004124189
0.010898598,-0.0017719083,-0.00043654535
0.009221594,-0.0028449334,-4.7451816e-05
-0.009540434,-0.0028338023,-0.0010001019
0.017297538,-0.0021429993,-0.00023838732
0.027338842,-0.0029422045,0.0010626451
-0.0018174468,-0.003111355,-0.0004031188
-0.010858952,-0.0025187992,-0.00042667275
0.011306872,-0.0012091659,0.0037120816
-0.0027300974,-0.0045562275,-0.0037251587
-6.514475e-05,-0.00014759228,0.00073140365
-0.00045634134,-0.000107552856,0.0013182122
0.00026091395,-0.002772525,-0.00089416176
0.003133983,0.0007808916,0.0021568418
0.009546111,-0.000864204,0.0016332101
0.0073067863,-0.005451914,-0.0035817449
-0.01860386,-0.0016536564,0.0014648677
0.011304375,-0.0029763617,4.964089e-05
-0.011178014,-0.0027029775,0.00026262033
-0.030347807,0.00075452775,0.0039768834
0.032463413,0.0021971464,0.0018739557
0.035003964,-0.004090566,-0.0043061273
0.021903263,0.00059100613,-0.000647184
-0.0018887718,0.00029323623,0.0024975357
0.020157948,-0.0074451678,-0.0023447839
0.016694892,-0.0051350407,-0.0029803494
-0.017610671,-0.00040932745,0.0016925649
0.017603362,-0.0013441928,0.003067511
0.03570868,-0.0054586753,-0.004205793
0.022372035,-0.0009757355,-0.0021396347
-0.011091094,0.0004605241,0.0013173852
-0.017202213,-0.0049429946,0.00067089964
0.040249836,-0.0040965565,0.00027926464
0.011489163,-0.0034130588,-0.002797602
0.00043967136,0.0014712028,0.0041631795
-0.023806036,-0.00065746903,0.00015102228
0.020484697,-0.0022473373,-0.0012209065
0.040147107,-0.0013119541,-0.0009949578
0.0004947834,-0.00077809766,0.00011768425
0.0010598028,-0.0013833828,0.00064639177
-0.024350628,-0.0032031313,0.001771492
-0.026766961,-0.0010649338,-0.00027359696
0.0050546937,0.0048528574,0.0038307875
0.012055244,0.00323987,0.00041197098
-0.009573206,-0.002741348,-0.0017144617
0.018224757,0.002037596,0.0047077388
0.005072442,-0.0019735582,-0.0020661086
-0.0010093683,-0.0014193654,1.7815852e-05
-0.0142898075,-0.00017397478,0.0014034137
0.030018969,-0.002277635,-0.0012925325
0.013505895,-0.0021432973,-0.0011533614
0.0020338988,-0.00060585886,0.00195429
0.038706508,-0.0019413792,0.0022749477
0.0016846362,-0.005059991,-0.0034590967
-0.014732508,0.0010230727,0.0038608385
0.0027993198,0.0017914437,0.0011194956
0.042758897,-0.0009244345,-0.0018726632
0.004244265,-0.002068352,-0.0026318268
0.057737254,-0.00014440343,0.0032397385
0.003565293,-0.0067116395,-0.0055451216
0.005757702,-0.0013397075,0.0012376562
0.02362975,-0.0063289925,-0.0013331419
-0.012018112,-0.0041288473,-0.0036870071
0.020053005,0.0015072264,0.005043988
-0.0026565732,-0.005235862,-0.003590096
-0.0058008507,-0.00052274764,0.0013078427
-0.02953088,-0.0004307367,0.0009591705
-0.0030674846,-0.0010183044,0.0008831462
-6.150466e-05,-0.0020866245,-0.0017968027
0.033048157,-0.0002293624,0.0013724663
-0.00071485236,-0.0012018345,0.00027555344
-0.005961607,-0.002433952,0.0004393489
-0.02326979,-0.002650056,0.002175526
-0.018482098,-0.0014163479,3.0190917e-05
0.020519229,0.0015466921,0.0012300998
-0.021577908,-0.00016294792,0.000313104
0.011277508,0.0001223199,0.0021140012
0.020940397,-6.025657e-05,0.0014533105
-0.0072212345,-0.0030028,-0.00240895
-0.001100293,-0.00020309165,0.0012838596
-0.0044669914,-0.0017786399,0.00062504795
-0.02827467,-0.0024207532,-0.00039209507
-0.01707886,0.0005441122,0.002409078
0.0030889744,0.0008342527,0.001446989
0.0044267816,0.0006265454,0.0011067307
-0.019034209,0.0007329099,0.0018854411
0.015496841,0.0020391457,0.0038898173
0.005129442,0.00022790581,-0.00065299426
0.021689266,-0.0019776486,-0.0021004276
0.0,5.6494027e-05,0.0006203572
-0.15721783,-0.0015334003,0.000763481
-0.016669137,0.00029017404,0.0041725384
0.019663984,0.006841827,0.0011918597
0.019506425,0.008410871,0.0048020985
0.0006523525,-0.0005448051,-0.00024032267
0.003259194,-0.0008206777,0.0013032901
0.019636162,-0.0023876615,0.0016419645
-0.015788805,-0.004543256,-0.002782379
-0.0027335417,0.00022443756,0.0020797425
-0.004688806,-0.0007525459,0.00093295047
-0.01333524,-0.0022033118,-0.001650847
-0.0022770497,0.00073876604,0.0029340028
0.041448906,-0.002043318,-0.0015081379
0.01731936,-0.0018177517,-0.0013954686
0.01014517,-0.00023176149,0.0028286024
-0.033707052,-0.0051836185,-0.0014583261
0.0053392183,-0.0022572726,0.001473557
0.10607559,0.00023376197,0.0009985906
0.09058905,-0.004902087,-0.004766044
0.023891939,0.0043182783,-0.004029762
-0.046324972,-0.002977807,-0.00017782662
0.0020439844,-0.014195073,-0.0015506153
-0.02507795,-0.0072558783,-0.0042302758
0.0008000301,0.0037358552,0.0016680278
-0.018139409,0.0021345802,0.0036612588
-0.025613707,-0.0010850132,-0.00014470314
0.043254778,0.0004372336,0.0021298751
0.0012321152,-0.0017765462,-0.00048803329
0.04602508,-0.00047608092,0.0010616065
-0.008235258,-0.003340628,-0.0024420815
0.0028469497,-0.0024240352,-0.0005702592
-0.033179563,-0.0047863163,-0.00010891515
-0.034746487,-0.003473226,-0.00052139815
-0.020850455,0.0009452477,0.0030260177
-0.019352786,0.0022965185,0.0027050984
0.011418461,0.0041745417,0.0036140603
-0.02884363,0.0008180551,0.00019217399
0.013439054,0.00085750595,0.003931351
0.035207514,0.0021641813,0.0007162265
-0.0017293554,-0.0033006072,-0.0033017087
0.022006882,0.00077788904,0.002883027
0.017389694,-0.0035151914,-0.0016141946
-0.01332842,-0.0035795532,-0.0027105992
-0.0013758676,-0.0012224168,0.0011912478
-0.004884762,-0.0027986206,0.0010829233
-0.0056639016,-0.00027366355,0.002043432
0.009810146,0.0010154136,0.0009095501
0.0038858985,-0.00090255216,-0.0006764169
0.024161797,-0.00035820156,0.0007828791
0.027859105,-0.0015744604,-0.00082510663
-0.017970458,-0.002791606,-0.0018904887
0.029230561,-0.0023732968,0.0015000502
0.018131653,-0.0057892017,-0.0024306509
0.01584923,-0.0014935471,-0.0001836957
-0.027516117,-0.0018115453,0.00083534763
0.001341787,-0.002676297,0.0011677048
0.0004661025,-0.0025462843,-0.0012178626
0.013801509,-0.00020739064,0.00067623844
-0.055373654,0.00012373924,0.0011784883
-0.021039778,-0.00084030256,0.0014292321
-0.06149456,-0.00092789903,-3.2092677e-05
0.026474288,0.0012966432,0.0015580246
0.196789,0.0018316768,0.002864843
-0.044879057,-0.0029763654,-0.0013150446
0.002707557,3.189221e-05,0.0037374676
0.010351101,-0.013726849,-0.0053687366
-0.0018374266,0.00017280877,-0.0016940632
0.0065822094,0.004386943,0.00010469521
-0.016569633,-0.0009459667,0.00071425084
-0.0065367045,-3.2395124e-05,0.0025404403
-0.007714127,-0.0010809712,-0.0008420504
0.01817762,0.0011475161,0.0020615952
0.008589708,-0.00086382404,-0.0010736757
0.00957418,-0.0003385432,0.002966043
0.0076638884,-0.00028203428,0.0014027124
-0.012147085,-0.001877252,-0.0011628568
0.022875845,0.00022132322,0.00049073616
0.015432968,-0.002035126,-0.0023528354
0.012318673,-0.0003403835,0.0027289565
-0.056050148,-0.0039420873,-0.0027468384
0.0095428955,-0.00097247586,0.003948391
0.005859662,-0.0018700995,-0.00094795565
0.019179985,-0.00061349943,-0.0005925875
0.008897326,0.0010420494,0.00062536774
0.043452643,-0.0017113574,-0.00012970064
0.0109102335,-0.0044115484,-0.00071361626
0.0005067192,-0.0033013783,-0.00086864363
0.00040507733,-0.0032319538,0.00035419883
-0.0101245325,-0.0024979077,0.00052482274
0.004756101,-0.00036123022,0.0007174546
-0.016694654,-0.0006037131,-4.136609e-05
-0.021533225,-0.0005203001,0.00027153903
-0.0049727685,0.0006897077,0.002600301
-0.0028177935,-0.0005963631,8.394942e-06
-0.015141802,-0.00064263865,0.00016799901
0.007037695,0.002155695,0.0051561454
-0.0063971747,-0.0008061044,-0.0009813588
-0.011253594,-2.7883798e-05,0.0011694764
-0.026757862,0.002549421,0.0032079655
0.013943527,0.0028669648,0.0025156913
0.0046578483,0.0014307238,-0.00026812096
-0.017993126,-0.00078076497,0.00046029582
0.020683497,0.0024613105,0.003918237
0.015583626,-0.0011967085,-0.002058199
-0.0027110558,-0.0015466921,-0.0011891734
0.02109501,0.00024249777,0.002244254
-0.015547618,-0.0029877834,-0.0011371593
0.006165825,-0.0004343912,0.0025855252
0.010750954,-0.0025187545,-0.0023328902
0.03185665,-0.00063047186,0.0012637239
0.0122667225,-0.0013699718,-0.0011758734
-0.008503046,-0.0022746883,-0.0008890348
-0.014738331,-0.0034886934,-6.24035e-05
0.0059939222,-0.003683485,-0.0008753921
-0.01637215,-0.0009774454,0.0016337837
0.03681849,0.0003063865,0.0024938204
-0.0072647464,-0.0027713329,-0.001998211
-0.006192143,-0.0003966801,0.0018340185
-0.014006185,0.0006672926,0.0031089757
-0.02804468,0.00063276663,0.0006416922
0.002203018,0.0051871426,0.0025022808
0.021284588,0.0028691255,0.00097081065
-0.023098372,-0.0016569458,-0.000956686
-0.08743075,0.0015619881,0.005479251
0.037510276,0.005528223,0.00089985994
-0.0026675817,0.00095238164,-0.00078817015
0.14027995,0.0021722354,0.0031407236
0.05225334,-0.0012223385,-0.0026776267
0.0039840466,0.00080822036,-0.0030071575
0.0038265912,-0.007906709,-0.005847072
0.0015059159,-0.008685637,-0.0025684454
-0.0009867556,-0.004892908,4.7743844e-05
-0.014111007,-0.003608007,-0.00038166507
0.009732792,-0.0013116449,0.001217685
-0.022680037,-0.00015391782,0.0024921722
0.016631225,-0.0025384799,-0.0026902782
0.023397366,-0.0003901869,0.0018428793
-0.006784347,-0.002334144,-0.0016093664
-0.0020585873,-0.002004642,0.00016213459
0.006235358,-0.003639739,0.0021005718
0.0033079786,-0.003680218,-0.0016644401
-9.2825365e-05,-0.0006515533,0.00033973902
0.011006851,-0.00057009235,0.0023245066
0.0032155677,-0.0024753176,-0.000626395
0.0012821044,-0.0016798973,-0.00014553237
-0.006493795,-0.00078325346,0.001307552
0.009436147,-0.0015134551,0.00026985558
0.0018696017,-0.0017395727,-0.00051976077
-0.013972998,-0.0010912232,0.00032043713
-0.007108536,-0.0013641678,0.000438466
0.002835893,-0.000946749,0.0020417972
-0.010708882,-0.0007572584,0.0006060385
0.008856605,0.00046657398,0.001761886
0.040596433,-0.0013484992,-0.0013179109
0.011337806,-0.001244735,-0.000103836996
0.014520869,-0.0015607737,-0.0008090311
-0.0013486363,-0.004097726,-0.0010937871
0.0064473785,-0.0048092157,-0.0019332774
0.019781012,-0.0029346608,-0.00093465205
0.013624751,-0.0025152154,0.001099784
-0.008835479,-0.0033784918,-0.00048898545
-0.014955612,-0.0031493492,-0.000509072
0.009349771,-0.0003339909,0.00408737
0.012407573,-0.003733553,-0.0033020077
-0.003063862,-0.0002806224,0.00076265255
0.00084198604,0.00012704358,0.0014118914
-0.003196881,-0.003242176,-0.001253356
0.002275029,-0.0003854148,0.0006043248
0.017402235,-0.0029206946,0.0011850707
0.002726837,-0.005021069,-0.003358674
-0.0065512825,-0.0010529198,0.0017285042
0.0039815814,-0.0034057014,-0.0002567193
-0.022059718,-0.0026534721,0.0003177838
-0.019389259,0.0007378943,0.003906425
0.008917064,0.0022461154,0.0018015185
0.010759626,-0.0029413737,-0.003658714
0.006716497,8.099154e-05,-0.00026640878
-0.0010070724,0.00070634857,0.0033478301
-0.012222798,-0.0055770837,-0.001338769
0.0033167768,-0.0034484528,-0.0016870194
-0.004577249,-0.0001738891,0.0023329528
0.01890402,0.00026880205,0.0038233795
0.017174412,-0.003984008,-0.003486701
0.011708121,-0.0012249462,-0.0019230824
-0.0057253456,-0.00027851388,0.0013970156
0.0022053455,-0.004242409,0.0010755891
-0.005501278,-0.003380835,0.000498516
-0.0008604757,-0.0021946393,-0.0021495784
-0.011811012,0.0012470521,0.0040425854
-0.00572708,0.00082096085,0.0013053867
0.015652392,-0.0009895042,-0.0005081856
-0.004684962,-0.00079817325,-0.00038825243
0.009042434,-0.00073486194,0.00055447925
-0.0012275777,-0.0016891137,0.0006648322
-0.0040560695,-0.0011208244,0.002947658
-0.038380854,-0.0006466545,-0.00013580674
-0.009368529,0.0033804737,0.003966062
0.005829731,0.003926739,0.00016748629
-0.01442559,-0.0022757314,-0.0015221115
0.005750163,0.002759505,0.0052968664
0.0072764754,-0.00045857206,-0.0014500727
0.002451012,-0.0011687092,0.0003103301
0.008364452,0.00033535063,0.0017534635
0.010209329,-0.0023792312,-0.001516436
-0.00037906022,-0.0019710362,-0.001063452
-0.01238463,-0.0014107339,0.001621033
0.01471531,-0.0012885891,0.002750993
-0.017024036,-0.0031709187,-0.0024429543
-0.01860163,0.0023931004,0.004904421
-0.003267974,0.0047734827,0.0021524697
0.017704898,0.0003918633,-0.0008868602
-0.020103062,-0.0013587438,-0.0017845083
0.022093639,0.00010262057,0.0040091714
-0.011966036,-0.0047560073,-0.004126041
0.011459789,-0.000388477,0.0026746837
0.009012548,-0.003141474,1.846056e-05
-0.009442459,-0.002943825,-0.0025122147
0.0096612135,0.0014833808,0.0052618477
0.002934465,-0.004343804,-0.0031011978
-0.004070725,-0.00034018233,0.0014041797
-0.0025546632,-0.00020410493,0.0011813543
0.022025885,-0.0015128069,0.00046351447
0.010650371,-0.0029067062,-0.0024128652
0.013141551,-0.00080953166,0.00032976526
-0.006118453,-0.0029220916,-0.0005296023
-0.019576507,-0.0036248453,-8.988986e-05
-0.019841695,-0.0015347712,0.0027026006
-0.0052530896,-0.00027930364,0.00044562714
0.010046353,0.0015261136,0.0015051661
-0.0028054225,4.1190535e-05,0.0005192491
-0.0011508483,-0.00020935759,0.001534319
0.0069133393,-0.00041607395,0.0016136636
-0.0064844517,-0.0030556694,-0.002512329
0.0062707686,-0.0003159307,0.001436851
-0.0026707249,-0.0010877661,0.0009990472
-0.013644475,-0.0021906123,-0.00024134514
-0.0024563002,-0.00022949278,0.0020181516
-0.0041473215,-0.00030998513,0.0009945419
0.0020822966,-6.419793e-05,0.00070637657
-0.027662301,0.00023888052,0.0013633226
-0.012822213,0.0020934604,0.003969414
0.011906335,0.0019358695,-6.048422e-05
0.009092129,-0.0017248429,-0.0017688824
0.012852805,0.00057838485,0.0016433243
-0.014128752,-0.0006400645,0.00089061516
-0.0070328927,-0.0018919446,0.002273697
-0.003340906,-0.00046725944,9.90954e-05
0.015151478,0.0012532957,0.0012068992
-0.004754994,-0.001517117,-0.0023807858
-0.0021233715,-0.0005978085,0.001449099
0.0035908583,-0.0011849813,0.0021652086
-0.0045056497,-0.0038233362,-0.0022411766
-0.00026629755,0.00053957105,0.0022277737
0.008521963,-0.0001992099,0.001347461
-0.013071004,-0.0024552085,-0.0019127389
0.009632124,3.17432e-05,0.0026808642
0.008877675,-0.0029679798,-0.002102224
-0.0044654105,-0.0017261282,-0.0011737053
0.0064643514,-0.00070974976,0.0029766914
-0.021365805,-0.003920067,-0.0006043401
-0.022635981,-0.0002627559,0.0023071663
0.013293151,0.0016628839,0.0018547463
0.036110334,-0.0029974729,-0.0034294769
0.0020884485,0.0003370531,-0.0021457186
-0.017194213,0.00036384165,0.0032318842
0.0049039465,-0.007332675,0.0009602406
0.023080982,-0.0053274706,-0.0028090712
-0.011215712,0.0006830804,0.0006403185
0.010430288,0.00036176294,0.0031561642
0.016258093,-0.0037520789,-0.001894837
0.0011426655,-0.0013139918,0.0009670631
-0.007862969,-0.0016665645,-0.0008005169
0.017640255,-0.0020852983,-4.1733612e-05
0.015199084,-0.0030907579,-0.0015473005
-0.0006186965,-0.0015806481,-5.4268865e-05
0.0136189945,-0.002746839,0.00081322325
0.0034200412,-0.0043573044,-0.0013859745
-0.013390121,-0.0012979843,0.0020417045
0.0039481763,-0.0012179278,0.0011435526
-0.0039326493,0.00018498674,0.0015692664
-0.010610742,-0.0002617687,-0.0005808051
0.0046139807,0.00083084777,0.0029120683
0.020854026,0.0012338273,0.000797526
0.0034046546,-0.0030292496,-0.0033657483
0.01127,0.0004210919,0.002899704
0.017974837,-0.0027364902,-0.0010335511
-0.010241262,-0.0036051832,-0.0025650382
-0.00261657,-0.0010609888,0.0013918482
-0.0019079854,-0.0025152005,0.0012074609
-0.00095572526,-0.00052862987,0.0019481393
0.015068099,0.0007396303,0.0008095916
-0.00035342577,-0.0011449195,-0.0008499619
0.008367697,-0.0005127378,0.00065620505
0.0018700756,-0.0016997792,-0.00077879184
-0.012949144,-0.0028021522,-0.0013935233
0.006736789,-0.0014895461,0.0020228487
0.0015261476,-0.003556002,-0.0012029631
-0.0021099555,-0.0012471639,0.00047252304
-0.009514831,-0.00084265694,0.0017878079
-0.008301672,-0.0012035854,0.0017346698
-0.0003588425,-0.001205124,-0.00039737555
0.008613486,-0.00047953054,0.0005749321
0.050883655,-3.5014004e-05,0.0013094414
0.0019187153,-0.001870811,-3.066112e-05
-0.013518047,-0.0022730865,-0.00077348575
0.008450358,-0.0037751421,-0.0019879693
0.00351042,-0.002417151,0.0007765884
-0.0027082541,-0.0020314083,-0.00021518214
0.0011315468,-8.167699e-05,0.003866834
-0.01333635,-0.0010150522,-0.00040249212
0.018098444,-0.00019434467,0.00037537725
-0.0012376306,-0.00013097003,-5.5061188e-05
-0.003717407,-0.0008791946,0.0012413224
-0.0059927497,-2.8599054e-05,0.0022107894
-0.007962741,-0.0015701763,-0.0009291603
0.0033253173,0.0010326244,0.001778791
-0.007885742,-0.00083294883,-0.0010238949
-0.010713056,0.00013535842,0.0032539906
-0.0058220774,0.0014834255,0.0021862127
-0.0017567803,5.074963e-05,-0.00020783092
0.0028158848,0.0011683404,0.0012169871
0.0038610252,-0.0011522919,-0.0014173735
0.006526778,-2.0749867e-06,0.002991183
-0.009495133,-0.0032661743,-0.0021811712
0.008884757,-0.0002941005,0.0038392649
0.004055602,-0.0017197169,-0.0008133858
0.014541282,-0.0020439588,-0.0016627801
0.004322571,-0.00030614436,7.533934e-05
0.0010193265,-0.002064798,-0.00011715485
0.0021498352,-0.0037279837,9.6470176e-05
-0.006774286,-0.0031293184,-0.00031731534
-0.000113699396,-0.0009100251,0.0016993588
-0.013756243,-0.00070060417,0.0014194201
-0.009913552,0.0001242347,0.0012154926
0.006519939,3.614649e-05,0.0003415048
0.0017351247,-0.0006004125,0.00012636988
-0.0010392187,0.00030021742,0.0025630936
0.0,-0.0015132464,-0.00056336354
-0.009131903,-0.0019771308,-0.0007915902
0.005949628,0.0011275671,0.004547593
0.00069578516,-0.0014289245,-0.0011960161
-0.017151505,-0.0003533922,0.00085998065
-0.017332876,0.002254255,0.0031926262
-0.000119924494,0.002612263,0.0022183717
-0.0008400299,0.0016995557,-5.1662326e-05
-0.021619061,-0.00031775236,0.000435204
0.011048386,0.0027255528,0.004253158
0.020883938,-0.0002828464,-0.0015777289
-0.0010704563,-0.0015870444,-0.0010019235
-0.015954237,0.0005366616,0.002511003
-0.005686645,-0.0022122227,-0.0005808729
0.014115308,9.485707e-05,0.002547441
-0.008399292,-0.0015145019,-0.001575385
0.008833535,-0.00035168603,0.0017734859
-0.0031186533,-0.001158908,-0.0009662304
0.004211268,-0.0019115545,-0.00017575466
0.014138513,-0.0018712468,0.0006815002
-0.0059073726,-0.002727095,-0.00058985245
-0.026622271,-0.0012150742,0.0016114358
0.018070765,-0.00092190877,0.0018207425
0.0033581965,-0.0025888197,-0.001799735
-0.025340697,0.00039979443,0.0021281485
-0.007971566,0.0020113327,0.004010518
-0.012733326,0.0013757832,0.00067418115
-0.008514904,0.0046379566,0.0026448898
0.0010103793,0.0028139167,0.0011327318
0.005046701,-0.0010529049,-0.0010246641
0.0067787254,0.0018039905,0.005210649
-0.01109725,0.0011771098,-2.7150149e-05
0.008447936,-0.0010617971,-0.0009825577
0.0071267774,0.00024251267,0.00043093588
0.013407749,-0.0012765266,-0.0008954409
0.018008102,-0.001954306,-0.0015828146
0.020096248,-0.002708625,-0.0023802372
-0.0049545616,-0.002783861,-6.832648e-06
0.0020153902,-0.004966583,0.00063758116
0.0075722556,-0.005196508,-0.00090243015
-0.0011743319,-0.0017072521,0.0007718474
0.018222468,-0.00018732995,0.0025043085
-0.0027710178,-0.0040642433,-0.003835725
0.027092697,-0.00042731315,0.0018805868
0.0037200071,-0.004080653,-0.0025385318
0.0057277866,-0.0020156167,-5.874294e-05
0.0016749736,-0.0032435544,0.0019861502
-0.0016721728,-0.004198309,-0.0019080702
0.0013399789,-0.0011564009,7.4713374e-05
0.0046838205,-0.0005967021,0.0023070865
0.0029970505,-0.002067279,-0.00036704808
-0.0026560188,-0.0015903264,-6.115157e-05
-0.002330216,-0.00053493306,0.0015274653
0.0030029656,-0.0013361983,0.0003202623
0.008982009,-0.0015164949,-0.0003209195
0.014177392,-0.0011772737,0.00019634771
-0.0044429568,-0.0015937835,9.8439516e-05
-0.0059867534,-0.0015757494,0.0017433953
0.009964999,-0.0020955168,-9.461446e-05
0.0027106146,-0.0004893355,0.0010073443
0.008109861,-0.0012666769,-0.0012277049
0.021559523,-0.0013039894,-6.25127e-06
0.0023099666,-0.0023009218,-0.0008950442
0.0070186276,-0.0026074387,-8.963572e-05
0.027878918,-0.004469473,-0.0017789728
0.004756616,-0.002722714,-0.0010315184
-0.0072522284,-0.0021958388,0.0011345703
-0.000101405305,-0.00450217,-0.00073852995
-0.012886902,-0.003194552,-0.00046480284
0.010382423,0.0011040792,0.004706065
0.0073252744,-0.0033752099,-0.0032150436
0.0048479517,-0.0006435998,0.0007164236
-0.00020099149,-0.00013862923,0.0012383115
-0.0003015862,-0.003117863,-0.001168296
-0.003397566,-8.338317e-05,0.0008507216
0.005583327,-0.005271349,0.00046479085
0.006572781,-0.004561726,-0.0029694992
-0.0050520715,0.00048578903,0.0021563848
0.0004144909,-0.002597548,0.00016870984
-0.008545701,-0.0024554469,0.00044787183
-0.01927599,0.00029636547,0.003663881
0.013422923,0.0017535947,0.0017874921
0.019009031,-0.0033249632,-0.004033928
0.0058456827,2.1081418e-05,-0.0005995012
0.0011109915,0.00033516064,0.003156989
0.022025721,-0.006202217,-0.0016461606
-0.012680054,-0.004062157,-0.002320263
-0.016142368,-6.8582594e-06,0.0023208181
0.0061226203,-0.00075100735,0.0031597626
0.03032425,-0.0039012283,-0.0033087523
0.0050104014,-0.00077893585,-0.0016221325
-0.013453991,0.0006814636,0.0019730027
0.006157747,-0.0041966625,0.00110011
0.021869324,-0.0033838414,0.00050641573
-0.020733973,-0.0023245402,-0.002322677
-0.0038225204,0.00096718594,0.004219666
-0.010276727,9.242073e-05,0.0005434103
0.0132659,-0.0007158555,-0.000365133
0.001979642,-0.00029555708,-0.0003344703
0.008932286,-0.00083985925,0.0005312589
-0.0117659075,-0.0015540235,0.000734198
-0.008242501,-0.0011989363,0.0029794795
-0.023590134,-0.000447765,-0.000101258105
-0.009234094,0.0037892498,0.0040242802
0.013242628,0.0036709085,0.00034575438
-0.010363118,-0.0026772656,-0.0019300103
0.013327585,0.0020946972,0.0049939724
0.015099437,-0.0013601854,-0.0018251517
-0.0012114805,-0.0016064122,-6.0185324e-05
0.008558413,-8.384511e-05,0.0014882014
0.056978174,-0.0028130375,-0.0018242251
0.00025281805,-0.0024608262,-0.0018040955
-0.012276368,-0.0011877827,0.0013833555
0.011373246,-0.0037767626,0.0015308524
-0.015405039,-0.0043643303,-0.0030772274
-0.012353021,0.0035088472,0.004748041
0.0026673286,0.004533671,0.0021340149
0.025938086,-0.000119600445,-0.0010045969
-0.0101509085,-0.0016584434,-0.0021166226
0.016708232,-0.00014117733,0.0035664125
-0.008688184,-0.0053402446,-0.0044173505
0.020191217,-0.00088126585,0.0022593606
-0.010812356,-0.0035474338,-0.00015554205
-0.0091558965,-0.002729591,-0.0023003386
0.013171239,0.0011602677,0.005105295
-0.0047870055,-0.003917966,-0.0027710584
-0.0146658225,0.0001787804,0.0017503658
-0.0034139724,7.083267e-05,0.0013446345
0.0012805951,-0.0010556169,0.000684598
0.013189448,-0.0019124784,-0.0017202881
0.012291878,-0.0007786192,0.0005998983
0.0014496255,-0.0019179843,5.5589247e-05
-0.0125453295,-0.0032510944,3.3052987e-05
-0.008511788,-0.0019234456,0.0026036948
-0.010127017,-0.0011790209,4.445226e-05
0.0076288064,0.0008914545,0.0012279036
-0.009276538,-0.00018537045,0.00016286457
-0.0078349905,-0.0002389662,0.0015895804
0.01222633,4.4923276e-05,0.001848021
-0.007529175,-0.002846267,-0.0023378537
0.01262228,-1.4171004e-05,0.0016980806
0.007906182,-0.0010707267,0.0008848836
0.0034476097,-0.0024474822,-0.00046288734
-0.0023325146,-0.0009078309,0.0015378287
-0.00018955975,-0.0013168827,0.000536434
0.0025911732,-0.0010163672,2.977025e-05
-0.019730764,-0.0002660863,0.0010561803
-0.009372716,0.0017123856,0.003691899
0.0036027373,0.0012853481,-0.00022508844
0.01308198,-0.0016708858,-0.0018893378
0.018276157,0.00042607263,0.0014234715
-0.040144186,-0.00074228644,0.0009323009
0.0014044245,-0.0016207136,0.002638466
-0.004957663,-0.00043457374,-6.1325496e-05
0.03271277,0.0021297708,0.0017769359
-0.0016822154,-0.0015528649,-0.002501296
-0.016771035,-0.00076763704,0.0013072346
0.012546296,-0.0018961541,0.0019071407
0.002235399,-0.0045235716,-0.0026224344
0.0055443808,0.001142662,0.0023657368
0.013705083,-0.0002769865,0.0011894661
0.002563324,-0.0029334724,-0.0022824716
0.024990596,-0.00049095973,0.0021438769
0.031073743,-0.0036746599,-0.0026552102
0.0064168395,-0.0020499565,-0.002089397
-0.005687072,-0.0019331984,0.0020538985
0.011984617,-0.005554449,-0.001326448
-0.010152907,-0.0017821267,0.0012260529
0.072505936,0.0006347485,0.0015847165
0.1151619,-0.0047270544,-0.005116077
-0.011553596,0.0025737546,-0.0044166613
0.0057509835,-0.0011593513,0.0011850088
-0.02229072,-0.015862618,-0.002258837
0.027913144,-0.0048765466,-0.0034701375
-0.011945828,0.0012875088,7.514097e-05
-0.015330909,0.00043140352,0.0035655333
0.00332912,-0.002726391,-0.0013110668
0.014596984,-0.0010045283,0.0013305148
0.00052223686,-0.00094031915,-0.00026272028
0.06306081,-0.0012602247,0.00046748467
-0.004956966,-0.0034851842,-0.0023651584
0.041192777,-0.0015780404,-0.00036977232
-0.003103207,-0.006049592,-0.0010524159
-0.017341508,-0.004059918,-0.0015057768
-9.21036e-05,-0.0019611567,0.0015027942
-0.023466995,-0.0015855618,0.0009569577
-0.0061699036,0.0022518001,0.00256649
-0.02407318,0.00061706826,-0.0004017905
-0.00063251174,0.0015363097,0.0037148686
0.032581598,0.0028355531,0.0013588263
-0.000542223,-0.0031324252,-0.0030483091
0.017253585,0.00079862773,0.0032314023
0.0056343083,-0.002837509,-0.001294134
0.010387016,-0.0035466738,-0.0024606625
-0.0166355,-0.0013041683,0.0010141025
-0.016081482,-0.0022024252,0.0015556011
-0.0014740566,-0.00049866363,0.001855045
0.036586925,0.0012009069,0.0010028634
0.0049217953,-0.0010313094,-0.00066037127
0.008956436,-0.0005155951,0.00071809796
0.00046066986,-0.002208326,-0.0013295687
-0.0019991556,-0.00352443,-0.0018187554
0.024499716,-0.0017022304,0.0017119931
-0.0076014535,-0.0038181953,-0.001515558
-0.0022801962,-0.0015181489,0.0002456031
-0.014455738,-0.0019483529,0.0012230878
0.009467065,-0.0012062304,0.0017628173
0.005397298,-0.0012957454,-0.0005551821
0.018190045,-0.0006956868,0.000551415
-0.027124438,-0.00057408586,0.00074098946
0.00049267424,-0.0016892366,0.0006984576
0.007005863,-0.002451323,-0.0007164811
-0.0012669108,-0.0014082864,-0.0004014523
0.023757832,-7.406995e-05,0.001932684
-0.030108709,-0.0028067417,-0.0007522602
-0.008203527,-0.0003158562,0.004134389
-0.0037627474,-0.0006519295,-0.00056641945
0.017478561,0.0005419068,0.000738842
-0.015495089,0.00069412217,0.00047749828
-0.036720406,-0.000771638,0.0014222118
-0.009203808,0.0009298809,0.0026900047
-0.015589055,0.0001357235,-0.000349611
0.029333742,0.0029213093,0.0029787177
-0.01355808,-0.00043297932,-0.0007762433
-0.011311338,-0.00025330856,0.0035416225
-0.0070709307,0.00094948336,0.0016637726
-0.001523333,-0.00011673942,-0.00038573775
0.047587894,0.0016531646,0.0012398316
-0.010807541,-0.001806248,-0.0020321808
0.02429339,-0.00042672083,0.002983215
-0.025234427,-0.0056562684,-0.0035391247
-0.0030896878,-0.00040508434,0.0037242163
0.0108708525,-0.0014542788,-0.0009368394
0.033504408,-0.0019262843,-0.0014986878
0.0026406983,0.0003040284,0.00023918669
0.034305356,-0.0017660968,-0.00015519594
-0.054578546,-0.0052259713,-0.0009514033
-0.0004011789,-0.0031044893,0.00010752864
0.00011469854,-0.0018789731,0.001007048
-0.017471643,0.0008652322,0.0023957395
0.0006066981,0.0018708147,0.0018135852
0.0018541507,-0.00020020083,0.00027465512
-0.01701701,-0.0005713776,0.0002146893
0.009958288,0.0004576333,0.0026466548
0.021936176,-0.001583267,-0.00064414495
-0.022899387,-0.0016174279,-0.0006540604
-0.0019725633,0.0009490438,0.004629283
-0.0009411621,-0.0019619837,-0.0016779935
-0.0219383,0.00018768385,0.0009420948
-0.026740698,0.0032925382,0.0036118468
0.025632184,0.0036280416,0.0025817414
0.0058016083,0.0011142455,-0.00021521992
-0.021225836,-0.0009218417,0.00051584415
0.00075962103,0.0024030805,0.0036862006
0.018596739,-0.0008876063,-0.0019385314
-0.0017067102,-0.0013805665,-0.0010932402
0.0052613774,0.0008231737,0.0027767252
-0.024097245,-0.002120871,-0.00069031504
0.01102068,-9.066239e-05,0.0027888292
6.0678787e-05,-0.001957927,-0.0019687202
0.025975317,-0.00015394762,0.001844232
0.012564176,-0.001016017,-0.0009882911
0.0029559848,-0.0021035932,-0.0006261212
0.018813882,-0.0029211529,5.598442e-05
0.035492107,-0.0038473494,-0.0013327479
-0.024757048,-0.0020403191,0.0007238751
0.021954771,-0.0019642748,0.0014187618
-0.020131383,-0.004585754,-0.0030137312
0.002973773,-4.995987e-05,0.0018067322
-0.02164528,0.001697991,0.0034619414
-0.016362665,0.0015120357,0.0012800288
0.010062868,0.0047637187,0.00235591
0.02190858,0.0019178055,0.000897095
-0.03572764,-0.0017018877,-0.0012321582
-0.026929375,0.001321625,0.0053157955
0.014042921,0.0028933696,-0.00010236772
0.003447224,0.00064125285,-0.00046429317
0.00014263907,0.0016066842,0.0017714262
0.01375139,-0.00053462014,-0.0008201442
0.02152553,-0.0023352914,-0.0016782423
0.013060949,-0.0023987778,-0.0022552295
-0.002095862,-0.002529908,0.00018507848
0.019288614,-0.0052353926,0.00055640173
0.014824795,-0.005125832,-0.0010440784
0.00027438454,-0.0016880333,0.00058504887
0.05062654,-0.0012031235,0.0019717612
-0.011059849,-0.0053925402,-0.0047739195
0.027488863,-0.00026302785,0.0016378128
0.0025078137,-0.006031323,-0.0033893536
-0.016249781,-0.002175007,-0.0002921368
0.018946374,-0.0024019442,0.0023343088
0.018389577,-0.0044163056,-0.001998034
-0.014572525,-0.00049804524,0.00027158088
-0.0093762865,-0.0006220378,0.0023027405
0.0070678964,-0.0028316416,-0.0007762773
-0.029248016,-0.0012951568,3.272528e-05
-0.0040937182,0.0009211935,0.002439599
-0.0058328933,-0.00033522025,0.00063112914
-0.016049696,-0.000510294,0.00050012994
0.004612597,1.3563782e-05,0.0010326025
-0.0064839027,-0.0008399449,0.00071173714
-0.011742779,-0.00016958639,0.0026114292
-0.010381966,-0.0006114431,0.00063584256
0.020605545,0.00032305345,0.0016072977
0.023897791,-0.0013129078,-0.0011784614
0.08995023,-0.00090140477,0.00028068898
0.0418173,-0.0024803728,-0.0021668782
0.016236348,-0.0022514686,-0.0016588459
0.015417274,-0.007909838,-0.004196912
0.02101239,-0.005900815,-0.0029492076
0.015277861,-0.003855046,-4.8524234e-05
-0.006469088,-0.004290331,-0.0010864055
-0.025623433,-0.0034471042,-0.0007655476
0.015229051,-0.00031922013,0.0041472996
-0.0047104633,-0.0040341094,-0.0034217562
0.00883263,0.0001696907,0.0012280713
-0.0050534685,0.00027009845,0.001317089
-0.0033387584,-0.0027004816,-0.00083366
0.0106383385,-1.135841e-05,0.0010162978
0.012631567,-0.00240523,0.0012703591
0.0064968816,-0.004601851,-0.003156673
0.0054221298,-0.0013225712,0.0015534819
-0.0129044335,-0.0035497807,-0.00043491716
-0.02165855,-0.0025282763,0.00045116
-0.023733493,0.0004249476,0.0036386822
0.03234593,0.0028826557,0.0021243074
0.015831094,-0.0034590587,-0.0037918573
0.008636376,0.00023891032,-0.00031099212
0.009270601,0.00013805553,0.0027396807
-0.0056771026,-0.0066789873,-0.0019570554
0.10540154,-0.0035188496,-0.0020323985
0.0020312583,-0.0018877871,0.00045537972
0.013147162,-0.0014612116,0.0028503702
-0.0075458307,-0.008978024,-0.0062295785
-0.002764793,-0.0028728135,-0.0031687373
0.033096492,-0.00026360527,0.0015019177
-0.013306524,-0.0032304563,0.0012804205
0.012579337,-0.0020243637,0.0012697577
0.0016788084,-0.0039270706,-0.0030730308
0.0020670118,0.0004915036,0.0038020539
-0.000668981,-0.00017934665,0.0007170179
0.011603915,-0.001884494,-0.00093718583
-0.0017095768,-0.0011126809,-0.00080742594
-0.0019335217,-0.0010992996,0.0001940509
-0.015110399,-0.001738485,0.00080615265
-0.0035967145,-0.0006509684,0.0031800093
-0.021545444,0.0001761727,0.0001887838
0.0070325183,0.0037614517,0.004221836
0.0025186173,0.0028490014,4.905433e-05
-0.0050816457,-0.0027833916,-0.001966703
-0.0054519195,0.002032932,0.0045042746
0.003981549,-0.001300294,-0.0015294331
0.011035106,-0.0011694208,0.00017448934
-0.0032403348,0.0002804026,0.0018120455
0.02138702,-0.0019721277,-0.0011704343
-0.00016750673,-0.0023146383,-0.0013129322
-0.0208868,-0.0012459196,0.0017484603
-0.0027949205,-0.0013214983,0.0027250869
-0.01550081,-0.0027957298,-0.0022650443
-0.037299547,0.0035754405,0.0051622987
-0.048702426,0.006537039,0.0030032282
0.039840125,0.0034241565,0.0001303358
-0.025013763,-0.0016922988,-0.0013524145
0.0057568247,1.5027821e-05,0.0054137763
-0.026192943,-0.0027281754,-0.0037304705
0.014183498,-0.0004253909,0.0029233813
0.036663674,-0.0021091253,0.00048615446
-0.010999013,-0.0026083775,-0.0023221322
6.141018e-05,0.0015100874,0.0053159604
-0.01830914,-0.005278643,-0.0036687616
0.02090372,-0.00032742694,0.0014130434
-0.023970013,-0.00010487065,0.0011128394
0.027510768,-0.0008066036,0.0013470822
-0.00721311,-0.003301371,-0.0027015926
0.015639389,-0.0007103123,0.000834986
-0.0070930477,-0.0027045235,-0.00038273726
-0.0074490244,-0.0028675124,0.00036357986
-0.009104305,-0.0011555739,0.0026990722
-0.013968214,-0.0009747669,0.00026188116
0.014543836,0.001050856,0.0012673072
0.004282006,-0.00037515536,4.796771e-05
-0.015695535,-0.00039864331,0.0014427726
0.018896414,-0.0002858378,0.0017684579
0.0056685037,-0.0035863593,-0.0028373303
0.0030021167,-9.640679e-05,0.0014560178
0.0042146915,-0.0011293553,0.0008555221
0.0033455174,-0.002976872,-0.00077265396
-0.010124269,-0.0008233078,0.0016030072
0.0030622245,-0.0007414557,0.000848514
-0.019477362,-0.0008502491,0.00010675489
-0.027834868,0.00033118203,0.0015857907
-0.0025620926,0.0030743517,0.003958788
0.01753144,0.0021996386,0.0002703187
0.018239189,-0.0017716624,-0.0016180377
-0.012520076,0.000330057,0.0012736645
-0.038099468,-0.0010627024,0.0009289718
-0.0067862533,-0.0014519542,0.002420294
-0.02233762,0.0015130751,0.0007412262
0.025804693,0.0034848303,0.0024520704
0.0025548602,-0.0011776946,-0.0020278401
0.0022217173,-0.000571724,0.0018462036
-0.030642927,-0.0009908862,0.002052079
-0.0046407534,-0.0037052594,-0.002038034
-0.0004055194,0.0007710606,0.0021650675
0.013993155,0.00088988245,0.0021620598
-0.0105999755,-0.0017712153,-0.0015153391
0.024796123,-0.00018600747,0.0027210836
0.009139322,-0.0034670196,-0.002483693
-0.0034532107,-0.001693517,-0.0014016132
0.01673748,-0.0014738552,0.0025121034
-0.018969823,-0.004607629,-0.0009941998
-0.012060804,-0.00041598082,0.0021407933
0.002388539,0.0006978698,0.0013993321
0.040773124,-0.002995655,-0.0035350581
0.004896903,1.1153519e-05,-0.0024979573
0.0034808118,0.00042741373,0.0032919722
0.026236149,-0.007650081,0.00063723745
0.03588985,-0.006083023,-0.0033481948
-0.006703873,7.0519745e-06,-0.0002613807
0.026220001,-0.001147788,0.0021584684
-0.0015714368,-0.0056588314,-0.002856219
-0.0023899951,-0.0014861636,0.0007856591
0.0033890489,-0.0023369752,-0.001166532
0.011180982,-0.0019037686,3.642903e-05
0.008638563,-0.002260726,-0.0012112234
-0.0038255006,-0.0019490533,-0.000112243055
-0.0037829063,-0.0028450005,0.0009156734
-0.009205402,-0.003720209,-0.0008772864
-0.016259236,-0.00066110864,0.0025214003
-0.008795262,8.845702e-05,0.001774904
0.0020247519,0.0016880333,0.0023636264
-0.0011291286,0.00019023195,-0.00029496377
-0.0057119452,0.0007192157,0.0031492496
0.00646282,0.0015099607,0.00093560806
0.009453572,-0.00301506,-0.003389445
0.013546961,0.00053369254,0.0030038669
0.012319823,-0.0020040013,-0.00060477224
0.0071182866,-0.0034331083,-0.0024150165
0.0007410219,-0.0015444495,0.0010587464
-0.026371274,-0.0025902912,0.001161043
-0.006669003,-0.00081505254,0.0019168127
0.011248549,0.0010139756,0.000708641
0.01706361,-0.00029885396,-0.00022125267
-0.0017750661,-0.00012593344,0.00090380723
-0.00051624124,-0.0011878051,-0.00046691927
-0.0048783636,-0.0033306666,-0.0016872117
0.011534691,-0.0016320832,0.0019429415
0.015109151,-0.00325872,-0.0011629421
-0.005167368,-0.0016464107,9.585288e-05
-5.6427885e-05,-0.0013695545,0.0015269355
-0.038902372,-0.002103705,0.0011617921
-0.01427569,-0.00087012723,-0.00011727528
-0.007688142,0.00022545457,0.0007047357
0.0075075077,0.001116287,0.0023035128
-0.02473916,0.0001325123,0.001480063
0.011185736,-0.0007078238,0.00057546864
0.020854818,-0.001919616,-0.0008067525
0.004559385,-0.00048193336,0.0018210707
-0.017093983,-0.0021655299,-0.0004356287
-0.0020389585,-0.0012018792,0.0034791722
-0.006009254,-0.0011228882,-0.0005546699
0.0093706725,0.0003922172,0.0006071885
-0.006528579,0.00042981654,0.00032122445
-0.012359004,-0.00078129023,0.0012638457
-0.0017092787,0.00042213127,0.0025021173
0.01057852,-0.0010513216,-0.00070567173
0.004901056,0.0008057207,0.0018048409
-0.02510837,-0.0009679757,-0.001120709
-0.007102768,-0.00034283474,0.0029833724
-0.001119636,0.0011396669,0.0019067477
-0.0021796369,0.0005617775,7.532083e-05
0.0040567257,0.0013629533,0.0013444079
-0.011188482,-0.0012324601,-0.0015572344
0.002263016,-2.432242e-05,0.00314356
-0.010348778,-0.0032058656,-0.0020763928
0.003358984,0.0004892945,0.0042522214
0.0054951683,-0.00068050995,-0.00040352147
0.006595911,-0.002121415,-0.0015269681
-0.00043689043,-3.0461699e-05,0.00035603927
-0.013610493,-0.001973305,4.072336e-05
0.0103170425,-0.0032025129,0.000545177
0.0023806847,-0.0027849637,-0.00012743077
-0.0125,-0.0003846623,0.0019919686
-0.0077215265,-0.0005361326,0.0015648522
0.004145898,-0.00028719753,0.0008791684
0.00254087,-0.00024554506,0.00026738102
0.0042450624,-0.00059312955,0.00010190776
0.004037851,-0.00016647205,0.002129795
0.016589163,-0.0020090006,-0.000767248
0.012177038,-0.0021819063,-0.0011182701
-0.025160275,0.00017308071,0.0039817337
-0.0017540485,-0.0019928664,-0.0013579915
-0.0133041125,-0.0006951727,0.00025568507
-0.016027406,0.0027031042,0.0036089486
-0.010535873,0.0031489357,0.0026226013
0.0009798399,0.0019890703,0.0001238033
-0.013770154,-0.00015083328,0.00038233228
-0.008073063,0.002591949,0.0043680514
0.0022014799,0.00035691634,-0.0012362342
-0.006922674,-0.0014027096,-0.00081902393
0.001943785,0.0011129566,0.0030823485
-0.029636024,-0.0012016185,-7.976277e-05
0.010892808,0.0007493831,0.003286048
0.0031370895,-0.0015158169,-0.0017273347
0.015160861,-8.571148e-05,0.0020063552
-0.003348513,-0.0005935319,-0.0007505694
0.014178103,-0.0021624528,-0.00039139693
0.0038428535,-0.0027213283,0.00021284085
-0.0015180234,-0.002769217,-0.00060747867
-0.0011897982,-0.0016217902,0.0013250236
0.011184561,-0.0013319701,0.00154349
0.01047193,-0.002483949,-0.0018310968
-0.01852452,-0.00054136664,0.0013613063
-0.012604789,0.0007933378,0.0036744913
-0.05380289,0.00084271654,0.0005438363
0.021332124,0.0060312226,0.0030265374
-0.0011757257,0.0035587698,0.0009095208
-0.0062317816,-0.0018357076,-3.2818178e-05
-0.0012542359,0.0027948953,0.0052101593
-0.014162124,0.001759965,-9.272946e-05
0.013870263,-1.2610108e-05,-0.00065538124
0.019264286,0.00059681386,0.00074347283
0.0028761087,-0.0012231953,-0.0008787068
0.030044448,-0.0018351488,-0.0015646811
0.012661507,-0.0035135113,-0.002889646
0.0015057017,-0.0024369322,0.0001261502
-6.542758e-05,-0.0053950287,0.00038023424
0.0001960961,-0.005096324,-0.00085206016
-0.0041827294,-0.0015875921,0.0007951391
0.013191638,-0.00016241148,0.0025735153
-0.00025915625,-0.0037079826,-0.0035405715
0.016651597,-0.00023487583,0.0020600264
0.016060092,-0.0034880973,-0.0021992077
-0.0023834263,-0.002137024,-0.00017260178
0.022068497,-0.0026750155,0.0022933986
0.0079355845,-0.004846111,-0.0023515213
-0.009520981,-0.0013193898,-0.00011226983
0.009242714,-0.0011253767,0.0019639528
0.0038464186,-0.0030501075,-0.0008948711
-0.002311184,-0.001340352,-1.1683092e-05
0.009875704,-0.00036135316,0.0015249036
0.010684468,-0.0016692504,8.024165e-05
0.019948706,-0.0017730445,-0.00053655845
0.017508872,-0.0017036013,-0.00033621525
-0.0029350515,-0.0022126175,-0.0003865877
-0.014834097,-0.0023415051,0.001270402
-0.018572757,-0.002479177,-0.00023622793
0.0066264737,0.0003300421,0.001363723
-0.0011268085,-0.0008510463,-0.0009324986
-0.00023744753,-0.0005142726,0.0009791978
0.015737241,-0.0012163855,-0.00018774671
0.020580007,-0.0024304725,9.664579e-05
0.024633382,-0.003155779,-0.001364616
0.009225058,-0.0024632849,-0.0010691062
0.0124646835,-0.0033449568,0.0006034074
0.016360285,-0.0049496256,-0.0012064924
-0.027456291,-0.0033871755,-0.00092872477
0.02291724,-0.00026882067,0.004266039
0.0042210836,-0.005158309,-0.0040492984
0.0021016295,-6.058067e-05,0.00078346045
0.0059152013,-4.5657158e-05,0.0011274343
0.0039559794,-0.0032393597,-0.0012996474
0.013672648,-0.00083725154,0.00035779475
0.01079063,-0.0027413182,0.0012286732
0.007801295,-0.0044776723,-0.0031066735
0.01690768,-0.0017236434,0.0014571168
0.007812564,-0.0036725588,-0.00061917107
-0.017491573,-0.0027284212,6.165664e-05
-0.0012138655,-0.0008515604,0.0031509239
0.034838997,0.0003527142,0.0010546636
0.017420227,-0.0038790815,-0.004388963
-0.010773401,0.00049718097,-0.0010578958
0.009334954,-0.0009967871,0.0026236747
0.0055876127,-0.0072140954,-0.0019970355
-0.0063230125,-0.002761297,-0.0017240883
-0.002121107,0.00011095777,0.0023406432
0.009082149,-0.0005777851,0.0032769998
-0.0013404767,-0.0038949065,-0.0033849932
0.001342276,-0.0010307804,-0.0015718977
-0.024320193,-0.00013492629,0.0019026971
-0.0017664407,-0.0028058104,0.0020273675
0.0053086993,-0.0017090216,0.0012224466
0.00039116872,-0.0016594529,-0.0016014574
-0.022873938,0.0014652982,0.004365123
0.0026010617,0.0011596307,0.0012934428
0.017760914,-0.0011891164,-0.00074853015
0.011960796,-0.000585977,-0.00022525724
0.004068961,-0.0007452108,0.00022964482
-0.0069471365,-0.0019806512,0.00050850346
-0.0007773206,-0.0018302314,0.0025702345
-0.030727306,-0.0009258948,-0.0002675939
0.004012856,0.0036054142,0.0040048594
0.006794567,0.0030206107,-6.3997286e-05
-0.0039698444,-0.0026547126,-0.0018387409
0.0057792133,0.002226092,0.0046660723
0.004358974,-0.0014543645,-0.001745515
0.01597951,-0.0014382415,2.7157424e-05
-0.0019417179,-0.00023555756,0.0014136252
0.01848243,-0.0023100264,-0.0013898392
-0.0032473386,-0.002462376,-0.001444272
-0.021080844,-0.0014098696,0.0017047519
-0.007830883,-0.0011564158,0.0027874399
-0.041041866,-0.0023901649,-0.0020703503
-0.00534976,0.0044346713,0.0056301
-0.07447246,0.006917093,0.002805346
0.05945462,0.0033632107,0.0010849065
-0.054430418,-0.002086196,-0.001964243
0.017849158,-0.00060020015,0.0060432404
-0.030030666,-0.0038629696,-0.0039932914
-0.0036158157,0.00076335296,0.0034816607
0.022227252,-0.0006795153,0.00081891124
-0.030175297,-0.0027909763,-0.0019946597
-0.005948257,0.0029797591,0.0061658975
-0.00782509,-0.003416147,-0.0028325643
0.03873807,0.0005152002,0.0020481618
0.009825869,0.00021957979,0.0012620419
0.016143288,-0.0016443916,0.0006121955
0.002611511,-0.003816817,-0.0033114676
0.017798996,-0.002016712,-0.0004201876
-0.0038387782,-0.003491059,-0.0007053178
-0.013273367,-0.0031460635,0.00010830199
-0.006942931,-0.0016771145,0.002605952
0.0019663568,-0.0011075698,0.000115927076
0.014391623,0.0007306747,0.0011162085
0.014617375,-0.0005284399,-1.8799328e-05
-0.0059322584,-0.0008783266,0.0008582417
0.008098915,-0.0012296773,0.0013367231
0.04778017,-0.003826227,-0.003043285
0.0026230277,-0.00097307935,0.00048040424
0.007848727,-0.0013011098,0.0007467681
0.00638977,-0.004535254,-0.0018014284
-0.019841269,-0.0021506846,0.0009792651
-0.007489934,-0.0006309226,0.00076368777
0.0,-0.00058622286,0.00018711877
-0.023047058,0.00045709684,0.0015505569
-0.021711918,0.0026853457,0.0041874405
0.0036277885,0.002424255,0.00020147115
0.0008505404,-0.0014321506,-0.0016779159
0.0038240983,0.0006841235,0.0019844403
-0.026455026,1.1544675e-05,0.0014000715
-0.0071739526,-0.0007199645,0.0028671066
-0.01686001,0.0006998889,0.0005457812
0.031625792,0.0022503212,0.0018858786
0.00086357765,-0.0016189478,-0.002348869
0.0034512477,-0.000529442,0.0016680178
-0.0032244523,-0.0014970116,0.0018135756
-0.0073323306,-0.0043234155,-0.0025108443
-0.012600435,0.00048377737,0.002032321
0.013201286,0.00017892197,0.0016298604
-0.016720966,-0.0022238083,-0.001761806
0.039752718,0.00043692812,0.0030934026
-0.014655956,-0.0033066943,-0.0024724964
-0.014658338,-0.0013618581,-0.0009179461
0.0017502041,-0.0017726533,0.0025069134
0.0026206363,-0.003478501,-0.00028177327
-0.03093004,0.0008553304,0.0024858385
-0.0058440575,0.0015494041,0.0021879727
0.008365339,-0.002851978,-0.0036277126
0.0022422038,-0.0003543906,-0.0017374686
-0.008501142,0.0007834472,0.0039270204
0.011732862,-0.0048436522,0.0018519947
0.033006236,-0.004899781,-0.0025102913
-0.0017270729,-0.00012848899,0.00030711526
0.021193761,-0.00026142225,0.002657346
0.016730137,-0.004784774,-0.0024900753
0.0018746126,-0.0019276552,0.0004920965
0.00415802,-0.0023879819,-0.0012601557
0.0031056218,-0.0024557076,-0.0004198167
0.004953516,-0.0028978474,-0.001451825
-0.009242082,-0.002135668,-0.0001484431
0.0066334927,-0.002457969,0.0012044145
-0.0076194964,-0.003455434,-0.00079508405
-0.012035651,-0.0004890375,0.0026595138
-0.0042008143,-0.0003594719,0.00151869
-0.016452199,0.0010396577,0.0020979866
-0.01308172,0.00051854923,-0.00020648236
0.0047805565,0.0014512055,0.0032430997
0.0034602042,0.0019493774,0.0012479476
-0.0036638358,-0.0025336556,-0.0028385743
0.0012978882,0.00058745965,0.0031674043
-0.0054007345,-0.0017776154,-0.0003860247
0.015204187,-0.002792094,-0.0017283321
0.0012836448,-0.0007944405,0.0015492623
-0.030341841,-0.0014702268,0.0017861575
0.007933023,-0.00059332326,0.0020507968
-0.0015304658,0.00027943775,0.00043397857
0.018830756,-4.3872744e-05,-3.6129262e-05
0.018267835,-0.00010298565,0.00061931857
0.0063317693,-0.0014319904,-0.0006392645
-0.040478192,-0.0030193515,-0.0018052245
0.011147505,-0.0024113916,0.0019283523
0.016428927,-0.004241165,-0.0014352049
0.010633773,-0.00039789453,0.0008523272
-0.0023148276,-0.00025471672,0.0017802002
-0.0075933477,-0.0021471456,0.0011867143
0.012964944,-0.002370853,-0.0010056093
-0.011959708,-0.0011274777,-4.2761327e-05
0.008494405,-0.00014006346,0.0013873123
0.008212242,-0.0015329607,0.0003362054
-0.009816232,-0.0018958338,-0.00029325736
0.0052731493,-0.0016580261,-0.0007149102
-0.012379357,-0.0013745092,0.0013047912
-0.016146129,-0.0021407865,-2.0928797e-05
-0.0021594102,0.0006638877,0.0041657854
-0.010820169,0.00033352897,0.00016925557
0.0026253064,0.0004679449,0.0009427457
-0.014619288,0.0006787367,0.00048805843
-0.01594334,-0.0004698299,0.0015463065
-0.0022501908,0.001258567,0.002844861
0.0051871794,-0.0004276447,-0.0003562455
-0.010545237,0.0011596195,0.0021176443
-0.020181393,-0.0004873164,-0.0007707998
-0.013191384,0.00020527467,0.0031520838
-0.0042213956,0.0021220036,0.00245393
-0.00494581,0.00090312585,0.00026195397
-0.004260362,0.0014077462,0.001537295
-0.024958385,-0.00094560906,-0.0012642229
0.0014627345,0.00042915344,0.0035295028
0.0,-0.0025806762,-0.0017240073
0.0038948355,0.0011004247,0.004588197
0.001939816,-0.00024097785,-0.00022554694
0.009680579,-0.0024257787,-0.001695069
-0.0083893165,-0.00041049346,0.00016977079
-0.0019337205,-0.0019372851,0.00019811132
0.0072656632,-0.0033608563,0.00038135226
-0.0055301646,-0.002489578,2.9889285e-05
0.00024173892,-0.00047097728,0.0019259304
-0.015470133,-0.0008435473,0.001353265
-0.0034372548,-3.9935112e-05,0.0011425454
0.0,-0.0001229234,0.00021145534
0.026853908,-0.0005433783,0.00022531342
0.016554669,-5.9958547e-05,0.0020755138
0.018173248,-0.0020802505,-0.00087943755
-0.009967554,-0.0028442405,-0.0017421879
-0.0016389533,-0.000827644,0.0036631764
0.0009381078,-0.0028404854,-0.0018780674
-0.008903492,-0.00027858838,0.0006080349
-0.013947994,0.0023761801,0.0032242609
-0.018940324,0.0022429377,0.0022274377
0.0024438489,0.0020063333,1.5628291e-05
-0.019502662,1.1719763e-05,0.00028061954
0.005967127,0.0027157404,0.0046232874
0.018289711,0.0003146641,-0.001340529
-0.0016990217,-0.0017518662,-0.0009821317
-0.015317312,0.0006369464,0.0026274335
-0.015802454,-0.001965236,-0.00045300904
-0.0012543713,0.00040333718,0.002764173
0.0017583445,-0.0008459985,-0.0012903395
0.01730187,-1.2587756e-05,0.0019613642
0.0041903374,-0.0006046146,-0.00060372334
0.017182056,-0.0019594468,-0.00034769118
0.0021718184,-0.0027409978,0.00012670661
0.0,-0.0031002164,-0.0008222278
-0.0024078612,-0.0020244718,0.001118902
-0.011585796,-0.0013580285,0.0015321635
0.006105006,-0.0019506924,-0.0015077703
-0.017718434,-0.00027883425,0.0015647532
-0.010130957,0.0018451102,0.0042943535
-0.009485798,0.0016557164,0.0009448021
-0.019909296,0.003776446,0.002457005
0.0010285656,0.0030029155,0.0012258119
-0.0082198735,-0.00065994635,-0.0010401786
0.018907007,0.002125103,0.005667622
-0.027961323,0.0016711093,1.48423715e-05
0.018043896,-0.0006537661,-0.0004146275
0.0143848285,0.0003895834,0.00024982402
0.002785434,-0.001342319,-0.0007486625
0.04419192,-0.0016858317,-0.0015090583
0.022007253,-0.003369268,-0.0029924295
-0.0052058073,-0.0018885657,-3.0723168e-05
-0.0019029931,-0.0060592704,7.621042e-05
-0.0033364964,-0.0060375854,-0.0012341435
-0.007651834,-0.0013147928,0.00085850374
0.013975948,0.00033010915,0.0027606993
0.014733815,-0.0035463162,-0.0033951977
0.038875874,-0.00012896955,0.0019774472
0.0117222825,-0.0033747293,-0.0025740026
-0.004679209,-0.0023639314,-0.00062043313
0.015446664,-0.0045543388,0.0015539273
-0.0022046359,-0.005128555,-0.002487523
-0.0037560356,-0.0007913634,0.00013169774
-0.0015524438,-0.0007301606,0.002150908
0.0046645734,-0.0022299513,-0.00039765984
-0.0033163324,-0.0013043396,4.7619455e-05
-0.0048802397,-0.00017081574,0.0017656982
0.019839486,-0.0011385605,0.0004224265
0.00765024,-0.0018277876,-0.00054775295
0.024511954,-0.0011251345,0.00019670365
0.0029642049,-0.0021698289,-0.00045141228
-0.0141439345,-0.0021588765,0.0013789248
0.024839398,-0.0025353394,-0.0003132946
0.0133723235,-0.0012453459,0.0004911292
0.008041224,-0.0014417656,-0.001390636
-0.0151359765,-0.001480978,-0.00035735127
-0.001869162,-0.0028371774,-0.0008110652
0.026633348,-0.0029803887,-2.3241388e-05
0.01824081,-0.0031372942,-0.0011214521
-0.008160825,-0.0013620742,-0.0003601205
-0.003411639,-0.0029692762,0.0010353641
0.025573911,-0.0046521313,-0.0007416648
-0.016885934,-0.0026305094,-0.000453364
0.010585156,0.0006812997,0.004739783
0.0051383823,-0.00446089,-0.003884578
0.009437663,-0.00068479404,0.00047534797
0.002337338,-0.00018215552,0.0011570589
0.0011659808,-0.0030500852,-0.0011649887
0.015773252,-0.00048594177,0.00070161023
0.0008782133,-0.004172545,0.00069686
0.017309504,-0.004303772,-0.0029450452
0.013290407,-0.0013097785,0.0014404826
-0.008511885,-0.0031706057,-0.0003459048
-0.013423875,-0.0027333908,0.00021242705
-0.027964588,-0.00069640204,0.0031663147
0.016113965,0.0021625124,0.0018843433
0.01197385,-0.0030344352,-0.003826835
0.019430108,-2.7529895e-06,-0.00018532458
0.0032219912,0.0006653853,0.0030590857
0.0142392535,-0.0057845972,-0.0015797564
0.009232464,-0.0043631084,-0.0024778096
-0.011491678,-0.00076112896,0.001806091
-0.03521991,-0.0011696927,0.0031052288
-0.010900155,-0.003494531,-0.0031820906
-0.018594211,-0.0011414662,-0.0011918696
0.011678238,0.0015289374,0.0034995137
0.014772375,-0.00087678805,0.002504234
-0.0070002167,-0.0014854372,0.0015689388
-0.0031643377,-0.0023042448,-0.0021350484
-0.010407025,0.00022465363,0.0035980467
0.00564398,0.00018768385,0.0011053487
0.0019380455,-0.0011676438,-0.00064183935
-0.015272994,-0.00057657436,-0.00024332362
0.017760666,-0.0008476265,0.0004766432
-0.008765551,-0.0016245507,0.0007835974
0.005151667,-0.00035968795,0.0034525015
-0.028572528,-0.0008247681,-0.0002697847
-0.011715372,0.0027415082,0.0038734651
0.00025220716,0.0034649223,-9.3420385e-06
-0.007480558,-0.0022624992,-0.0017912986
0.016132437,0.0026362725,0.00511711
-0.0017917855,-0.00088704005,-0.001492915
0.038071364,-0.0013098605,0.0002951639
0.01411507,-0.0008633323,0.0009140675
0.012411789,-0.0025571622,-0.0017261463
-0.0052093607,-0.002876822,-0.0019605209
-0.030868558,-0.0026235469,0.0010502273
0.010481847,-0.0012430511,0.0028093732
-0.03119972,-0.0026132725,-0.0022018517
-0.057893474,0.0038328208,0.005685631
-0.010175752,0.0086877085,0.0032067313
0.0043168725,0.0032798126,-8.56205e-05
-0.03726682,-0.00057639927,-0.00030423538
0.0066740876,0.00091732666,0.005121501
-0.016917434,-0.0024198778,-0.0032374207
0.024650032,0.00048300996,0.0034922708
0.020925064,-0.0018656217,0.00053486845
-0.022096751,-0.0026307143,-0.0023619554
-0.0023186838,0.00092849135,0.005158605
-0.011073678,-0.0048981123,-0.0033382277
0.0045620273,0.0004982464,0.00180102
0.009908274,0.00074515864,0.0015859075
0.012899692,-0.0011557676,0.00080459425
0.0069057993,-0.0025298707,-0.0023338576
0.019150278,-0.0014060475,2.7544622e-05
0.0045009563,-0.0031357221,-0.0005640382
-0.054030534,-0.003278397,-9.0383575e-05
-0.018027125,-0.0013855956,0.0030853048
-0.02041868,-8.79541e-06,0.00025188818
0.030405894,0.0033775866,0.002454786
0.023523442,0.0004828386,0.00070797594
-0.0004533368,-0.0005596392,0.0015022713
0.005306114,-0.0011666156,0.0011395732
0.009067508,-0.004470896,-0.003425976
0.0069743064,-0.00088882074,0.00075849117
-0.00017762628,-0.0013531819,0.00085887423
-0.002442287,-0.0027997158,-0.00066842185
-0.0105942115,-0.0010083653,0.0016013419
-0.008998065,-0.0005327128,0.0009349735
0.0143459765,-0.00022035465,0.000492417
-0.021483185,5.2202493e-05,0.0012513158
-0.011160419,0.0018021949,0.0040203566
-0.008603546,0.0013369434,-0.00034625852
0.020855695,-0.0014756247,-0.0017923173
-0.006992682,0.000523936,0.0014096838
-0.009757492,-0.00024705753,0.0016192774
0.0022775065,-0.001381021,0.0022949616
-0.02439248,-0.00028166547,0.0003478569
0.022388019,0.0019295104,0.0016062354
-0.0013947792,-0.0016918071,-0.0026229373
-0.0060523665,-0.000430651,0.0017646017
-0.0014989335,-0.0006874688,0.0022893292
-0.014730025,-0.0039358623,-0.00227245
-0.0023330261,0.0009714104,0.0024420305
0.008351628,0.00039042905,0.0016127866
-0.019357264,-0.0020274632,-0.0015474602
0.023648692,0.00039942563,0.0029909222
0.012352641,-0.003058713,-0.0022144036
0.0002794223,-0.0013897754,-0.0011284635
-0.002421102,-0.0010903813,0.002610321
-0.0072341445,-0.0043697692,-0.00076876965
-0.014150767,-0.00059815124,0.0019280551
0.001335235,0.0011868663,0.0018057459
0.008667527,-0.0028572679,-0.0035528399
-0.00897077,-0.00027447194,-0.002066736
-0.019771291,-2.7228147e-05,0.0036957434
0.016136123,-0.0051022284,0.001921638
0.08399099,-0.0044090487,-0.0022478325
-0.018355926,-0.00032914802,-2.7613714e-05
0.018923862,-6.0029328e-05,0.0027104637
0.0391301,-0.007406529,-0.0037292398
-0.004669947,-0.0023624934,-0.00013655808
0.0024738829,-0.0012019686,-0.0011371186
0.012211187,-0.0031181388,-0.00086357957
0.031694025,-0.003427606,-0.0017207612
-0.008637529,-0.0018423013,-0.0005274991
0.017877653,-0.0027289987,0.0008563599
-0.009690289,-0.005109038,-0.0017911752
-0.016797857,-0.0012863949,0.0022060024
0.0013684505,-0.0007427968,0.0012195264
-0.017144274,0.000869371,0.0019322169
-0.012218732,0.0006543286,-0.00010531163
0.010706341,0.0013944171,0.0031622427
0.015783943,0.0016123317,0.0011072038
0.004902541,-0.0027591847,-0.0030845378
0.009798695,0.00027657673,0.0028072277
0.0074107335,-0.0027262308,-0.00096905616
0.0052021896,-0.0034669153,-0.0023835702
-0.010107953,-0.0012178682,0.0012493064
-0.017358983,-0.0020801425,0.0015293735
0.019120421,-0.00044391677,0.0019713242
0.01480547,0.00032283366,0.0005988088
0.016237324,-0.0008566752,-0.00048905495
0.0029661853,-0.00066203997,0.0001261346
0.00891165,-0.0021742396,-0.0010208901
-0.00093803444,-0.0035563745,-0.00195953
0.0071981708,-0.0018742047,0.0017102628
0.02466405,-0.0037570707,-0.0014308693
-0.004018034,-0.0020841323,-0.0002755422
-0.0063178064,-0.001354564,0.0014875397
-0.0131755425,-0.0023543052,0.0010497794
0.0066757277,-0.0017356165,-0.00062282034
0.010371294,-0.00044678524,0.00037088338
-0.014271503,-9.818748e-05,0.0013326774
-7.749896e-05,-0.0011705644,0.0008131336
0.008246245,-0.002204202,-0.0005240303
0.018200748,-0.0016748048,-0.000645451
0.088546894,-0.000636369,0.0014888141
-0.003741509,-0.0035714172,-0.0018912922
-0.021281756,-0.0020554326,0.002864391
-0.01780071,-0.0055127405,-0.0024881123
0.018846735,-0.0005264096,-0.00065084477
0.0044027013,0.00093792006,0.0003072829
0.00579725,-0.00052646175,0.001592019
-0.002495313,-1.3690442e-05,0.0021480082
0.004932682,-0.002109658,-0.0011779083
-0.002384099,0.00015915185,0.0012350581
-0.025198612,-0.0012387149,-0.001251587
-0.010311084,2.676621e-05,0.0031291943
0.0024042972,0.0018609129,0.0022286957
-0.0049788333,0.00063129514,0.00016267563
-0.0038348716,0.0013436414,0.0014741234
-0.009349176,-0.0010489635,-0.0014699381
0.010473673,0.00011355057,0.003190989
-0.013661543,-0.0030099042,-0.0019735799
0.012105496,0.0003623031,0.0043303017
0.008181725,-0.0013581589,-0.0007344665
0.019069072,-0.0021530502,-0.001650274
0.008213362,-0.00028885528,-5.1330077e-05
-0.0042502806,-0.002217643,-0.0003414352
0.018212197,-0.00405119,-3.223645e-05
-0.016139721,-0.0036386475,-0.0007083125
0.004509424,-0.00076721236,0.0018221736
-0.0051961867,-0.0011463352,0.0010441139
0.003020311,-0.00023196265,0.0010937165
-0.00081483275,-0.00034372509,6.64625e-05
-0.00085087836,-0.0009638332,-9.5458585e-05
-0.020900551,-0.0001229234,0.002167469
0.024064887,-0.0012775101,-0.00026938715
-0.0120682465,-0.0019964054,-0.0009114675
0.006412354,0.0013727508,0.005039857
-0.004520499,-0.0016001053,-0.0015257245
-0.0037902815,-0.00064470246,0.0007281826
-0.023617195,0.0022453554,0.0029789633
0.0037863427,0.0022651814,0.0023790842
0.004431229,0.0014393106,-0.00035281212
-0.017318701,-0.0005958788,0.00032438684
0.011835866,0.0024797954,0.004108152
0.012944149,-0.00062435865,-0.0017876979
-0.011728897,-0.00159318,-0.0010862497
-0.00468864,0.00058178976,0.0026161945
-0.010120712,-0.0019949265,-0.0005086487
-0.014648483,0.00060385093,0.002942808
-0.0159605,-0.00061051175,-0.00123928
0.020092105,0.00016366318,0.0020288888
0.019771384,-0.00047012046,-0.00031213858
0.0070401905,-0.0013699792,4.1123538e-05
-0.0013908894,-0.0019863173,0.0004140149
-0.011802226,-0.003756892,-0.001108989
-0.006194069,-0.001862105,0.0013500095
0.010636732,-0.00054613873,0.0018442835
0.006868737,-0.0019288473,-0.0014312107
-0.049257264,-0.000208579,0.0017112641
-0.02441942,0.0018034056,0.004270939
-0.014591334,0.0032042526,0.0010036107
-0.0075441,0.0068037473,0.0033588943
0.009016641,0.0036430843,0.0018889257
-0.018473255,-0.0013034977,-0.00079620036
-0.0102474475,0.0018451177,0.0055699646
-0.015963351,0.0026192479,0.00013731269
0.015090569,0.00042767823,-0.00031962997
-0.066526264,0.0010951236,0.0011144618
0.025569558,-0.0003924407,0.0006129434
0.031445425,-0.0021751784,-0.0014220562
0.0068166815,-0.0005551018,-0.00080137583
-0.010259611,-0.0005865246,0.0008321274
-0.01410106,-0.0056681186,0.00048172136
-0.00042563785,-0.0045868494,-0.00051230704
-0.0028533065,-0.0007303916,0.0012670378
0.023617335,0.0007827319,0.0031090134
0.00830276,-0.0034724697,-0.0034529774
0.02561345,-0.0003507845,0.0018909813
0.013031533,-0.003973197,-0.0026695756
-0.01146995,-0.0025193058,-0.00055198604
0.019580197,-0.0034055524,0.0020587493
-0.010352908,-0.004929606,-0.0023390634
-0.0041524987,-0.0005823374,0.0004297694
-0.013632208,-0.00054055825,0.0021856234
0.005487607,-0.0017118417,-4.0085346e-05
0.00012127579,-0.000962425,0.00021472282
0.00044464454,0.0001644902,0.002055374
0.007878776,-0.0009728372,0.0004758743
0.005091218,-0.0017810427,-0.00046299887
0.024090653,-0.001304362,0.00010888168
-0.0078283595,-0.0019396953,-0.00020455103
0.0017271931,-0.0016456582,0.0017647587
0.0030565413,-0.0025685467,-0.00041027355
0.005625669,-0.0005826093,0.001028087
0.008119328,-0.0013928339,-0.001416968
0.0054721134,-0.0013076626,5.861069e-05
0.0019545425,-0.0020981692,-0.00065437204
0.02501629,-0.0027390458,-1.8928258e-05
0.064186335,-0.0039341263,-0.0016350031
0.0019987263,-0.002022516,-0.0014345262
-0.000104986284,-0.002531778,0.0005620696
0.025375381,-0.007101439,-0.0020359405
-0.011093665,-0.004296813,-0.0013841246
0.0012426767,0.00072098896,0.004286822
0.0009996829,-0.0044194423,-0.0038476752
0.018149951,-0.0007904619,0.0004293677
0.008422657,-0.00019771233,0.001211061
-0.0041593662,-0.0027844794,-0.0010789431
0.0023113277,0.00012673438,-3.5288977e-05
-0.017227404,-0.0022749975,0.0009245898
0.032436248,-0.00665411,-0.0039342837
-0.00060168176,-0.002909828,0.000881557
-0.006956012,-0.0017669834,0.0002810323
-0.020340838,-0.0028370433,0.00016629614
0.0066002524,-0.00035225973,0.0034628883
0.033057824,0.0015638508,0.0015158482
0.030545423,-0.0036335588,-0.0040675653
-0.006479724,0.00036933273,-0.001365232
0.008459237,-0.0011727586,0.00243211
0.05711723,-0.0079969205,-0.0023480384
-0.0034526142,-0.00406722,-0.002786366
0.0013979803,0.00044280663,0.0019425976
0.019544773,-0.0032308623,0.001860844
0.022920797,-0.0057003126,-0.0043679597
0.016412478,-0.0005727634,-0.0022775128
-0.02061387,-0.00039730594,0.0012135459
-0.011634649,-0.004570838,0.0010964352
0.013191338,-0.0032516234,0.0005795349
-0.009633313,-0.002133403,-0.0020499693
0.023757583,0.0018774681,0.0046336623
-0.038178075,0.00024111196,0.00057166
0.02424716,-0.0012122355,-0.00020939251
-0.006546616,-0.0015856773,-0.0012026167
0.006707457,-0.0006598048,0.0009036512
-0.017475192,-0.0010484792,0.00084255054
-0.017488563,-0.0007665567,0.0032260513
-0.021493025,0.0005394928,0.00021547242
0.010766028,0.0044389926,0.0042489315
0.0046522683,0.003044784,0.00036425958
-0.011698746,-0.0029524155,-0.0018151808
0.00579533,0.0020251088,0.004534696
0.0028809686,-0.0016631596,-0.0017716214
0.022859272,-0.0010405779,0.0002619496
0.11496857,-0.00010454282,0.0014345022
-0.0008575147,-0.0035483725,-0.0031191348
-0.0141071165,-0.000837747,-0.0019435687
-0.002611511,-0.0071152784,-0.0011794034
-0.002018385,-0.003770113,0.0013878384
-0.023121048,-0.0009654574,-0.0020430696
-0.030998258,0.002740007,0.0050589256
0.01345422,0.0060891397,0.0027101934
0.042048916,0.0006702766,-0.00070170546
0.000109378714,-0.0020074658,-0.0017791993
0.02400087,-5.0161034e-05,0.00333214
-0.0130806025,-0.006264437,-0.00510206
0.0021638835,-0.001458507,0.0017560077
0.01851548,-0.003964409,-0.00024610275
-0.011500944,-0.0030558817,-0.0026624147
0.0049863704,0.0018889569,0.005494847
0.01397778,-0.004280463,-0.0031327037
0.00631378,-0.0006248951,0.0012096092
0.005437669,-0.0002744384,0.0010895618
0.022568883,-0.0020852126,7.154816e-05
-0.00020338327,-0.0035133995,-0.0028793078
0.016174937,-0.0011648126,9.99099e-05
-0.016468082,-0.0034756176,-0.0006754078
0.0036133719,-0.0031180792,0.00030147348
-0.009584175,-0.0015958138,0.0024843873
-0.014131353,-0.0007665865,0.00042625354
-0.005505051,0.00088509545,0.0011150832
-0.013577764,-0.000158187,0.0002321183
0.0075705857,0.00020361692,0.0017971578
0.019440925,0.00044516101,0.0020439087
0.0032470343,-0.0026271902,-0.0022175757
0.012483987,-0.00055014715,0.001194786
0.0072051864,-0.0019640848,0.00043326005
0.0021158599,-0.003061995,-0.00088186166
-0.007088295,-0.0011834987,0.001390248
0.0076958346,-0.0011820681,0.0006033882
-0.020650156,-0.0010364391,-1.7620041e-05
-0.021803817,0.00017812848,0.0015076791
0.004457996,0.002686046,0.0037138264
0.02307852,0.0015252791,8.814654e-05
0.012401718,-0.0019975863,-0.0018938072
-0.0029238386,0.00020788237,0.0010651947
-0.019970661,-0.0016000271,0.00055353943
-0.006345418,-0.0019981265,0.002149479
-0.0011941007,0.0005134493,0.00045269122
0.027081773,0.0017113462,0.0015388995
0.001568893,-0.0016879886,-0.0024593526
0.016574021,-0.00064897165,0.0012412402
0.018242437,-0.002228152,0.0015060174
-0.0067366604,-0.004679691,-0.0029035688
-0.008158469,-0.00038668886,0.0015677959
0.007531858,-0.0012596734,0.0008094315
0.0060492586,-0.002681218,-0.0020611286
0.023562806,0.00026532635,0.0025943222
0.018817473,-0.0028859042,-0.002269273
-0.013875898,-0.0020856224,-0.0018605245
-0.00047540455,-0.0020121858,0.0024302523
-0.017216757,-0.0048727654,-0.00096459046
0.011711179,0.00018848106,0.0023455927
0.0040658475,0.0010812543,0.0016034804
0.026344618,-0.0028480291,-0.0034580624
0.015920872,-0.00029729307,-0.0028864183
0.020605884,-0.0005352199,0.002816504
-0.046915617,-0.0072313435,0.00060409994
0.0006106383,-0.004891727,-0.002430971
-0.014880525,-0.0010367967,9.986083e-05
0.01424762,0.0013906248,0.0041078143
-0.033450834,-0.001464244,-0.0007176937
0.018470826,-0.0003537871,0.002261423
0.027585544,-0.0018035956,-0.0007735046
-0.0075240126,-0.0010227747,0.0005896335
-0.022041306,-0.0015736036,-0.0011168891
0.002009753,-0.0032597072,-0.00038717396
0.012034405,-0.002880577,0.0010761893
-0.0007550192,-0.002028469,-0.0001484913
0.024603358,-0.0003686212,0.0026494109
-0.034013942,-0.0018655248,0.0007103046
0.0176535,0.00011470541,0.0020577637
-0.015003034,-0.0013519116,-0.0016293102
-0.0129944105,0.0008213036,0.003325111
0.007040927,0.002313152,0.00094959186
0.01604248,-0.0029673167,-0.003144224
-0.008200997,0.0011061393,0.0032439597
0.003944313,-0.0013118275,-0.00018440164
0.0018460636,-0.0037064813,-0.0023311505
0.01025284,-0.0008503869,0.0016561372
-0.017210774,-0.0015964694,0.0015564094
-0.0026173173,-0.00074966624,0.0020497125
0.015363335,0.00023177266,0.00044962647
0.03928387,-0.00091150403,-0.0006644055
0.02762581,-0.00056679174,0.00028367073
0.013595548,-0.0016795956,-0.0012201732
-0.004514448,-0.0041160695,-0.0027091934
-0.005799511,-0.003697563,0.0007635163
-0.0016227856,-0.0046457164,-0.0017588164
0.02960941,-0.0017139502,0.00014266535
-0.02649653,-0.001060538,0.0015020074
-0.00043831568,-0.0011559688,0.0020544464
-0.0105235195,-0.0024401061,-0.001171357
0.0016396132,-0.00041231886,0.00068624783
-0.0019908727,0.0005124025,0.0014114981
-0.0019062326,-0.00086532533,0.001003938
0.0019987219,-0.00148331,-0.00012693764
-0.0026152995,-0.0018129535,-0.0006877412
-0.0032886993,-0.00072599575,0.0017332908
-0.016810114,-0.0023342185,-0.00024849217
-0.022403639,0.00041233376,0.0041945213
-0.0044999127,0.0009589158,0.00031623617
0.0068502785,0.0007305108,0.0008682186
-0.020734962,0.00082302466,0.00090265425
-0.027034696,-0.00027075037,0.0017405069
0.011609829,0.0015641488,0.0029034524
0.0021608497,-0.00044408068,-0.0004232817
0.016099667,0.0014174134,0.0024530615
-0.015467315,-0.00086610764,-0.0013404058
-0.008573586,-0.00068263337,0.0028520536
-0.01521817,0.00047923625,0.0016645513
0.0048567774,0.0004260093,-9.219383e-05
0.020504793,0.0014646687,0.0011828191
-0.0108597055,-0.0014210306,-0.0014806858
0.011462616,-0.00011884794,0.0030712334
-0.017309856,-0.00421061,-0.0027049447
0.019269168,0.00015803799,0.0040431367
0.010741395,-0.0017212443,-0.00089853175
0.0011335986,-0.0021269731,-0.0016415117
0.01453098,-0.00016454235,6.559957e-05
0.029854974,-0.0025321841,-0.00049774954
0.00031604833,-0.0035504512,-0.00016642408
-0.012819918,-0.00313434,-0.0005409324
0.013397927,-0.0025833733,0.0009398828
0.0041061444,-0.0016524456,0.0008560777
0.010021102,-0.0001709871,0.00097371987
0.0024470682,-0.0010670684,-0.00031558162
-0.016199876,-0.0015099384,-0.0005619505
-0.012902646,-0.00050896406,0.0020381038
-9.14272e-05,-0.0015672036,-0.000519186
-0.019060235,-0.0011265129,-0.00025805808
0.001817247,0.0023244582,0.005274983
0.0032557996,-0.00040121377,-0.00085595786
-0.012378295,-0.00010475144,0.0011399102
-0.020748243,0.0025287382,0.0033571108
-0.01045016,0.0025564618,0.0022651672
-0.00043596543,0.0020397939,-2.7419708e-05
-0.018658482,1.3589859e-05,0.0004985612
0.0011851954,0.0028663017,0.004511323
0.0023183606,0.00034412742,-0.0012989681
-0.00206692,-0.0013712905,-0.0007229267
0.00458629,0.00094909593,0.0028406247
-0.019046707,-0.0015832,-0.00026616687
0.010208644,0.00025701895,0.0029569394
0.0006935126,-0.0019213147,-0.0019128558
0.02648387,-0.0002872534,0.0017177184
-0.00067515136,-0.0011695586,-0.0010480958
-0.0016407506,-0.0020938031,-0.00045020203
-0.0001450057,-0.0029473417,0.00017640251
-0.0056563374,-0.0031166263,-0.0006864702
-0.005299477,-0.00083840266,0.0017507282
0.019258041,-0.00050836056,0.0019493445
0.006282058,-0.0024039485,-0.0017181723
-0.023875307,-0.00038771704,0.001558878
0.017038547,0.0009160936,0.0036370105
-0.022033464,-5.0704926e-05,0.00013472675
-0.00849161,0.0036529042,0.0025659895
0.010990105,0.0027481355,0.00049889565
-0.035060246,-0.0014447011,-0.0012921039
-0.004110411,0.002226293,0.0058163963
0.0016306106,0.003368307,0.00011861266
0.013735549,0.00023992732,-0.00020812894
0.007828562,0.0010770597,0.001110023
0.015336363,-0.001124993,-0.0009935462
0.020597307,-0.0024140812,-0.0019030625
-0.0030752937,-0.0028730743,-0.0025608358
-0.0002410134,-0.002940122,0.0002506636
0.021309411,-0.0054156967,0.000594556
-0.0017465781,-0.004256662,-0.000653823
-0.0069040842,-0.001120463,0.0010069609
0.017237324,-0.001020398,0.0021372077
0.0077236057,-0.0043229423,-0.0038353128
0.027406141,7.086247e-05,0.001954149
-0.0079572955,-0.0035547465,-0.0024648283
0.009251658,-0.0024325214,-0.0001287791
-0.0010385899,-0.0037704818,0.0018413776
0.01767473,-0.003623616,-0.0016164682
-0.0035979103,-0.0012657978,-0.00012744917
-0.0021398491,-0.0007664673,0.0023320764
0.0024124756,-0.002623126,-0.00071580184
0.0018272056,-0.0017846785,-0.00015422027
0.00057833927,-0.00014423206,0.0016550296
0.024141952,-0.0012309514,0.00037962565
0.09355323,-0.002052009,-0.00074239995
0.032155644,-0.002144497,-0.0013243362
-0.035923064,-0.0015269704,-0.001234849
0.0014362108,-0.0061861314,-0.00040319155
-0.007529278,-0.0056110173,-0.0017744924
-0.0011239063,0.0019512512,0.0015466802
0.007876196,-0.0003163293,-0.00087437883
0.0051433695,-0.0010817088,0.0004627278
0.01725508,-0.001513347,-0.00031983748
0.003392455,-0.002598837,-0.000112763315
-0.00042754496,-0.0034951307,-0.0013611701
0.017067824,-0.0028826632,-0.0007435671
0.007606996,-0.0028582476,0.0010328924
0.002845328,-0.0031722263,-0.00027996436
-0.015472484,-0.0029427595,-0.00049686665
0.026897214,-0.00025224313,0.004248522
-0.003405065,-0.0045978837,-0.0037740914
-0.0004505336,-0.00031382963,0.0007699844
0.0018781458,-0.00054045394,0.00097187096
-0.0042742,-0.00308536,-0.0011180525
0.0049548964,0.00015143678,0.0012834463
0.033841375,-0.0018151961,0.0015976611
-0.00379361,-0.004878912,-0.0034742688
0.009683379,-0.0010722987,0.0016885862
-0.0068965447,-0.0044750236,-0.00093396404
-0.0041233166,-0.0026898198,0.00032165143
0.023207724,0.00015785173,0.0033158215
0.057182353,3.1918287e-05,0.0011382519
0.019439971,-0.004267089,-0.004974358
-0.019760894,0.0005957,-0.0019944732
-0.024997437,-0.003273841,0.0017755531
0.025121475,-0.0077044107,-0.0018771833
0.015631257,-0.0028675161,-0.0016917225
-0.027405443,0.0015239753,0.002926089
0.019601898,-0.0002113469,0.0035429534
0.015620282,-0.005450163,-0.0041575627
0.072660975,-0.0005101375,-0.0015924617
-0.032904427,0.00037394091,0.00076196506
-0.01663182,-0.003895633,0.0012527283
0.04416739,-0.006434966,-0.0006464326
-0.07441689,-0.0038941577,-0.00294644
-0.04540001,0.003971584,0.005577866
-0.006285339,0.0049549863,0.0012557139
0.0014758527,0.0028143525,0.000952727
-0.0005263479,0.002639331,0.0016075906
0.022643514,-0.00012203306,0.0012794686
-0.01359423,-0.0009816028,0.0009164488
-0.012424331,-0.0010769814,0.003154775
-0.026852664,-0.0008787997,-0.00031669176
-0.0027159152,0.0039763786,0.00395553
-0.007952106,0.0036619604,0.00036047952
-0.018886585,-0.0023868382,-0.0014969257
0.008393956,0.0028597005,0.0051245065
0.0022198067,-0.0005037002,-0.0012341461
0.0023255711,-0.00070464984,0.00066538446
0.019887254,0.00045824796,0.0018178116
0.018524528,-0.002446998,-0.0015808328
0.01659227,-0.0018174313,-0.0011827562
-0.014752078,-0.00189358,0.0010370248
0.0050972006,-0.0024772994,0.0023136153
-0.021024805,-0.0038840212,-0.002882399
-0.017807052,0.0027310364,0.0048116893
0.007142089,0.0052520633,0.0023972457
0.02825656,0.00015304983,-0.00079853414
0.024403216,-0.0016699508,-0.0019342152
0.046815086,-7.248297e-05,0.0030129866
0.013752839,-0.005477857,-0.0051635457
-0.0051727383,-0.0021055005,0.00081042794
0.03835962,-0.0062005483,-0.0011829848
-0.015306077,-0.004624065,-0.004019331
0.019573987,0.0013426654,0.0051868046
-0.0018822189,-0.0056393705,-0.0038247213
-0.028285876,-0.0007006228,0.0012071392
-0.016495217,0.00023756549,0.0013080834
0.0053275544,-0.00064088777,0.0008051833
-0.0056918724,-0.001605656,-0.0014145705
0.026450852,-0.00017698482,0.0013889594
0.008750035,-0.0017183721,6.59551e-05
0.002001707,-0.0024998449,0.0003220035
-0.0016172545,-0.0022950359,0.0022330335
0.037637014,-0.0024453625,-0.0004743524
-0.017906377,-0.0010714531,-5.2054762e-05
-0.007760582,-0.0008866638,-0.000121000456
-0.008480979,-0.0013839938,0.0003140485
0.028226584,-0.00046926364,0.001816084
0.011738577,-0.0026434772,-0.002391201
-0.027772712,-0.00038730726,0.0013935937
-0.0122157065,-0.0013508387,0.0009731039
-0.0009513518,-0.0029018521,-0.0006733575
0.0083794035,0.00085513294,0.0024468107
9.444888e-05,0.0004616417,0.0014446382
0.008214476,-0.00063344464,0.0004890771
-0.02032214,-0.0006050505,0.00081235636
-0.0015295255,0.001183264,0.003523318
0.037529975,0.00068983063,-0.0005223248
-0.001384161,-0.0026483834,-0.0025060256
-0.004712642,0.00041976944,0.0012441596
-0.016061608,-0.0017405152,0.00035772828
0.0013209982,-0.0016324036,0.0022727356
-0.008575232,0.0007488243,0.0005172074
0.009552298,0.0013739429,0.0015722875
0.01906512,-0.001389198,-0.0024075748
-0.0027715764,-0.0006331317,0.0011455507
0.040207487,-0.001180727,0.0022428338
0.041147158,-0.0054009594,-0.0033145596
0.008725378,-0.0007462986,0.0010395306
-0.008141105,-0.0022878908,-5.2434392e-05
0.026761262,-0.004816383,-0.0034253665
0.011574711,-0.001639504,0.001179066
0.016792832,-0.002811212,-0.0021735243
-0.0021858537,-0.002535548,-0.002133697
0.02125763,-0.0022248589,0.0023304485
-0.020497352,-0.004878182,-0.0011909828
-0.013383092,-0.000859607,0.0020361685
0.022278849,0.00053538755,0.0012684877
0.008685178,-0.0035291873,-0.0038544855
-0.006298341,0.00052979216,-0.0020809558
-0.010189318,-0.0006587021,0.0031360863
0.008105698,-0.006065253,0.0014622177
0.0069148554,-0.004188966,-0.0023111298
0.011179381,0.0005099885,0.0008829618
0.01010824,3.2726675e-05,0.0027486521
-0.038855452,-0.0034041815,-0.0016543278
-0.002196228,-0.0012156777,0.0014306956
0.0016304278,-0.0019624345,-0.0007162641
0.012045216,-0.00029302016,0.0012136789
0.00064336014,-0.0010915659,-0.0006406279
-0.00040185687,-0.0018058382,0.0001564807
0.011336258,-0.002870299,0.0009093338
-0.013753107,-0.003545832,-0.0009205302
-0.001692722,-0.0006801635,0.0025299566
-0.020912364,-0.0009929389,0.0011603658
0.021524003,0.0013376959,0.0023600957
-0.006862082,-0.00047963485,-0.0008829179
-0.03194603,0.00029763207,0.00325278
-0.00067171216,0.0021946914,0.0009796866
0.017393494,-0.0027878731,-0.0032331755
-0.00883713,0.0014918409,0.0036334435
0.007999325,-0.0004906021,0.00026566273
-0.0033893003,-0.0035418607,-0.0022578908
0.017169872,-0.00085237995,0.0017329738
-0.013862815,-0.00180142,0.001379918
-0.0065327124,-0.00085642934,0.002043195
-0.027218217,0.000109158456,0.0003720352
0.007187442,2.6293099e-05,-0.00017532206
0.01622635,0.000429973,0.0010289183
0.04355458,-0.0005804412,0.00028346397
0.0069694393,-0.0021345653,-0.0016390218
-0.005091483,-0.0020805262,0.0013113061
-0.007836205,-0.00567884,-0.0023574964
-0.010477136,-0.0029282644,-0.0004616842
-0.02647011,-0.0006832741,0.0018659442
0.006525548,5.5860728e-05,0.002388679
0.013049619,-0.00068376586,-0.00014105707
0.0074663907,-0.00035108998,0.00088426954
0.055949204,-4.2308122e-05,0.0011329997
0.0016195546,-0.00260365,-0.00061236916
0.02417802,-0.0025499575,-0.0010012992
0.0007518691,-0.0042837597,-0.0027075128
-0.0091653615,-0.0024733134,0.0006277752
-0.024641747,-0.0035574622,-0.00098015
0.0010106101,-2.6211143e-05,0.003929008
-0.0017862156,0.00041889027,4.7409965e-05
0.026450982,0.00034062564,0.0009798972
-0.00075796654,0.00013353303,0.00011069281
-0.012818587,-0.0011919476,0.00095358246
0.00046110502,-0.0006780997,0.0019619612
-0.00030726168,-0.0017962381,-0.0011426435
0.012752582,0.0011238195,0.0018356622
-0.011833403,-0.0010431223,-0.0012470399
-0.008904611,-0.00037607923,0.002997049
0.010456247,0.0007487871,0.0018056055
-0.01801323,-0.00053264573,-0.0005155129
0.0064006876,0.0013244674,0.0013541307
0.0058947476,-0.0012242384,-0.0018233194
0.027141677,-2.2884458e-05,0.0031291097
-0.020944437,-0.0033787005,-0.0024114705
0.0020702675,-0.0008261129,0.00384359
0.008416794,-0.0024710596,-0.0012281816
0.028075062,-0.0018976703,-0.0016918925
0.010627995,0.00011298433,0.00012932322
0.0030673589,-0.0018726438,-0.00026777398
-0.0040043904,-0.004532557,-0.00036423013
-0.00065786793,-0.0037130676,-0.0006067916
-0.009801854,-0.0011674054,0.001457344
0.0061313575,-0.00041962415,0.0016448598
0.007342144,-0.00019830093,0.0008911645
0.0039359224,-0.0006607808,0.00015983233
-0.012124279,-0.0010303594,-0.00032803434
0.010509242,-0.00047929212,0.0020787353
0.010836404,-0.002182763,-0.00089904293
-0.0049644033,-0.0016168207,-0.000668106
0.004772261,0.0008045323,0.0043298304
-0.00093555613,-0.0021981262,-0.0016078942
-0.030540988,-0.0005007498,0.00059317827
-0.02399878,0.0025483929,0.0033415875
-0.00083739805,0.0037084185,0.0024376824
0.00700951,0.0025536194,0.0003719655
-0.020579565,-0.0003482364,0.0006913774
0.015527306,0.0025963932,0.004348616
0.012703469,-0.00055335835,-0.0018258682
-0.009614653,-0.0015928522,-0.0010403472
0.025180068,0.0005723648,0.0025281
-0.0138343945,-0.0026779436,-0.0010047219
0.02228058,-0.00018477067,0.0027746574
-0.0020547353,-0.0029547848,-0.002583734
0.020148467,-0.0008009784,0.001286258
0.005550381,-0.0018014349,-0.0013891724
-0.0021505596,-0.002252046,-0.00062503736
0.01795977,-0.0025484897,0.0003196553
-0.009950626,-0.0034148358,-0.0010196442
-0.012188977,-0.0011248253,0.0016608196
0.013782679,-0.001091633,0.0015911896
0.003558972,-0.0025376491,-0.001743173
-0.012128567,0.00012156367,0.0018171194
-0.0021539566,0.0013137944,0.003729623
-0.016117357,0.0005259812,0.0005288811
0.008483168,0.003732305,0.0023285442
0.016098632,0.0019236989,0.00055494474
-0.09598913,-0.0017613955,-0.001376122
-0.025499295,0.0021527447,0.006231143
-0.00032405148,0.006893862,0.00037489808
0.019043747,0.004339356,0.0014070264
-0.0035785045,0.0023998804,0.0024538164
0.018116493,-0.00057931617,-0.0003149045
0.007917238,-0.0024419166,-0.0019309695
0.013921241,-0.0025642104,-0.002157203
0.008284129,-0.0028989427,0.00013833027
0.0072270595,-0.004654102,0.00070075976
0.006495473,-0.0045264103,-0.00076056155
-0.011781421,-0.002221439,0.0005315169
0.017996773,-0.00069833547,0.0023624338
-0.0031329119,-0.004283365,-0.0038604152
0.013394143,-3.5915524e-05,0.0021645862
0.0070147845,-0.0034648888,-0.0021708268
0.017011233,-0.0021603964,9.7563025e-06
-0.012689218,-0.0026282705,0.0021632412
0.0071563874,-0.0038370527,-0.0016432973
0.005075384,-0.00198083,-0.00028180965
0.010099619,-0.0005116388,0.0024085334
-0.012855328,-0.0021468587,-0.0005279109
-0.0012299101,-0.0018009171,-3.3676042e-05
0.0041288813,-0.00064700097,0.0013705663
-0.016015014,-0.001048591,0.0005420424
-0.018181788,-0.0008827187,0.00010216277
-0.0044802185,-0.0008245036,0.00056393165
-0.020177035,-0.00067633763,0.00092585373
0.013473126,0.0006175749,0.0030424416
-0.007251354,-0.0004939586,0.0006297948
0.053412497,0.00026681647,0.0019184143
-0.013073294,-0.0023580268,-0.0021247957
-0.01419791,-0.001214724,0.0002574238
-0.007869321,-0.0036893897,-0.0013826492
0.0024693343,-0.002848331,0.00013800064
-0.0057475874,-0.0020895265,-0.0005685929
0.0048048003,-0.001456771,0.0003359582
0.025029933,-0.0018240176,0.0016849991
0.006633163,-0.00311568,-0.00024856842
0.011296144,-0.0022247024,-0.00024834252
0.015322923,-0.0011537932,0.0035614811
0.006487998,-0.004917469,-0.00405603
0.0007007154,-0.0010181293,-0.00012158748
-0.009662546,-0.0012827106,0.0008111624
-0.0011312476,-0.0032518618,-0.0011240558
0.008707767,-0.00041668117,0.00085210253
0.0031767364,-0.0027043521,0.0013077161
0.001996479,-0.004381258,-0.0028844755
0.002335942,-0.0012399442,0.0017804214
-0.0047981148,-0.0030330382,-8.194626e-05
-0.03292237,-0.002135817,0.00060441426
0.0014955591,0.0006956756,0.003936733
0.004124604,0.0020557046,0.0016519448
0.004674247,-0.0025489144,-0.003316479
-0.0026081707,-4.2773783e-05,-0.0005146947
-0.0051594526,0.00028546527,0.0033802346
-0.04482806,-0.005275715,-0.0010604811
-0.0004462444,-0.0023553632,-0.00083080493
0.0067713642,0.0005738288,0.0028247419
-0.0042129145,0.001677718,0.00461297
0.0026720152,-0.0023320206,-0.002625682
0.009623237,-0.0018410049,-0.0017276669
0.004032576,-2.4661422e-05,0.0019604284
-0.0055499473,-0.0029763952,0.001615759
-0.0024966688,-0.0028041266,0.0008918283
0.0010306198,-0.0026955009,-0.002335426
-0.01639944,0.0011723079,0.004067908
0.013831821,0.00093840435,0.0013671315
0.012905604,-0.0015260689,-0.0008461564
-0.009756181,-0.00075325,-0.00036836788
0.0028674318,-0.0009963997,0.00019363582
-0.010263885,-0.0021173619,0.00059137685
0.0001481798,-0.0005100705,0.0032304465
-0.024514867,-6.6082925e-05,9.177852e-05
-0.0056184456,0.0032294132,0.0040747756
-0.0013744211,0.0032823496,7.358519e-05
-0.0016819786,-0.0024041273,-0.001830145
-0.0006127122,0.0023817793,0.0048364047
-0.009119491,-0.00084597245,-0.0013294036
-0.008584691,-0.0011389367,0.0003488771
0.005772605,0.00063312426,0.002013445
0.0055069164,-0.0016440414,-0.00093620946
0.0042425413,-0.0012258999,-0.00043777644
-0.014901317,-0.00096746907,0.0018506583
-0.0015594304,-0.00096463785,0.002956379
-0.014759854,-0.0026891902,-0.0022314594
-0.0056278273,0.0028249435,0.004972066
0.0010363084,0.0047611594,0.002393528
-0.00740564,-0.00025201216,-0.0008411512
-0.010990796,-0.00104798,-0.0017545708
0.011518479,0.00033945218,0.0037036987
-0.008099395,-0.003785599,-0.0034595577
0.018190637,-0.0004731603,0.002780638
0.0050023603,-0.0030171052,0.000117578544
-0.019909905,-0.0028017238,-0.002465679
-0.005481663,0.0010779388,0.005240579
0.0155629255,-0.003944654,-0.0028201344
0.032085534,0.00015296414,0.0016074607
0.00023199119,-0.00012974069,0.0011280824
0.0028607575,-0.0021483265,0.00014327996
-0.0037777,-0.004209902,-0.0032213146
0.014471406,-0.0016168728,2.3867935e-05
0.007399506,-0.0025365092,-0.000117132906
-0.0034832004,-0.0026084296,0.00034250628
0.0041032922,-0.0016356371,0.002615893
-0.012411075,-0.0020875148,-0.0003301382
0.0040612933,0.00016732886,0.00086586183
-0.0046554273,-0.0006058477,-0.00024801848
-0.014415004,-0.00044259802,0.0013926168
-0.004978931,0.00018158928,0.0020103562
0.0018764492,-0.0024355538,-0.002107566
-0.0024972663,7.111579e-05,0.0017665555
-0.00031294723,-0.00014640763,0.00159105
-0.011425882,-0.0021066852,-0.00023934402
0.00031666335,-0.00024110451,0.0021174494
-0.0049857334,-0.00028385967,0.000979596
-0.0026246863,-0.0002691485,0.0006382864
0.003907479,0.00022175163,0.0013273199
-0.00031774497,0.0015117712,0.0034971372
0.008899505,0.00035569444,-0.00029141898
-0.0044104713,-0.0023215376,-0.0025473007
-0.002531503,-6.405637e-05,0.0010988928
-0.0073756264,-0.0011658333,0.0010012104
-0.0136625655,-0.00091509894,0.0026144066
-0.00712837,0.0008234419,0.0007658453
0.008811306,0.0014604144,0.0013820729
-0.002021836,-0.0013829172,-0.002142662
-0.01807134,-0.00041827187,0.001615895
0.007014925,-0.00041650236,0.0026290768
-0.009178784,-0.003730502,-0.0021764312
0.016046276,0.0011007003,0.0026762786
0.004233184,-5.153939e-05,0.0012577128
0.00081062317,-0.002393365,-0.0018158217
0.018224526,-0.00046804547,0.002125651
0.0035001389,-0.0034663118,-0.0024125162
0.008799054,-0.0018828325,-0.0014895329
0.0018858861,-0.001696445,0.0023968122
0.005333276,-0.0040257312,-0.000630092
-0.019503765,-0.0011587702,0.0016357531
0.008593267,0.00042721257,0.0016103396
0.016803386,-0.0033945106,-0.0040481035
0.0045775184,-0.0001813285,-0.0022797913
-0.006873644,-4.7128648e-05,0.0032979944
0.009565371,-0.006119162,0.0013547101
0.02002766,-0.005116783,-0.0027106113
0.0016613897,5.0175935e-05,0.0004126574
0.0003769832,-0.0001867786,0.0027030953
0.012736471,-0.0038243532,-0.0018306053
0.00022323841,-0.0016630702,0.000767058
0.0066215266,-0.001689095,-0.0006793486
0.008277865,-0.0018547811,-5.6675402e-05
0.008649817,-0.0026822425,-0.0013810159
-0.002907043,-0.0021532774,-0.00026085426
0.008746333,-0.002837304,0.000923957
-0.006647386,-0.003786549,-0.0010386248
-0.011056074,-0.00089836493,0.0023998704
-0.016696118,-0.00073299184,0.0013422591
-0.01884961,0.0012863204,0.0022058398
-0.013265271,0.0009282343,-0.00014886633
0.014757041,0.0018730685,0.0035687396
0.007613827,0.0020770617,0.0013372377
-0.004382665,-0.0026921108,-0.0028787504
0.017456004,0.00031762198,0.0029045707
-0.0018648367,-0.0025932267,-0.0008748047
-0.0010462551,-0.0028155632,-0.0019384099
0.0042642877,-0.0012249835,0.0013492993
-0.015494649,-0.0019672327,0.0015083915
-0.0006053407,-0.0002697967,0.0021388652
0.0062082983,0.00045875087,0.0006252251
0.011587725,-0.0006763451,-0.0004889051
-0.011901265,-0.00027142838,0.0006890614
0.008130095,-0.0012185462,-0.00027229148
-0.0038829471,-0.0031252354,-0.0015651488
0.0062969388,-0.0010909997,0.0022391854
0.008343229,-0.0031967275,-0.0011553396
0.00088648876,-0.001870919,0.00010622444
0.021405442,-0.0012190156,0.0015698548
0.00404681,-0.0021074116,0.0010559282
0.004318345,-0.002210874,-0.00092357467
0.0056615206,-0.001686357,-0.00043335767
0.0052733235,-0.0013201945,0.0005558915
0.013468447,-0.001847323,0.00027956092
0.0033573178,-0.0023958646,-0.00072673475
0.0050888513,-0.0021329783,-0.0010822304
-0.0058953455,-0.0015748776,0.0010928644
0.005860576,-0.0029247217,-0.00052712706
0.0019421432,-0.00028611347,0.003602236
-0.0014537311,-0.0007508062,-0.0002168389
0.013449716,-0.00067000836,0.00011270272
-0.0018469628,-0.00040875375,-0.00016496005
-0.023439093,-0.0010935254,0.00092786644
0.005333669,0.00013156608,0.0024596609
-0.00090753846,-0.0013002343,-0.00094561337
-0.008454384,0.0012656115,0.0021501184
-0.000281929,-0.0004281737,-0.0008985454
-0.008669879,-7.4159354e-05,0.0029157966
0.00014223743,0.0012606904,0.0022885806
0.005332006,-0.00026718155,-0.00036010536
0.0061522885,0.00049943477,0.00095149863
-0.0055523845,-0.0013866313,-0.0017132387
0.0135698505,-0.00032165274,0.0028379147
0.00097621774,-0.0038475804,-0.0024419911
0.012539206,-0.00011235848,0.003821903
0.0046095503,-0.0019590892,-0.0009845382
0.0029447519,-0.0024788864,-0.0020372297
0.0027996153,-0.00061637536,-1.9394094e-05
-0.00020426787,-0.0022734068,-0.00012932107
0.007559767,-0.003175255,0.00040762406
0.001284321,-0.0028160699,-0.00018834957
-0.00047260732,-0.0010449067,0.0016373175
-0.0036471249,-0.0010466762,0.0012618026
0.00108452,-0.0005897954,0.0007815416
0.0047400612,-0.00064352155,5.47152e-07
-0.014018074,-0.0009478666,-0.00018934353
0.0017088174,-4.1142106e-05,0.0023782763
0.0054589086,-0.0016918406,-0.000659751
-0.009229729,-0.0014947839,-0.0004834265
-0.0061648684,0.0013929643,0.0046775844
0.009856006,-0.001202032,-0.0011491576
0.022590755,-0.00036622584,0.0007045346
-0.016351845,0.001416672,0.002849248
-0.0031890434,0.00057575107,0.0019227568
-0.002927016,7.573888e-05,-0.001145089
-0.022118995,-0.00046565756,-0.00013623317
-0.00048874144,0.0028043054,0.0042206887
-0.011105653,0.00027840957,-0.0013065604
-0.009040817,-0.00093992427,-0.000408013
0.0035637917,0.001456555,0.0031180896
-0.0029119577,-0.00089517236,0.00017195754
0.0048437063,0.00061093643,0.0030991656
0.003189884,-0.0016867556,-0.0017535503
0.003603692,-0.0007305369,0.0013224223
0.0011969174,-0.0011512674,-0.0008050649
-0.00063288567,-0.0021133684,-0.00039140927
0.007881184,-0.0019885153,0.0007298647
-0.0138936695,-0.0027192235,-0.00054245826
-0.0196828,-0.0010168962,0.0018455954
0.0054167267,-0.00039730594,0.0019796765
0.007973569,-0.0018083788,-0.0013349717
-0.0024943422,0.00031531975,0.0020780219
-0.014003049,0.0015926026,0.003898605
-0.006158908,0.0006046258,0.0006806054
-0.00568678,0.0032504015,0.0019529145
0.010338674,0.0021168217,0.00087327196
-0.005152707,-0.0012210868,-0.0013333368
0.048730616,0.00141697,0.0051634656
-0.008625419,-0.00057670474,-0.0009050849
0.0007718258,-0.0017377101,-0.0011204539
0.014092368,-0.0003789924,-0.00044663926
0.005254387,-0.0021003447,-0.0015910577
0.011072907,-0.0017829686,-0.0014566076
0.006054006,-0.0029344298,-0.0023123082
0.007234668,-0.0028023869,0.00037781545
-0.0009397824,-0.0045160465,0.0008075027
-0.005375281,-0.0041514523,-0.00043361261
-0.009525121,-0.0017380379,0.0008838694
0.016368907,-0.00011957064,0.0026444213
-0.0061736554,-0.003608521,-0.003418179
0.015597552,2.2593886e-05,0.0023533315
0.0144272195,-0.003409665,-0.0021419693
0.0031458626,-0.001992721,-1.7239712e-05
-0.0011106636,-0.0024278872,0.0023217606
0.009549393,-0.0043553524,-0.0019584687
-0.0028506797,-0.0016235039,-0.000129694
0.007926718,-0.00048729405,0.0023874291
0.00032223162,-0.0024363361,-0.0006392272
0.002513305,-0.0016843937,-8.065393e-05
0.00051415164,-0.000555411,0.001406106
0.0048828125,-0.0014480539,0.00028584205
0.013745884,-0.0016884468,-0.0004711066
0.012550489,-0.0014624409,-2.5413872e-05
0.003425743,-0.0017374493,-7.846276e-06
0.0018000824,-0.0018957369,0.0014743498
-0.0068777534,-0.0024735816,-0.0002847585
-0.00037432965,-0.000556279,0.0010212801
0.010860101,-0.0015004873,-0.0014016244
0.009570189,-0.0010586418,0.00027536298
0.0073390757,-0.0015913434,-0.00043229188
-0.0066177617,-0.0026677698,-7.856276e-05
-0.0043392708,-0.003813263,-0.0013180892
-0.0041741324,-0.002667088,-0.0004435057
0.0031437452,-0.0018701926,0.0017626559
-0.007250878,-0.0026701353,0.00017585338
-0.009346339,-0.001812391,0.00031954393
0.004561048,0.0007892661,0.004642196
0.008458767,-0.0032226779,-0.0030816358
0.0065992805,-0.0005464442,0.0007093994
0.0015317688,-5.3409487e-05,0.0013288477
0.0017740933,-0.003062576,-0.0011608553
0.004435383,-0.00034778938,-0.0001768017
0.013926625,-0.004212875,0.0004567384
0.014740386,-0.0059408955,-0.003939566
-0.0059425654,-0.0015363656,0.0012691288
-0.016937902,-0.0033231415,-0.00030952354
-0.02668922,-0.0028609484,0.00035722274
-0.013536945,0.001012221,0.003911768
0.028149163,0.0033187754,0.00224163
0.035934333,-0.0032692328,-0.0035612278
-0.011562616,0.00020173565,-0.000772913
-0.0073529184,-7.311627e-05,0.002913501
0.013131293,-0.0076750554,-0.0020948949
-0.06414092,-0.0034972094,-0.0019707482
-0.007457354,0.0017047338,0.0035601
0.011091215,0.0019102991,0.0037117617
0.028662402,-0.0019258149,-0.0019324021
0.03852772,-0.00031607598,-0.0010912444
0.0043060337,0.00072240084,0.0013776536
-0.053759865,-0.0045467354,0.00059994427
0.01254788,-0.0044744387,0.00044171442
-0.027882943,-0.003586989,-0.0027971377
-0.018059498,0.0036610998,0.005591939
0.002524331,0.0037943833,0.0018409323
0.026978418,-0.0004589893,1.6656879e-05
0.0031523698,-0.0002666153,-0.00010734727
0.007332437,-0.00083552673,0.0003290224
-0.022530315,-0.0023822822,0.00025284544
-0.02092199,-0.0014607348,0.0028855575
-0.05613912,0.0004525669,0.00013154384
-0.022640068,0.0063531063,0.004881708
0.005496714,0.007028464,0.0012121458
-0.018352253,-0.0023561604,-0.00067768677
-0.00954653,0.0032759793,0.006007675
0.0012048469,0.0011636056,-0.00094906276
0.016044911,-0.00077369437,0.0006305683
0.03434666,0.0007739663,0.0020393431
0.007633544,-0.0022621155,-0.0015909683
-0.0155302975,-0.0020145848,-0.0013886797
-0.01769908,-0.002779778,0.0010068034
0.017626276,-0.0016166344,0.0025691895
0.017705966,-0.00240276,-0.0021017976
0.02950071,0.0020860955,0.004730424
-0.009919124,0.0017186292,0.0012881476
0.039332077,-0.0022420324,-0.0019806016
0.0142806005,-0.003081683,-0.003834767
0.062302023,-0.00045896694,0.0027623826
-0.012259803,-0.0065428317,-0.0055275587
-0.021804752,-0.0018119775,0.0012743612
-0.024005514,-0.0065699704,-0.0010867354
-0.011595219,-0.003097657,-0.0025047818
0.03199437,0.0045452006,0.006227483
0.011367548,-0.0025715493,-0.0020859374
-0.0061308006,-0.00031526014,0.0017826072
0.0037697263,-0.0008649267,0.00071099575
0.07613518,-0.0023784712,-0.0001527943
0.018083746,-0.0040853396,-0.0033908973
0.018074105,1.0311604e-05,-0.00023448875
0.0067340443,-0.0058158003,-0.0021428878
0.006384892,-0.0051751956,-0.0012937237
-0.008156999,-0.0022738688,0.0018489562
-0.0006092128,-0.0020105615,-0.0002980596
-0.008838796,-0.00021567568,0.0004957163
-0.0052276133,-0.0004611574,6.3762476e-05
-0.0102008665,-0.00024952367,0.0013077039
0.003435372,0.00028437003,0.0021556274
-0.0074697067,-0.002354715,-0.0020925247
0.007839448,-0.000109720975,0.0017974412
-0.009645285,-0.0006221719,0.0012079687
-0.021363502,-0.0019703247,-4.3090666e-05
-0.009309759,1.6186386e-05,0.0021548383
-0.018146511,0.00033778325,0.0013019197
-0.021122092,0.0009090118,0.0012499695
-0.026298068,0.001558505,0.0020967484
0.0058864295,0.0039787106,0.004560738
0.027883008,0.0024147667,0.00047826627
0.040187504,-0.0023668073,-0.0017728941
-0.024468778,0.00020002946,0.00065064733
-0.01749171,-0.0018652417,0.0005941111
0.02955993,-0.0032267384,0.0014290707
0.019249598,-0.0005729571,5.3969037e-05
-0.008002561,0.00096136704,0.0011987985
-0.007099042,-0.0015010051,-0.0029540793
-0.021774458,-0.0015091188,0.0005065873
-0.004318972,-0.0010853373,0.0026479128
-0.037036996,-0.0027812906,-0.0016919835
0.0031185083,0.0018982403,0.0033741698
0.029360915,0.0015579574,0.001966063
-0.019463085,-0.0019028597,-0.0012218712
-0.011978045,0.00051112846,0.0030629726
0.028056787,-0.0030048005,-0.0022407158
0.00842318,-0.00226764,-0.0014847287
0.011693966,0.00041740388,0.0032746485
-0.02542934,-0.0041539557,-0.00092691835
-0.017282285,-0.0016119592,0.0017933138
-0.05517243,0.0009532757,0.0014191488
0.058394175,-0.0011781789,-0.0024378526
0.034137923,-0.0013909079,-0.0022082825
0.048349477,0.0026679374,0.004357338
-0.009860095,-0.006565947,0.00018173846
0.0057822135,-0.007074628,-0.0038945351
-0.046311047,-0.0025611334,-0.0012575816
0.036838528,-0.0006255023,0.0031328371
0.01033597,-0.0034827031,-0.0016325593
0.017263396,0.00018426031,0.0021216003
-0.0150848385,-0.0016622767,-0.0011495869
0.055201005,-0.0023885034,-0.00013816427
0.02540067,-0.0042752475,-0.0024869808
0.04924807,-0.0010740273,-0.00043325138
0.006745302,-0.0045193546,-0.00091677497
0.015354529,-0.005163569,-0.0023326988
-0.03766838,-0.0040567517,0.00033909385
-0.059999958,-0.0022628643,0.0008820606
-0.00577515,0.0029808134,0.0022977323
0.008865818,0.002398543,0.00027683418
0.010303035,0.0025076382,0.004613173
0.02279539,0.002819825,0.0016387557
-0.015542487,-0.0033980012,-0.0037195876
-0.019660406,-0.0001625903,0.002752422
0.01610449,-0.002614975,-0.0006569277
0.0053827846,-0.0031059273,-0.0019191487
-0.033016082,0.00059213117,0.0022409013
-0.016610244,-0.0010332875,0.0021250183
-0.0037534856,0.00010858849,0.0020420738
0.027943525,0.0023277774,0.0015086951
0.017104384,-0.00055082515,-0.00025630224
0.02042043,-0.0005581714,0.0006975741
-0.0032372163,-0.0019903071,-0.0013070933
-0.021257674,-0.0036556087,-0.002013777
0.036802333,-0.002506461,0.001572844
0.0037823995,-0.004390266,-0.0016989559
-0.0011594468,-0.00064022094,0.0005310187
-0.03163088,-0.0018097982,0.0011086059
0.01947862,-0.0017343722,0.0015982059
-0.0114638265,-0.0017458498,-0.00084068987
0.013975539,3.704056e-05,0.0011498734
0.0076246965,-6.539747e-05,0.00087481627
0.005529646,-0.0015917756,0.000549042
0.065991394,-0.0021311305,-0.0006584299
-0.02878092,-0.0030737855,-0.002112188
0.0008386575,-0.0011866502,0.0014126203
-0.03938547,-0.0057492964,-0.001977365
0.013957533,0.00083000585,0.0042609475
0.007743059,0.0010173656,-3.152917e-05
0.0025611883,-0.00024786964,0.001097462
-0.005960803,0.00070035085,0.00025960745
-0.02113083,-0.0011269711,0.0007702485
0.011668656,0.00028498098,0.0025653683
0.006055337,-0.0011176728,-0.00081745407
0.022642618,0.000817623,0.0020419932
-0.02550448,-0.0012721233,-0.0015889255
-0.035662975,-0.00086703524,0.0028471623
-0.028332746,0.0012473725,0.0018981633
0.005217869,0.00248966,0.000408308
0.011908378,0.002983909,0.0020803506
-0.007543754,-0.0009937026,-0.00059485587
0.03314078,0.00040913373,0.003325463
-0.0409064,-0.004123006,-0.00278951
0.020251606,-9.6384436e-05,0.0043149004
0.011127788,-0.0026879124,-0.0013748347
0.02052357,-0.0015536062,-0.001354309
0.006412049,0.00039265677,1.9288622e-05
0.017665816,-0.002245646,-0.00043488503
0.041832704,-0.0044676363,-0.00045535353
0.0027314525,-0.0036942475,-0.0011631039
0.0073549566,-0.001935523,0.0008599516
0.032449994,-0.003326688,-2.519181e-05
-0.004452645,-0.002469834,-0.0003813341
0.015259191,-0.0011765957,-0.00043774594
0.0069966433,-0.002257999,-0.0013771884
-0.0038600494,-0.0011871494,0.0016134508
-0.0010333484,-0.002329763,-0.000992457
-0.0204292,-0.0023112558,-0.0010392165
0.0029039232,0.0013286881,0.0046955375
-0.04343252,-0.00094692037,-0.0010377311
-0.045404553,0.0010515042,0.0018567974
-0.0011529865,0.005762983,0.004098107
-0.013564249,0.0056115724,0.003358992
0.003218274,0.003365431,0.0014397264
-0.013414963,-0.00038584694,0.0005569101
0.023056421,0.0023022555,0.0043127234
0.01646922,-0.0008239262,-0.0017643941
0.0105173085,-0.0018671565,-0.0012331342
-0.00253165,-9.8425895e-05,0.0019180052
0.006486169,-0.0029286258,-0.000924657
0.00672462,-0.00095519796,0.002016853
-0.0011133013,-0.0022574104,-0.0020333661
0.008358853,-0.0007096864,0.0011600924
-0.0035920767,-0.001545202,-0.0010183252
0.010260646,-0.0020059496,-0.00028728164
0.012352478,-0.0021929406,0.0005237226
-0.0010846235,-0.0026789121,-0.0005980808
-0.023615606,-0.0015117191,0.0013986728
0.016402561,-0.0012091883,0.0017115135
-0.013676148,-0.002713915,-0.0019094858
-0.011647309,0.00041550025,0.002250528
0.0008417166,0.0022499412,0.0038835078
-0.021026073,0.001210779,0.0009285526
-0.030641459,0.0041878372,0.002611376
0.021861203,0.003604766,0.0011339749
-0.05088171,-0.0009641908,-0.0011673132
-0.009442625,0.0022330321,0.0066078957
0.092865944,0.005199004,0.00031236885
0.004220532,-0.0030153655,-0.0012234579
0.022695472,0.0012182854,0.0010935905
0.02164386,-0.0021991096,-0.0034285549
0.0109949,-0.004249513,-0.0031138305
0.01167105,-0.0029993877,-0.0029737635
-0.0049816105,-0.0038196556,-0.0002674932
0.02160737,-0.0049446076,0.00070339954
-0.021924227,-0.004774142,-0.0009001589
-0.0031645289,-0.0011885427,0.001250145
0.028042365,-0.00052083656,0.0022061183
-0.01621207,-0.0038891844,-0.0034800514
0.03086582,0.00041896477,0.0024438389
0.030449145,-0.004334137,-0.0026638822
0.06747101,-0.0015574954,-0.0002625573
0.01061137,-0.0034141578,0.0009798512
0.021228036,-0.005085986,-0.0030881728
-0.02458655,-0.0049442463,-0.0023239471
0.0006874147,-0.0027074218,0.0013795187
0.0066407355,-0.0032294728,-0.001076166
0.0027298168,-0.0010760613,0.0002309448
0.0034028518,0.00035879388,0.001833446
0.016052432,-0.00140227,0.00024356309
-0.0053404067,-0.0020718686,-0.0007285434
-0.021476489,-0.0013894103,0.00010329875
-0.031778764,-0.0017709956,0.00027148554
-0.01015349,-0.0002130866,0.0025172636
-0.0155056715,0.0008332841,0.0012133609
0.02132302,0.0020108186,0.0026773768
0.013048617,-0.00065548345,-0.0007654282
0.043091338,-0.0009174682,0.0006256765
-0.011225864,-0.002199579,-0.001355984
0.012034486,-0.0030203871,-0.00032192096
0.01368635,-0.006027464,-0.0024697788
0.021691004,-0.0025338046,-0.00081324053
-0.010182003,-0.0021091178,0.00095523207
0.021230055,-0.003869243,-0.00044620526
-0.019288503,-0.0038902573,-0.0010243448
0.028846232,0.00021902844,0.004564224
0.019541167,-0.0048628114,-0.004023649
0.052083332,-0.000677567,0.00030563062
0.0051484816,-0.0012717433,9.271549e-06
-0.0072891833,-0.003724847,-0.0020670276
-0.0023920615,-0.0006882511,0.0011387293
-0.0015985315,-0.0021578558,0.0018222674
-0.00503205,-0.003270831,-0.0019657137
-0.003275904,0.00011902675,0.0025866402
-0.0061695906,-0.0022797398,0.00039676653
-0.015084742,-0.0016637705,0.000939961
-0.0013548288,0.0008776337,0.0039376765
-0.004659903,0.0016706139,0.0017351542
-0.002548346,-0.002646681,-0.0035997282
0.0,-0.00029848889,-0.0005346774
0.007129683,0.00039405748,0.0035977054
-0.0036575727,-0.0047614686,-0.0009363113
-0.0039078905,-0.0029526614,-0.0014538472
-0.037032608,-0.00034273043,0.0023174118
0.008765421,0.00042429194,0.004028973
0.009178803,-0.0034122057,-0.0031168256
0.003759369,-0.00055430457,-0.00082199555
-0.0056179333,0.0011163466,0.0023085433
-0.0075937063,-0.0029716901,0.0015664482
0.00024481688,-0.0024324283,0.000996754
0.0012852309,-0.0021790154,-0.002048773
-0.013507773,0.0013271347,0.004257668
0.0046468405,0.0009765513,0.0013083566
0.0037003153,-0.0014162473,-0.0007636873
-0.0043625603,-0.0005890094,-0.00026813406
-0.016477402,-0.0008427985,0.00036062603
-0.0070903534,-0.0012814179,0.001215572
0.013586918,-2.1930784e-05,0.0033044894
-0.014901174,7.515773e-05,0.0003293696
-0.0013924128,0.0025476478,0.004034939
-0.0003169163,0.0023495816,-0.00038115738
-0.011158274,-0.002562452,-0.002321188
-0.002179883,0.0021599121,0.004685524
-0.015228492,-0.00094589964,-0.0013711227
-0.0045020697,-0.0006400198,0.00066922273
-0.0007865922,0.0010584779,0.002158106
0.010298506,-0.0013476983,-0.0006497165
0.009998658,-0.0012523346,-0.0004893255
-0.009449738,-0.0009084791,0.0018698949
-0.0073333094,-0.0012319945,0.0027996898
-0.011244778,-0.0030019395,-0.0023737152
0.0024464105,0.0026659258,0.004711679
0.009563993,0.004156325,0.0023097447
0.0056187157,-0.0008508377,-0.0010383353
0.0027937107,-0.0015143268,-0.002240111
-0.0020732577,-0.00020247325,0.0030781913
-0.01071216,-0.0044773854,-0.0038161112
0.009909401,-0.0011260025,0.0023217238
0.0,-0.0027241148,0.0003763322
-0.018454717,-0.0025109015,-0.0021246588
0.0005296381,0.0015235171,0.005539746
0.010057493,-0.0035778359,-0.0026615334
0.004258167,0.00011916831,0.0017153546
-0.009654244,0.00022369623,0.0014119672
0.009814189,-0.0015892424,0.00049561134
0.00078269595,-0.0031575523,-0.002483797
0.010232728,-0.0008039437,0.0005895046
0.011935524,-0.0022480898,-3.6799116e-05
0.010455845,-0.00297473,0.00010816561
0.04492394,-0.0018398091,0.0024076544
-0.0027776505,-0.0033053234,-0.0010892451
-0.005025653,-0.0012302585,8.455635e-05
-0.00030430287,-0.002264224,-0.0014434052
-0.0021306756,-0.0015955418,0.0005012766
0.013360191,-0.00018347427,0.0017822791
-0.0016254546,-0.0028863065,-0.0024616106
-0.0010250733,-0.00051407143,0.001363742
-0.02812823,-0.0012648292,0.0009202352
0.009440434,-0.0020884834,-3.6264886e-05
0.0064603644,-4.8078597e-05,0.0019116809
-0.005440759,0.00010576472,0.0014917618
0.0060851327,-0.000364881,0.00045842055
0.009164223,-0.0006231256,0.0008232399
-0.01549823,0.00089726225,0.003233949
0.002336766,0.0003241673,-0.00033155456
0.0042944597,-0.0022390038,-0.002627307
-0.00061081763,9.705499e-05,0.001300057
0.008740786,-0.000619825,0.0012979633
-0.013088551,-0.0014367849,0.0022731018
-0.0045434413,-0.00011251867,0.000515403
0.003392264,0.0007985793,0.0008655874
-0.0022743738,-0.0015858598,-0.0023257642
-0.007762889,-0.00037716702,0.0015254668
0.0037254943,-0.00047215447,0.0025790085
-0.0040828236,-0.0035928376,-0.0021064715
-0.0013044705,0.00055198744,0.0023676052
-0.007650179,-1.0702759e-05,0.0014302906
-0.0013162439,-0.0021731444,-0.0016608869
-0.0021965033,0.00015284866,0.0026124981
-0.0032078102,-0.0021759234,-0.0015516931
0.0027133264,-0.0018153153,-0.0010024708
-0.012837509,-0.00065837055,0.0031238005
-0.00038246677,-0.0028045848,9.639282e-05
-0.0009565327,-0.00041054934,0.002116046
-0.014362313,0.0009048544,0.0018546412
-0.00038856006,-0.0025314577,-0.0034264538
0.00012950445,-0.0008771382,-0.0022582107
0.0044697965,6.9327652e-06,0.0038102875
-0.0033535683,-0.0045807026,0.0019306001
0.015724136,-0.004225392,-0.0021487342
0.008600408,-0.0004848577,0.00036443933
-0.00088437746,-0.0001421757,0.0028115492
0.0021495235,-0.003347136,-0.0015859262
0.010976471,-0.001750879,0.00085071375
-0.0015599651,-0.0020297691,-0.0008367449
-0.0006874609,-0.0014562458,0.00028239752
0.005253356,-0.0026932396,-0.0013290133
0.0051013567,-0.0021680258,-6.958138e-05
0.013431531,-0.002226811,0.0011414728
0.0030538081,-0.0033925325,-0.00091125653
-0.0006088464,-0.001369521,0.0020945794
-0.0015231828,-0.0016573109,0.0009065949
0.010617465,-2.7369708e-05,0.0015777416
-0.00084530486,-0.0009838231,-0.0010980302
-0.011179544,0.00016732141,0.0026491124
-0.0020779294,0.00092563406,0.00064141204
-0.0020208622,-0.0029590726,-0.0033832795
0.006995578,0.0009140037,0.0033355684
0.008653249,-0.0012803413,-0.00014415814
-0.013110187,-0.0028732233,-0.0018866772
-0.0033058373,-0.0008243136,0.0017420835
-0.0074319234,-0.0018400736,0.0015540387
-0.014542117,3.5565346e-05,0.0022552619
0.0016326186,0.0014146231,0.001129641
-0.005516831,-0.00040017813,-0.00041240465
-0.0034672068,6.0681254e-05,0.0012422188
0.004617888,-0.00065569207,-1.2041943e-05
0.0066746273,-0.0022939965,-0.0010041723
-0.0050039897,-0.0010350235,0.0021365616
-6.2926796e-05,-0.0030946098,-0.0010205795
-0.0020117697,-0.0021037944,4.2258995e-05
0.06072823,-0.0010161065,0.0018140959
0.010749481,-0.0021380372,0.0008315136
0.0052294456,-0.0021308772,-0.0010071112
0.007657222,-0.002977509,-0.0014454296
0.0019142748,-0.0027309917,-0.00020625215
0.005616033,-0.002046764,8.3535735e-05
0.0045482945,-0.002361793,-0.00067584706
-0.03983263,-0.0020985194,-0.0010010402
0.008117952,-0.00082990155,0.0020075475
0.0060394593,-0.002621565,-0.00040433474
0.004296367,0.001503218,0.0047050808
-0.009376501,0.00018737465,1.7248152e-05
0.02401806,-0.0011088811,0.0001472088
0.000462083,-0.0006451048,-0.0003862984
-0.0006350927,-0.001092717,0.001009362
-0.005200261,-0.00057243183,0.001934767
0.009757844,-0.0018916391,-0.0010982173
-0.0023583758,0.00048751757,0.0013863896
-0.0028828413,-0.0010626279,-0.0011039014
-0.0031803113,-0.00029798225,0.0027257374
0.009397268,0.00060017034,0.0019399435
-0.008735067,-0.00070488825,-0.0005789327
-0.029798824,0.00058990344,0.0009880554
-0.007947426,-0.0009531528,-0.0014107879
-0.008974855,0.0006236695,0.0032874467
0.0034036199,-0.0015008152,-0.0009775193
0.0070264926,0.000962425,0.0045238053
-0.011789514,-0.00047869608,-0.00018488278
0.000121761965,-0.0021331422,-0.0014965574
-0.0035299242,-0.00049261004,0.00028761174
-0.012520632,-0.0016015433,0.00048113975
-0.0074220495,-0.0022796057,0.0009503919
0.0012462422,-0.0021945424,0.00035704262
-0.016616868,-0.0001675114,0.0021393755
0.012784028,0.00025314465,0.0020902662
0.0033118713,-0.00017401949,0.0008731458
0.0130792605,-0.0005470924,0.0003456024
0.0056559583,-0.0011140145,-0.00052590563
0.0025064412,-0.0008551441,0.0017934708
-0.0015244832,-0.002513267,-0.0010762434
-0.0139856385,-0.0022272281,-0.0010229999
0.006317772,0.0009953529,0.0044605937
-0.0016618716,-0.0014186539,-0.0011976305
0.0043773535,-8.3215535e-05,0.0010315483
-0.0076729483,0.0019617267,0.0029465125
-0.007175576,0.0013017021,0.002028154
-0.0014953613,0.00087185577,-0.000528467
-0.007737366,-0.0005037673,-6.949523e-05
-0.01201109,0.0022894181,0.0040316572
-0.0014639152,9.472296e-05,-0.0012175716
-0.0072029885,-0.0013802461,-0.00087524124
-0.0038523667,0.0011115558,0.0031306301
0.0012246371,-0.00090072304,0.00014284719
0.0011587996,0.00038284436,0.0029256698
0.010416635,-0.0014659427,-0.0015813371
0.0031818761,-0.00075996295,0.0012260044
0.005709172,-0.001146134,-0.00077837857
-0.001135314,-0.002288647,-0.00060551707
-0.013766153,-0.0022164024,0.00063197303
0.0009604889,-0.0026700385,-0.00034843804
0.0033263243,-0.0011506118,0.0016896056
0.004335305,-0.00024377927,0.002114449
-0.009141131,-0.0019775517,-0.0015212416
-0.021526048,-0.000574626,0.0015910261
-0.0026844,0.0016439073,0.0039327005
0.0044642375,0.0017623231,0.0010084715
-0.01052288,0.003496077,0.0024774703
-0.0010568972,0.0018016808,0.0009144058
0.002248308,-0.0010254346,-0.0015192581
-0.01695591,0.0016159564,0.005055491
-0.022818752,0.002000805,0.000375767
0.009821378,0.00017993525,-0.0005701652
0.00890973,0.0010263138,0.0011402975
0.0023594857,-0.0007898919,-0.00027640525
0.010424393,-0.0014397465,-0.0012253711
0.0073215575,-0.0029825158,-0.0022384669
0.0023787539,-0.0025356375,0.00048513815
-0.0052735866,-0.0043383427,0.00094705116
-0.0036447172,-0.0041669793,-0.0003577728
-0.019487914,-0.0015517883,0.0009921319
-0.0011531555,0.00039685145,0.0029633362
0.0025806783,-0.0030997433,-0.0030707712
0.00020320245,0.00023085251,0.002565227
0.0077204346,-0.0020422786,-0.0013631138
0.00873658,-0.002128765,0.00021665444
-0.0020653752,-0.0020671599,0.002603703
0.00080119085,-0.0036603548,-0.0016053205
0.008071452,-0.0016366579,1.5716068e-06
-0.0019850966,-0.00065299124,0.0022358904
0.011139058,-0.0020185672,-0.0003235878
-0.008000008,-0.0019770563,-0.00034755823
0.0023136311,-0.000516627,0.0016348521
0.0031655722,-0.0014661886,0.0001416537
0.016764203,-0.0015875511,-0.00030498748
0.024052769,-0.0012707226,9.404961e-06
0.0031569642,-0.0018013306,-0.00014629541
-0.0020770507,-0.0020717047,0.001356573
-0.012172866,-0.0030277781,-0.00056393456
-0.0077895625,-0.0006082989,0.0009557406
-0.006306279,-0.0011256523,-0.0011906286
0.004144537,-0.0006600246,0.0007673713
6.4554144e-05,-0.001111988,2.2540102e-05
0.0046429737,-0.0018122122,0.00063012925
0.006932421,-0.0031714924,-0.0010392127
-0.010900692,-0.0022033826,-0.0003549328
0.0018045809,-0.0020786189,0.001627995
0.006562045,-0.0034869276,-0.00020160206
-0.020388613,-0.0019942038,0.00010153832
0.01024331,0.0009293966,0.0048309127
0.0040042005,-0.0037715994,-0.0034295924
0.004374068,-0.000353802,0.0008414121
0.0013449899,0.00014410168,0.0013542064
0.0014710311,-0.0029587448,-0.0010779063
0.008954001,-0.00050744787,0.0007826338
0.0074314484,-0.0029153265,0.0012533204
-0.0010026455,-0.0043096207,-0.0028885414
0.025234705,-0.0010815077,0.001837738
-0.015453406,-0.0034823045,-0.0005148734
-0.030042583,-0.0020796582,0.00065779843
-0.013326552,-0.00011367723,0.0033822902
0.0024489933,0.0023898147,0.0018198311
0.016212633,-0.0020962693,-0.0032025408
0.008596144,-0.00020301715,-0.00030061393
0.004839279,0.00077493116,0.003396571
0.0061817183,-0.0057999007,-0.0015049267
0.0024290013,-0.00391851,-0.0021023569
-0.008480633,-0.00043186173,0.0020511977
0.0059656566,-0.0006900765,0.0033164672
-0.0026436865,-0.0041380934,-0.00352803
-0.0046564504,-0.0010380484,-0.0014957425
0.015474262,0.00015570223,0.0021459856
0.005882783,-0.0029093213,0.0015601756
0.012189936,-0.0022364594,0.0010778029
-0.00703094,-0.0031499974,-0.0026973144
-0.015563665,0.00024295971,0.0036897247
0.004415291,-7.6681376e-05,0.00081715256
0.010848086,-0.0012480356,-0.00074176
0.004418809,-0.00041762367,-0.00023708807
0.0041899867,-0.000876829,0.00025032565
-0.013769094,-0.0018299557,0.00068067794
0.0029614875,-0.0011469051,0.0029623327
-0.018349273,-0.00064179674,-0.0001620928
-0.007663162,0.003272999,0.0039980393
0.008010974,0.0031145848,4.348415e-05
0.009021225,-0.002640728,-0.002150879
0.008727816,0.001882039,0.004582526
0.008370867,-0.0016329996,-0.0017617587
-0.0055807675,-0.0020719096,-0.00037149712
-0.010382292,-0.00043831393,0.0014494532
0.018359652,-0.0022370778,-0.0013323463
-0.005847113,-0.0019108504,-0.0008989447
-0.02940773,-0.0005197339,0.0022606496
-0.0059153954,-0.00042987242,0.0031136328
-0.054136477,-0.002146311,-0.001959476
0.025395103,0.005195614,0.006071371
-0.017957306,0.006398525,0.0024911298
0.025676154,-2.8055161e-05,0.00041125529
-0.0472441,-0.0012927651,-0.0023854664
0.019413734,-0.00049691275,0.0042399694
-0.037782047,-0.0055369586,-0.00406864
0.010571511,0.0008185692,0.003715968
0.026820857,-0.001648318,0.0006044316
-0.025813885,-0.0025246367,-0.0019808894
-0.0026734076,0.0026332885,0.0058105364
-0.015215963,-0.0042345785,-0.003204671
0.02866065,0.00049141794,0.0019198549
0.0030352508,0.00029627606,0.0012916387
0.0020173378,-0.0013254844,0.0009021061
-0.0030199736,-0.0030394606,-0.0027037417
0.012116486,-0.001710806,8.3563034e-05
-0.0011510544,-0.0025586784,-9.3676266e-05
-0.013368204,-0.0025893413,0.00046736858
-0.0063074096,-0.0012340657,0.0028635445
-0.0010970879,-0.0011037178,0.00013427081
0.0032948784,0.00068170205,0.001139695
0.0049261465,-0.00028106943,0.00014093879
-0.00015565104,-0.00058034435,0.0011347767
0.0038132723,-0.0006122105,0.0016343561
0.07550965,-0.0030977242,-0.00258945
0.007929116,-0.0012980662,0.00010750047
0.011227863,-0.0012149177,0.0005760394
-0.0012729327,-0.0057564043,-0.0025619352
-0.0029032973,-0.00305973,0.00055457
-0.0019175078,-0.0009864904,0.00030496193
0.0013519457,-0.0008837171,0.00014874773
-0.021743748,-6.089732e-05,0.0011564859
-0.01772356,0.001897905,0.0037960592
0.013458607,0.0018190257,-3.0252733e-05
0.00868298,-0.0017841868,-0.0019167054
0.021411974,0.00051901117,0.0016870651
-0.0161473,-0.0006858893,0.00077622203
-0.021163277,-0.0020528473,0.002260879
-0.013678487,-0.00036752596,9.93046e-05
0.019534823,0.0020313151,0.0013701334
0.0024133525,-0.0013515837,-0.002017753
-0.0048150844,-0.00035372376,0.0017957168
0.0005131007,-0.00074842945,0.0022414303
-0.0031505912,-0.004135277,-0.0023998998
-0.014332943,0.0005260594,0.0021792962
0.00842647,0.00024411827,0.0016488032
-0.0067291907,-0.0023075342,-0.001819056
0.03074739,0.00038633496,0.002943938
0.0075839874,-0.002909135,-0.0022541003
-0.0022939593,-0.0016610287,-0.0013910786
-0.008262638,-0.0019057915,0.0023087356
-0.010432532,-0.004352797,-0.0006810939
-0.0091514755,-6.722286e-05,0.0021218215
0.002438317,0.0014661215,0.0019515738
0.009360981,-0.0027324967,-0.0034218116
0.0037973146,-0.0002816692,-0.0021509684
-0.012730976,-0.00013729185,0.0034098413
0.013779346,-0.005489856,0.0016985477
0.021005955,-0.005032968,-0.0025975287
-0.009824197,0.0001902841,0.0005615774
0.0017973974,-5.5331737e-05,0.0028456815
0.009688576,-0.0038799495,-0.0018583119
0.0002842653,-0.0011167489,0.0010790956
0.001989617,-0.0013704486,-0.00054013566
-7.0878006e-05,-0.0017501712,0.000105890795
0.007234073,-0.0025353767,-0.0011931657
-0.00373186,-0.0020488277,-6.531563e-05
0.011308154,-0.0022804625,0.0012281622
0.0011880507,-0.0035111383,-0.0009028623
-0.0050956006,-0.0009878315,0.0023349745
-0.0014733141,-0.0011280738,0.0011595507
-0.019252427,0.00022437051,0.0017063725
-0.005229945,7.786974e-05,-0.0005000769
0.0024486592,0.0012454502,0.0029441267
7.1804774e-05,0.001653228,0.001254415
-0.0043821884,-0.0025335439,-0.0029486765
0.03492313,0.00048636273,0.0031537865
0.014013873,-0.0022881255,-0.00078783114
0.008044542,-0.0026398636,-0.0021268649
-0.013437018,-0.001967419,0.0006927876
-0.009886565,-0.0031292774,0.0010605699
0.007890438,-0.0008683391,0.0016344482
0.005611733,0.0006308146,0.0007539692
0.015639024,-0.00057935715,-0.0004469806
0.0049518095,-0.00056496635,0.00038171082
0.0048599476,-0.0016704947,-0.0006689996
0.0060456046,-0.0031953044,-0.0017295557
0.024103628,-0.0020012446,0.0016111494
0.0018255233,-0.0038555972,-0.0016426558
0.003839622,-0.0019870624,-0.00015492411
0.012317627,-0.0023645498,0.00096313294
-0.007684899,-0.0022299588,0.0010635676
0.01968379,-0.0017636083,-0.0007355799
-0.007468308,-0.0016314201,-0.0003856991
0.005994051,-0.00066738203,0.0010976046
-0.011029351,-0.0018991828,0.00013180601
0.0057043927,-0.0019079559,-0.00020415627
0.0066917534,-0.0018360019,-0.0008624317
-0.004938048,-0.00073979795,0.001725418
-0.011324589,-0.0022595562,-0.0002644147
0.006113335,-0.00021233782,0.0038518761
-0.0021106608,-0.000572931,-0.00024155318
0.004742919,-0.00017912313,0.00053112954
-0.005613611,0.00015931576,0.00010223291
-0.013407824,-0.0009489618,0.0010398424
-0.0014955181,0.00041085854,0.0025542658
0.0057957764,-0.0009572692,-0.00067270733
0.0020719154,0.00088388845,0.0019034917
-0.025457146,-0.0008408949,-0.001045829
-0.0042431834,-0.00013297424,0.0031289996
-0.0103868265,0.0013935491,0.00200728
0.002287535,0.00080966577,0.0002624872
0.0034234712,0.0013906099,0.0012659305
-0.0207385,-0.0012475736,-0.0013691902
0.006763152,0.00015989691,0.0032970316
-0.0009499857,-0.0032750107,-0.0021121078
-0.0012225272,0.000761766,0.004332573
0.0034681708,-0.0004908182,-0.00036517193
0.008132265,-0.0024063513,-0.0017535875
-0.004033281,-0.00021458045,0.0003164597
-0.012351524,-0.0018586554,0.0001769148
0.0033486332,-0.0031916834,0.00054794934
-0.0110339895,-0.0025532022,4.8445538e-05
-0.0016528254,-2.2500753e-05,0.0022445456
-0.0085541215,-0.00019941851,0.0016494372
0.0007653814,0.00015980378,0.001279619
0.0043802047,-0.00020000711,0.00025071777
0.0130139105,-0.0008083172,-6.4377673e-07
0.0004783882,-0.00022913143,0.002056567
0.019397557,-0.0020114072,-0.00075860135
-0.00294809,-0.0025459342,-0.0013867591
0.002083177,0.00017688051,0.0041560917
-0.001274158,-0.0024393573,-0.0017336702
-0.004230106,-0.0007447675,0.00046763825
-0.007822007,0.0019563474,0.002965064
-0.009582736,0.0017500594,0.0020943987
0.0049406523,0.0012634285,-0.0002594503
-0.010378999,-0.00049648806,-2.7588336e-05
0.005864943,0.0021373592,0.0041271006
0.012415953,-0.00045971945,-0.0016050076
-0.01741305,-0.0018224828,-0.0011953607
-0.0086195,0.00059309974,0.0027600222
-0.00737287,-0.0016696863,-0.00034062454
0.004484615,0.00093092397,0.0030966373
-0.0031392549,-0.000971742,-0.0013556662
0.015395467,-0.00048054382,0.0017343885
-0.002274306,-0.0010502525,-0.000838786
0.0060785357,-0.001912225,-0.0002190969
0.0034328871,-0.0023669936,0.00043081277
-0.002326352,-0.0028180294,-0.0005705332
0.015019563,-0.0012760609,0.0015351839
-0.0010134723,-0.0013697445,0.0014277436
-0.0021644053,-0.002294004,-0.001684624
-0.010980785,-0.00079126656,0.0012054137
-0.004249266,0.00095883384,0.0037198293
-0.016105695,0.0011060871,0.0008342855
-0.0136411125,0.0037110038,0.0024349873
0.0012056608,0.0027890876,0.0009420714
-0.005454447,-0.0008771308,-0.0010072707
0.002564107,0.0021073706,0.0055382354
-0.0360187,0.0020626076,0.00017063227
0.012749618,7.381663e-05,-0.00029903115
0.011934212,0.0010218062,0.0007601599
-0.00086290174,-0.0009923019,-0.00024782668
0.0178494,-0.0012268834,-0.0011394761
0.011172407,-0.0031471513,-0.00241427
0.0075524603,-0.0023292974,0.0004198444
-0.00048589203,-0.0046206377,0.00069149106
0.00493026,-0.0046336465,-0.0006545144
-0.0029713097,-0.002014283,0.0006255417
0.014831239,-0.00044863299,0.0024590157
-0.0044389395,-0.0038995259,-0.0037073956
0.0182467,-0.00034794584,0.0020159467
0.008757767,-0.0037333332,-0.0022747398
0.011419737,-0.0020011105,1.0681106e-05
0.0090459585,-0.0027613677,0.0021387711
0.0030754216,-0.0043214224,-0.0020500377
-0.0020874948,-0.001665283,-0.00023076875
0.0023534065,-0.0010734759,0.0020440763
0.0013695393,-0.002443932,-0.00055968564
-0.0022794767,-0.0015001483,-2.4006702e-05
0.0022846847,-0.0003205426,0.0016263665
0.005080201,-0.0012866668,0.0003349359
0.011404837,-0.0015714727,-0.00035671797
0.0048692627,-0.0013693683,2.7555157e-05
0.0073323715,-0.0017094389,0.00010375306
-0.00012661733,-0.0017697252,0.0015103567
-0.010508347,-0.0020652302,-4.324707e-05
0.0030707936,-0.00043285266,0.001100373
0.011033937,-0.0015816949,-0.0014163076
0.0036588558,-0.0009396933,0.0003650461
0.008925192,-0.0015242696,-0.00037721812
0.003364025,-0.0027774088,-0.0001133983
0.018192027,-0.003632713,-0.0013344155
0.007561377,-0.0025588982,-0.0007929958
0.00605217,-0.0023783855,0.0011989452
0.013354998,-0.004048776,-0.00066731405
-0.011279276,-0.0031952225,-0.0006628311
0.0057039745,-8.014962e-05,0.0042500873
-0.00059705134,-0.0042804815,-0.0037034315
0.0059140115,-0.00058894977,0.0005872649
0.0059979483,-9.937212e-05,0.0013246993
0.0053129233,-0.0028016455,-0.0009978813
0.019445064,0.000770431,0.0003577451
0.0069185984,-0.0048389323,-0.00011615304
-0.00019083043,-0.006307613,-0.0043696277
0.002314652,-0.0022431426,0.00097558455
-0.009737159,-0.0035998411,-0.00040371495
-0.0021397155,-0.0020508394,0.000650724
-0.031224381,0.00028494373,0.0035223502
0.029221587,0.0021463744,0.0021126373
0.028343555,-0.0037405975,-0.0042510526
-0.0057332865,0.00020266697,-0.0005735138
-0.0012289538,0.00021723658,0.0030185163
0.014528452,-0.007071346,-0.0019826465
-0.06854654,-0.0035567991,-0.002072146
-0.029271109,0.0010900684,0.0033978224
0.0123813925,0.0024187453,0.003921615
0.044053145,-0.00151949,-0.00175692
0.010957417,-0.00026887655,-0.0006998577
-0.014459568,0.0014810897,0.0019984185
-0.0065642656,-0.004918322,0.00067365705
0.027712692,-0.0038134344,0.00033289485
-0.029484391,-0.0025059618,-0.0024407837
-0.0019776,0.0014389195,0.0046488754
-0.019963337,0.000705149,0.0005944349
0.01774166,-0.00024503842,-4.6628586e-05
-0.00091886177,-0.00012836233,-0.00029014912
0.005294174,-0.0007418804,0.00080350717
-0.028754402,-0.0013250671,0.0008199706
-0.012498978,-0.0007583909,0.0032945417
-0.024695856,0.000569541,0.0001774318
-0.0015594342,0.0049867667,0.004568562
0.02811382,0.0040297396,0.00060086855
-0.021937815,-0.003357511,-0.0020546152
-0.0020008155,0.0017503537,0.0049150074
0.0007650124,-0.0015095286,-0.0020279032
-0.0027413373,-0.00095179304,0.00030550093
-7.9290534e-05,0.0011990108,0.0021103749
0.008511541,-0.001778271,-0.0010587886
-0.00487507,-0.0016714968,-0.0007409133
-0.01124666,-0.00091341883,0.002011728
0.03199257,-0.0007599108,0.0029382964
-0.023076333,-0.003497526,-0.0025414678
-0.02895868,0.0020027496,0.004941376
-0.007319535,0.0048913695,0.0018856559
0.038923252,0.0010860078,-0.00086161343
-0.022980295,-0.0016705953,-0.0017748326
0.052901614,-9.242445e-05,0.0042094057
-0.005514219,-0.006232243,-0.0050391536
0.0056479755,-0.0002776794,0.0021965294
-0.012514758,-0.0047723018,-0.00075662206
-0.008310425,-0.0034117661,-0.0027574135
0.01820042,0.0022505373,0.005329895
-0.035338573,-0.0035512745,-0.0026085863
-0.002799526,0.0002716817,0.0022266274
-0.008047643,0.00017099455,0.0011928623
0.038112137,-0.00017736852,0.0014149448
0.028248748,-0.002297841,-0.0021374028
0.007928729,-0.0006767139,0.00021776976
-0.00045099377,-0.0032025613,-0.0008924864
-0.0153888175,-0.004859533,-0.00082012033
-0.028611481,-0.0019569993,0.0024471267
-0.018212264,-0.0002294369,0.00042863202
0.02137941,0.0018567257,0.0015719227
-0.012438941,0.00010450557,0.00057206186
-0.020560421,8.3427876e-05,0.0020692572
0.011482141,0.0004250966,0.0018709969
0.0017361412,-0.0029475987,-0.0023474768
-0.0078125615,0.00049121305,0.0019003698
-0.0024186233,-0.00032984838,0.0013516312
-0.026804186,-0.002400402,-0.00039192068
0.03999884,0.00042560324,0.0024517993
-0.00995446,-0.00079668686,0.0005986133
0.0009409525,-0.00041469187,0.0009467483
-0.039133023,-0.00046836585,0.00048825605
-0.0010901877,0.0015987195,0.0037331767
0.07633767,0.001976069,-0.00018748047
0.004939668,-0.0035137348,-0.0024650781
-0.0054587256,0.0009483844,0.0012182104
-0.015555447,-0.0029153265,-0.00063079
-0.0007398567,-0.0029604137,0.0015492521
-0.013062914,0.001086846,0.00036000868
0.033303842,0.001660239,0.0016294097
-0.005548967,-0.0018992461,-0.0026907215
-0.02025967,-0.0005787276,0.0015318908
0.0282901,-0.0013694651,0.002086743
0.00041410959,-0.0047182925,-0.002723086
0.0011124144,0.0013254471,0.002452768
0.04426701,-0.00056121126,0.00091516844
0.0116555095,-0.0037230365,-0.0028834417
0.01961789,-0.00030776486,0.0019380243
0.02816501,-0.0045976974,-0.0033543983
-0.011503355,-0.0030332617,-0.0026771643
-0.0066802404,-0.0019274093,0.0022588992
-0.014543369,-0.005204577,-0.0010891325
-0.013962258,-0.0001476407,0.0021553158
0.061995614,0.0021533035,0.0020749448
0.062038,-0.0041390844,-0.004176951
-0.0053340085,0.0019056462,-0.0030824712
-0.034312166,-0.0015383475,0.0017858254
0.021535495,-0.010758314,-0.0001410176
0.0122201815,-0.005693797,-0.0032856937
-2.185252e-05,0.002361644,0.0011903729
0.0064403717,0.0005217679,0.0028778391
0.005987006,-0.0036446936,-0.0017977899
0.021778453,-0.0012814961,0.00095552264
-0.017325776,-0.0022348575,-0.0010777455
0.021002896,-0.0017011873,0.00028131963
0.009381028,-0.0036966167,-0.0019281884
0.0013544643,-0.0016570874,-1.4605466e-06
-0.016564744,-0.002611339,0.0008009428
-0.016272318,-0.0038325675,-0.0008117005
-0.00094646565,-0.0005769469,0.002521222
-0.017267779,0.00030734017,0.0018415981
0.023990562,0.0019937865,0.0027598464
-0.022315873,-0.00057636574,-0.0008406767
0.0035014236,0.00031552836,0.0033727528
0.040082883,0.0014314689,0.00041269526
-0.0052418597,-0.0036560558,-0.003677353
0.0059018577,0.000980325,0.0030390946
0.01632332,-0.0031454675,-0.0013588448
-0.00041231638,-0.0037196502,-0.0025560106
-0.034878932,-0.00047532842,0.0014601389
-0.013613719,-0.001908388,0.0017836259
-0.012371673,0.0003074035,0.0020800398
0.025952697,0.0028030388,0.0017524807
-0.017491324,-0.000411544,-0.00021464768
0.014342291,-0.0002663359,0.0014153791
0.020919604,-0.0014413819,-0.0008633032
-0.0021646814,-0.0025502369,-0.0013846506
0.03283556,-0.0012713484,0.0018142418
-0.012887979,-0.004900761,-0.0021852746
-0.02782713,-0.0018697642,-2.3308152e-05
-0.043541066,-0.0019490123,0.0013586174
0.018795803,0.00023166463,0.0023567367
0.0052774195,0.00019943714,0.0001806086
0.01112841,0.00019041821,0.0016434084
-0.017721094,0.0003422089,0.001093731
0.053510975,-0.0016838834,0.00055164786
0.05941744,-0.0033947304,-0.0014035683
0.005753317,-0.0014635436,-0.0016183632
0.00064211903,-0.0020426996,4.4963555e-05
-0.028603137,-0.0068219826,-0.0025977774
0.00552471,-0.0011770092,0.0031489446
-0.01166561,-0.0002852194,-0.00043092284
0.020081779,0.0006087795,0.0010527356
-0.015401603,0.0004250817,0.00016891165
-0.0083828475,-0.00090203807,0.0014133046
0.0037010417,0.00030704215,0.0022684676
-0.034878794,-0.0011945777,-0.0007121675
0.024865346,0.0019504391,0.0024482838
-0.0149932075,-0.00094276294,-0.0013469534
-0.01970922,0.00030431524,0.0038239888
-0.002215164,0.002240207,0.002151162
0.010593042,0.00013246387,-0.00025501312
0.026675873,0.0013779439,0.0012852242
-0.008131055,-0.001449246,-0.0017869084
0.01561474,-0.0006138198,0.0026945649
-0.036251847,-0.004988808,-0.00306355
0.011188113,8.607283e-05,0.0041285497
0.00988101,-0.001458697,-0.00084091816
0.02341264,-0.0016074888,-0.0011568863
0.00084354245,0.00038838014,0.00020518899
0.0071643735,-0.0020323135,-0.00021889509
0.010261609,-0.004473988,-0.0002988074
0.010906866,-0.0032759197,-0.0005248183
0.0017949136,-0.001347974,0.0012530758
-0.03172528,-0.0015830062,0.0010059788
0.0011062761,-0.0005100891,0.00087847526
-0.007172578,-0.00033849105,-5.2830204e-05
-0.01691763,-3.4939498e-05,0.00066277944
-0.004528575,0.0010878295,0.0028790021
-0.0076509765,-0.00075342134,-0.0001562974
-0.053511135,-0.0009089038,-7.5715943e-06
0.0050416286,0.0028867759,0.0056521203
0.0017523993,0.000627961,-0.00063808204
-0.011217784,0.0012473576,0.0021290919
-0.01163249,0.0037113838,0.003776951
0.010963917,0.002550453,0.002217401
0.007901393,0.0007803887,-0.0004162091
-0.022464285,-0.0008818172,7.5266e-06
0.0008985396,0.0019950084,0.003830007
0.028121911,-0.00066741183,-0.0018244192
0.001244313,-0.0016775914,-0.0011910266
0.0042951233,0.0007458702,0.0026889115
-0.01908258,-0.0024822652,-0.0009391728
0.020383302,-0.0005325973,0.0025054505
6.506622e-05,-0.0024099424,-0.0021811477
0.015116686,-0.00035218894,0.0016675745
-0.002734748,-0.0012664571,-0.0011389481
0.015789416,-0.002262313,-0.00048651523
0.017906083,-0.002644211,0.00020225218
0.03829016,-0.002895005,-0.00083343394
-0.028536625,-0.002188664,0.00060136395
0.009038421,-0.0023174882,0.0013463891
-0.009893905,-0.004395779,-0.0028978062
-0.014290146,5.523488e-05,0.0017844851
-0.029933263,0.0025165565,0.0040490823
-0.0056122686,0.0025634803,0.001424992
0.00025948256,0.0051176287,0.0025831272
0.016646516,0.0022384562,0.0014187559
-0.0327904,-0.0014132597,-0.001212337
0.007475143,0.0014260821,0.005427764
-0.00067649607,0.0016245618,-0.0003886324
0.0035158559,-3.3978373e-05,-0.00040187698
0.022109073,0.0011960939,0.000923658
0.014541168,-0.001366917,-0.0012641511
0.026881829,-0.0019571558,-0.0017022297
0.021007886,-0.0031100102,-0.0028717835
-0.0015211756,-0.0030634291,-0.00029700017
0.0085394895,-0.005510103,0.00028863433
0.0159803,-0.0055763274,-0.0011724902
-0.009331695,-0.001942385,0.0004815295
0.055016853,-0.00058844313,0.0023590457
-0.011230697,-0.0053599924,-0.0046666507
0.032541417,-3.8374215e-05,0.0018832427
-7.329501e-05,-0.0059709363,-0.0034455115
-1.8353072e-05,-0.0021517165,-0.00031038688
-0.0015585849,-0.002934236,0.0019620939
0.02425905,-0.004064154,-0.0017820385
-0.012657996,-0.0011962131,-0.00010852958
0.006319309,-0.00048195943,0.0025548954
0.002652673,-0.002883736,-0.0009312006
0.0023576373,-0.0016410425,-5.881209e-05
-0.017613785,-0.00015472993,0.0015342301
-0.0056110085,-0.0011400767,0.00054953445
0.0010108768,-0.0013215207,-0.00024035567
0.008042314,-0.0006394349,0.0006916205
-0.017140206,-0.0008043051,0.0006617801
-0.0043737767,-0.0007248558,0.002343378
-0.016045261,-0.0012905225,0.00024922137
0.023873925,0.00070727244,0.0018318654
-0.012563952,-0.0012712516,-0.0012478966
0.046367213,-0.00081437454,0.00088450674
0.003290295,-0.0026396103,-0.0013431093
0.017199937,-0.0020656586,7.778511e-05
0.020536132,-0.005081583,-0.0023536298
0.0046530375,-0.0031376742,-0.0012944533
-0.014355826,-0.0026899613,0.0008221199
0.0023928094,-0.004392013,-0.00058742694
-0.025617959,-0.002984684,-0.00038662332
0.030445632,0.0015582033,0.0050925324
0.0037901837,-0.0038544796,-0.0034109673
0.014966052,-0.0003810525,0.0009796598
0.00016905759,-0.0005059503,0.0007550082
-0.008791572,-0.003364846,-0.0013843246
-0.0076664994,-0.00045042858,0.0012013485
-0.0019314783,-0.0024161972,0.0016278496
-0.012901133,-0.0040469393,-0.002431404
0.0035942039,0.00010218844,0.002619634
0.004069673,-0.0022292174,0.00038029766
-0.030317752,-0.0015098192,0.00097548583
-0.0015047676,0.0008142367,0.0040444154
0.0060281414,0.001623895,0.0014770852
0.002496633,-0.0027489401,-0.003527105
0.005312962,5.728379e-05,-0.0004771792
0.006275823,0.00028670207,0.0032584593
-0.0019694557,-0.005364012,-0.0012360208
-0.0052622873,-0.0032821968,-0.001717035
0.0024797108,-0.00042926893,0.002260298
0.011213725,-0.00034486875,0.0033959665
0.00016311377,-0.0037959106,-0.003352741
-0.017120546,-0.0012001358,-0.0017190494
-0.007465112,-0.00033522397,0.0020470305
0.0056827064,-0.0029525459,0.0017908169
-0.0016619324,-0.0012307055,0.0014749594
-0.0058265105,-0.0016835518,-0.0017191481
-0.0016745192,0.00088023394,0.0041154567
0.0,0.00044461712,0.0010352946
0.01643743,-0.0012529828,-0.0005838794
-0.01666664,-0.0009772405,-0.00063657505
0.0,-0.00100502,0.00045035034
-0.0062090773,-0.0018188879,0.00073292316
0.015197529,-0.00023701414,0.003356375
-0.005322683,-0.0003385432,7.259252e-06
0.0030100385,0.0017721839,0.0036610274
0.0018339548,0.0015402324,-0.00060224556
-0.004160426,-0.0027583204,-0.002653266
-0.00033423226,0.0016398616,0.004312519
-0.0051822364,-0.0015829206,-0.0015838745
-0.010922496,-0.0011242703,0.00028189414
0.014610952,0.00068132207,0.0020458384
-0.00468859,-0.0018938147,-0.0011557792
0.015477827,-0.001144968,-0.0003283308
-0.00579858,-0.0012504794,0.0015276584
0.0004999599,-0.0011868626,0.0029068298
-0.009660257,-0.0030883811,-0.0024860676
-0.0042045075,0.0018620007,0.0045163846
0.010133462,0.003852658,0.0021278358
0.0036782713,-0.0007215664,-0.0011749142
0.0066633606,-0.0014099143,-0.0020858813
-0.0021512671,-7.2892755e-05,0.0031058507
-0.004643429,-0.004280824,-0.003773513
0.009663412,-0.0012850128,0.0021558958
-0.004620442,-0.0028770678,0.00029990857
-0.004476135,-0.0026530065,-0.0022230812
-0.0021648805,0.0011490099,0.0052751563
0.016355196,-0.0035224743,-0.002590097
0.0073891124,-0.00041444227,0.0013364337
0.0011409894,-0.00029944256,0.0012159067
0.00716383,-0.0019888245,0.00014918961
-0.00016168988,-0.0033670478,-0.0026659565
0.0029102718,-0.0011553988,0.0002723735
0.0059649,-0.0024970844,-1.5713624e-05
-0.003044911,-0.0028884597,0.00026776662
0.009484008,-0.0011330582,0.0028551498
0.00063695724,-0.0018350966,-0.00022156496
-0.002387039,-0.0003109388,0.00068431604
-0.0017546148,-0.0008362159,-0.00036439847
0.0017576988,-0.0008552633,0.0009646289
0.0073377397,-0.0004184991,0.0017188786
-0.0015835675,-0.002808135,-0.0024020318
0.006502773,-0.0005595349,0.0013067693
0.0015758319,-0.0012742318,0.00091346924
0.001887963,-0.0024578683,-0.00044911343
0.0043969657,-0.00074933097,0.0016851015
0.0014071915,-0.001004938,0.00067913206
-0.001561316,-0.00096574053,0.00011865809
-0.0015637574,-0.0004091002,0.0009748008
-0.0046985005,0.0012175627,0.003308733
0.0020456503,0.0004615076,-0.00032721966
0.0073806723,-0.0019988604,-0.0023118479
0.0023382935,7.457659e-05,0.0011484282
-0.004510123,-0.00090673193,0.0011224651
-0.0056241304,-0.0014652498,0.0023474444
0.0010997595,-0.0002133213,0.00035464123
0.004708026,0.0008640699,0.0010360877
-0.0015619881,-0.0015157126,-0.0023909726
-0.008291596,-0.0006181374,0.0012928657
0.0017352991,-0.0008874424,0.0024461679
0.005669301,-0.003627658,-0.002127844
0.0039148135,0.00042189658,0.0022318526
-0.0026517233,-0.00022455677,0.0013569011
-0.011260516,-0.0025497712,-0.0019891202
-0.0011072397,-0.0002523698,0.0024650511
-0.0055423956,-0.0025698505,-0.0017483693
0.0004777483,-0.0015849732,-0.0007999387
-0.021009127,-0.00031786412,0.0032684146
-0.0017882751,-0.0025049634,0.00030594188
-0.008469063,-4.004687e-06,0.0022697262
-0.007720125,0.0015820377,0.0022273879
-0.0024830578,-0.002434995,-0.0033256959
-0.007965475,-0.0006675832,-0.0020219341
-0.0020073424,-1.0568649e-05,0.0038805294
0.0056989635,-0.0044495277,0.0020537032
0.01933333,-0.0039372705,-0.0020276469
-0.0067037256,-9.091571e-05,0.0005524815
-0.0072427755,-0.00013460964,0.0029011376
-0.0014922924,-0.0035119914,-0.0016123217
0.0024908287,-0.0009807125,0.0012616656
0.0016564898,-0.0011300631,-0.00031604164
-0.004299688,-0.0012332499,0.0005110543
0.003986077,-0.002169788,-0.0009995349
0.0067824624,-0.0020936877,1.6518694e-05
0.0060795094,-0.0021871366,0.0011968024
0.0071859974,-0.0031609498,-0.00073492515
-0.006648287,-0.0014263876,0.002057029
0.0027750896,-0.0013238899,0.0011469574
0.0068370206,5.2336603e-05,0.0015376079
-0.01050926,-0.00088125095,-0.00094372465
0.00032680487,0.0004315488,0.0027759064
-0.0021235065,0.0009710677,0.0005764037
-0.009330491,-0.0027562976,-0.0031507153
-0.008261732,0.00087443367,0.0032934577
0.0033322354,-0.0011700131,-1.0168063e-05
0.00597809,-0.0025886782,-0.0015667907
0.0074281436,-0.00019533932,0.0019878545
-0.007701088,-0.0014652573,0.0016683864
-0.01321009,-0.001054313,0.0018231522
-0.0075300694,0.00027978793,0.0005740005
0.0035407026,-0.00028434023,-0.00048457878
0.005376339,0.00010584295,0.001093044
0.0085227,-0.00069342926,2.7918606e-05
0.009113556,-0.002360817,-0.0012206348
-0.001477835,-0.0016876049,0.0017456043
-0.0039467467,-0.003635481,-0.0013415932
0.017665505,-0.0022407584,-6.410456e-05
0.012167424,-0.0015061237,0.0014013763
0.00080139824,-0.0014684051,0.0014978349
0.00032031484,-0.0023932718,-0.0010657248
-0.0033621371,-0.0017332174,-0.0003171414
0.012851394,-0.0008071475,0.0008797544
-0.009674871,-0.0015891232,0.00039270497
0.0006406297,-0.0016316883,-0.00011789595
-0.008802805,-0.0021325164,-0.0009744158
-0.0025835596,-0.0007941313,0.001839799
0.0030759047,-0.002065286,-0.00012331968
-0.0051646177,0.00034892932,0.004096614
-0.01508761,-0.00010488555,2.4218753e-05
0.007906433,-0.0002783276,0.00042220496
-0.004412493,0.00014765188,0.00020747574
0.0022981486,-0.00055106357,0.0014623576
-0.0022928792,0.00045717135,0.002447825
0.0041037425,-0.0014321506,-0.0007835878
-0.004740839,0.00041442364,0.0014959257
-0.006734557,-0.0010725968,-0.0011411185
0.0001653435,-9.925291e-05,0.0028941112
0.0021494885,0.0009340942,0.002044851
0.005609638,-0.00040984154,-0.00033685227
-0.008531591,0.00038325787,0.00078644336
-0.006122769,-0.0013889633,-0.0016538699
0.003496488,-0.00015529618,0.002863656
-0.0026547178,-0.0030531138,-0.001913687
0.0046581062,0.00040707365,0.004154107
0.0028150685,-0.0010555349,-0.00053175236
-0.0009907756,-0.0022489913,-0.0017275654
-0.0004958476,-0.00022630021,0.00033697393
-0.01058375,-0.0019781403,0.000111345784
-0.0086913,-0.0027759224,0.0007328829
-0.008261704,-0.0022886433,0.00025896123
-0.00068005634,-0.00014730543,0.002198205
-0.0076556136,0.00014477223,0.0018991252
0.0,0.0003205575,0.001354801
0.009429097,-0.00032120943,0.00022798826
-0.009850575,-0.0009192936,-0.000117805146
0.0024013617,-4.7571957e-05,0.0023766046
0.0003422392,-0.0018899702,-0.000787935
-0.008894979,-0.0016536713,-0.0005830524
0.006213335,0.0013772249,0.00460877
-0.0020583007,-0.0014595054,-0.0012249919
0.0044688606,-0.00028217956,0.00087861763
-0.0154003715,0.0017970689,0.0028719197
0.0010427104,0.0014933906,0.0021403655
-0.010416641,0.00086290017,-0.0006064902
-0.008245636,-0.00036770478,0.00022195923
-0.010260004,0.0027215667,0.00398234
-0.0025022232,0.00015900284,-0.0011020794
0.0030460162,-0.0011863187,-0.00075293914
-0.008931762,0.00094337016,0.002970336
-0.010814681,-0.0010339692,0.00016745643
0.002915449,0.0003776811,0.0028752082
-0.048328485,-0.0014506988,-0.001552951
0.014509322,0.00041511282,0.0024545952
-0.0048927045,-0.00038349256,-0.00049077766
0.021747308,-0.0006705187,0.00103936
-0.00592263,-0.0008405112,0.0008819386
-0.016756615,-0.00249755,-0.00029998843
0.001514827,-0.0016295053,0.0014322185
0.010209887,-0.0008181818,0.0017371663
0.011978278,-0.0016512983,-0.0013156869
-0.00036989935,-0.00039569288,0.0015193417
0.005550402,0.0004813634,0.003426068
0.004047861,-0.00058601424,0.00014013634
-0.0089792535,0.0018481053,0.0015675607
0.028846107,0.0012860298,0.00031409366
0.008626879,-0.0018261075,-0.0021451348
-0.006058449,0.0005722977,0.004739783
-0.009680837,0.00010372326,-0.0006249207
0.016473567,-0.001236435,-0.0014236504
0.0060552116,0.0003833212,0.00050532527
-0.0008851664,-0.0011273846,-0.00078727724
0.011516682,-0.0020830743,-0.0015548
-0.006130644,-0.003197465,-0.0022963716
0.0040535694,-0.0023144074,0.00078689377
0.0036861345,-0.0043910258,0.0010206016
-0.0015739796,-0.0036166087,-0.00015534088
-0.0075319726,-0.0012847595,0.0010574938
0.0010589723,-0.0003703572,0.0025544183
0.0037023816,-0.0035111867,-0.0033552593
0.0029860912,-8.448586e-05,0.0021677727
0.0019264555,-0.002622757,-0.001645318
-0.0010487251,-0.002200067,0.00019232632
0.0019247032,-0.002092529,0.0026863986
0.0024450438,-0.003501635,-0.0015038513
0.010975562,-0.0010986142,0.00028568832
0.0067206514,-0.00056903437,0.0022357393
0.00256764,-0.0023400187,-0.0005407628
-0.001878105,-0.0020491593,-0.00037713163
0.0020527325,-0.000911165,0.0013153092
-0.0059747742,-0.0014999993,0.00020403496
0.0036063727,-0.0014212094,-0.00023014913
0.0034223266,-0.0012030452,0.00020093791
-0.0011937192,-0.0012883395,0.00045875652
0.0015366254,-0.0009907186,0.002008276
-0.0010228669,-0.0016322769,0.00015948509
0.0023891332,-0.00032251328,0.0012158086
-0.0022131607,-0.0014745295,-0.0013749131
0.007336637,-0.0011203326,0.0003208269
0.006436268,-0.001891911,-0.00048325257
0.008583005,-0.0022659786,0.00023223
-0.014850649,-0.003443811,-0.0013045972
-0.0074526155,-0.00243124,-0.00027371838
0.0071672695,-0.0025399514,0.0014904316
-0.0032192245,-0.002677057,0.00019407074
-0.02073774,-0.0013690107,0.00042802386
0.0065960954,0.00075675175,0.004763894
0.005690602,-0.0034544803,-0.0032038349
0.004115255,-0.00020292774,0.0009684996
0.0025614363,0.00034310296,0.0014782785
0.00068133057,-0.0029390082,-0.0010858355
0.00834695,-0.00046626106,0.0016448854
0.021715106,-0.002214957,0.0017417974
-0.0035792806,-0.003122326,-0.0021380326
0.0069614616,0.00013290718,0.0022947225
-0.0107295085,-0.0036791526,-0.00049724104
-0.016017165,-0.0023368783,0.0005510503
-0.0026420362,0.0005678423,0.0036188667
-0.014270193,0.0016553327,0.001728512
-0.011153858,-0.0021945238,-0.0033895255
0.01221479,-0.00036070123,-0.0002933438
0.009642299,0.0007600561,0.0037333593
-0.004918083,-0.0040524416,-0.00067399594
-0.016982282,-0.003284324,-0.001616861
-0.0046770126,-0.0007552467,0.002305906
0.010719513,0.00011217967,0.003575228
-0.0045909826,-0.0032226034,-0.0029681341
-0.034649838,-0.00089425966,-0.0012821131
0.025340108,5.664304e-05,0.0024851805
-0.004187752,-0.0029095672,0.0015458611
0.0059823166,-0.00046331063,0.001973781
0.0030911986,-0.0025578775,-0.0023746002
0.0031109604,0.00016320497,0.003782802
0.009742785,-0.00027203187,0.0007592195
0.015299023,-0.0020524599,-0.0010688319
-0.008105013,-0.0013033338,-0.00094692607
-0.03610884,-0.0013514645,-2.1316926e-05
-0.026685776,-0.0018182583,0.0011050652
0.0071456637,0.001029823,0.0036217214
-0.0027100614,0.0020758323,0.0010641395
0.0047632055,0.0034786202,0.00469024
-0.0047102994,0.0025591217,-3.3375225e-05
-0.017953025,-0.0028446205,-0.0024575696
-0.015607571,0.0018559732,0.004495389
-0.017055126,-0.0006853305,-0.0011419805
0.009478864,6.238744e-05,0.0009911675
0.0028009496,0.0014184862,0.0024192992
0.010728472,-0.0012677796,-0.0005196362
0.0016644122,-0.0015727617,-0.00081503147
-0.026116086,-0.0013603941,0.0017048448
0.0061488063,-0.0009466745,0.0029908782
0.013790227,-0.0028007366,-0.0022848162
-0.0057756575,0.0025761612,0.004816912
0.030061588,0.003551267,0.0022076815
0.007950991,-0.002018433,-0.0020991021
0.00733786,-0.0017596819,-0.0025673416
0.00018210325,-0.0004712455,0.002504563
-0.0010621373,-0.005258899,-0.0042033354
0.013427345,-0.001289811,0.0019521273
-0.007554015,-0.0031365603,0.00014086836
-0.00033220174,-0.0027601793,-0.002328301
0.005045815,0.0008227825,0.0050724316
0.010491793,-0.0037667342,-0.0027081154
-0.0045518065,-0.00044020638,0.001307803
0.009115325,-0.00042006373,0.0011876352
-0.0052717277,-0.0018887036,0.00013228483
0.014350813,-0.0025529824,-0.0021478813
0.008013182,-0.0012717657,0.000100772246
0.02131494,-0.0021338128,7.635122e-05
0.01106234,-0.0032737702,-0.00021583424
0.021487776,-0.0023339204,0.0022572102
0.016701685,-0.003148701,-0.0009947906
-0.0035026977,-0.0015920326,-0.00022422848
-0.008065372,-0.0017175786,-0.0009947305
0.013762167,-0.001642134,0.0004323155
0.016528944,-0.0010342449,0.0013375377
-0.0011195067,-0.0027850047,-0.0024711664
-0.0063512526,-0.0008050315,0.001029546
-0.0065529807,-0.0018445738,0.0007109026
0.0015138751,-0.0024937578,-0.00043653243
0.011714838,-1.7758459e-05,0.0020369363
0.027827414,-0.00048910454,0.0009658595
-0.0049059917,-0.0013925508,-0.00015339733
0.003886762,-0.0010256357,0.00072046893
-0.022269014,-4.14066e-05,0.0024508224
0.037419986,0.00020279363,-0.0004038785
0.0141154835,-0.0026396625,-0.0029206427
0.02513518,0.00015319511,0.0012483761
-0.003967338,-0.001734335,5.3424737e-05
0.06677385,-0.0031702593,0.0015878977
-0.006377699,-0.003863383,-0.0015309623
-0.0014704623,-0.0007381402,0.00039872987
0.011477066,-0.0030981041,-0.0042265896
-0.010029572,-0.0015869103,0.00029250278
0.017601214,-0.00096941367,0.0024560473
-0.00084883836,-0.004330773,-0.0025872677
-0.0025714503,6.135926e-05,0.0021218983
0.00018418868,-0.0005358048,0.0010606078
0.0049250512,-0.0027189367,-0.0020472424
0.0018779511,6.3218176e-06,0.0024226482
0.00096009654,-0.0025210269,-0.001842858
0.010253694,-0.0021498464,-0.0013581244
-0.018965628,-0.0011356696,0.0027695321
-0.02483928,-0.0031538643,-3.790029e-05
0.0060490007,-0.0001991354,0.0022472367
0.0036169966,0.0014810599,0.0019219134
-0.003557111,-0.0023370348,-0.003029195
0.0034053915,-0.00026616827,-0.0021240988
0.0051961457,-0.00065016374,0.0032804606
0.016369391,-0.005152095,0.0017078912
0.013379451,-0.0046696328,-0.0025421304
0.004363311,-0.00045642257,0.00023691892
-0.0026786171,-0.0007919818,0.0023518768
-0.0151217915,-0.0038491301,-0.0017581538
0.021289293,-0.0011342503,0.0012053581
0.0008526789,-0.0020029359,-0.00078402227
-0.0016366491,-0.0009633191,0.0006804106
0.00092071516,-0.002458956,-0.0013459878
0.004487122,-0.0024534836,-0.00015852856
0.013870257,-0.002268996,0.0011339892
-0.0137025565,-0.0031946227,-0.0007948126
0.009470463,-0.0010303408,0.002424168
0.0023232389,-0.0015643165,0.0008558745
0.01033111,0.00033769384,0.001899498
0.00253453,-0.0009109564,-0.0011405139
-0.0132507775,-0.00022728369,0.0024052237
0.025929831,0.0006225221,0.0005771061
-0.012486518,-0.0035984553,-0.0038878687
0.012622581,0.00072876737,0.0033483363
0.009666561,-0.0023358613,-0.00088508683
-0.016120085,-0.003066063,-0.0020516478
0.009275711,-0.0005161986,0.0017009804
-0.005346834,-0.0021575578,0.0013057921
-0.02402799,-0.00021068007,0.002203778
0.0023889956,0.0011741705,0.00097152905
-0.030386593,-0.0004958771,-0.0005975852
0.0027537982,0.0005984567,0.0017923136
-0.013390817,-9.635463e-05,0.00013804622
0.033954404,-0.0013597719,-9.991962e-05
-0.005161698,-0.0007560663,0.0020141162
0.009079925,-0.0024607442,-0.0007094842
0.005230464,-0.0027714744,-0.00056915265
0.022621064,-0.002000343,0.0013246515
-0.003837693,-0.0019169562,0.0010464793
-0.005886939,-0.0022901408,-0.0009021079
-0.0038752912,-0.0016351677,-0.00033367268
-0.008633152,-0.00085240975,0.0009299974
0.0030864743,-0.000914488,0.00091527385
0.007670544,-0.0014301129,-7.781247e-05
-0.008571853,-0.0015579797,-0.0005611051
-0.0032119493,-0.00069247186,0.0017724616
0.0030678555,-0.0026466884,-0.00041739503
-0.011705701,0.00021946058,0.003956137
0.00073467486,0.00013292953,0.00011472544
0.0102115655,-0.00046419352,0.00022865483
0.14869624,-3.937632e-06,0.00026062375
0.0088765435,-0.0022186227,-0.0011670054
-0.0092924265,-0.0012724288,0.0012569932
0.013311855,-0.008990038,-0.004798067
0.018399278,-0.0031502806,-0.00096594973
0.016022297,-0.0007291883,-0.0019012487
-0.0006951902,-0.00080945715,0.002267514
-0.015707413,-0.001068797,0.0012192691
0.016311461,-0.001296442,-0.00101666
0.0066248104,0.00012487918,0.00035190553
0.0065630134,-0.0013763271,-0.0015268987
-0.00054182677,-0.00030146167,0.0025688692
-0.009686254,-0.0038291402,-0.0024176864
0.010310263,-0.00022321567,0.0037018629
0.00048759772,-0.0015580654,-0.0006986462
-3.603137e-05,-0.0019132309,-0.0015191764
-0.010669857,-0.00017625466,0.00029955944
0.011332364,-0.0019561052,0.0002598785
0.0052507636,-0.003039036,0.000450538
0.0019386066,-0.0021386892,0.00019102392
0.0031530657,-0.0011183135,0.0015390596
0.023716345,-0.0013543479,0.0011396473
0.023079814,-0.0012409575,0.00033327422
0.015516788,-0.0015750602,-0.0005742345
0.0062797875,-0.0019916631,-0.0012388644
-0.0007007891,-0.0019246079,0.0010396673
-0.0121393595,-0.0032694973,-0.0014093805
-0.02696035,-0.0020901747,-0.0009560088
-0.007608561,0.0016760975,0.004780217
0.0064416616,8.109957e-06,-0.00059729535
-0.00925283,0.0005853586,0.0014852468
-0.03424972,0.002835121,0.0036878146
0.00074522954,0.003020022,0.0025252204
0.0031786973,0.0019542985,-0.00022181368
-0.004128209,-0.000129994,0.0006831114
-0.0004545372,0.0026279427,0.004164329
-0.009658756,-0.00034582242,-0.0015669449
-0.013444774,-0.0015011914,-0.000999095
0.0021595762,0.00092916563,0.0029009238
-0.02433628,-0.001015082,0.00012524554
0.011938574,0.0012602024,0.0035225216
0.018853644,-0.0013881549,-0.0016491998
0.043842785,-0.0005076453,0.001642592
0.011570785,-0.0012678094,-0.0013690467
0.0132048195,-0.0024697147,-0.0012114571
0.04482925,-0.004611578,-0.0008302919
0.008624059,-0.0043890513,-0.0020625012
-0.0021293822,-0.0019636117,0.0006798513
0.012212742,-0.0034356527,0.00040071108
-0.013508719,-0.0040361546,-0.0026881092
-0.0017589836,-0.000106777996,0.0014742431
-0.02707332,0.0011681169,0.0035088707
-0.010426495,0.0017388575,0.001285732
-0.013666512,0.0047101714,0.002354321
0.027364897,0.0027832799,0.001410837
-0.010077091,-0.0013174973,-0.0012499093
-0.03130656,0.0010273531,0.005453687
-0.013853187,0.0024613254,2.980698e-06
0.009781771,0.0005447529,-0.00070076704
-0.020823441,0.0016412176,0.0015595359
0.0009568525,-0.00035427138,0.00017629674
0.046585787,-0.0015644021,-0.001128336
-0.021506455,-0.0021664575,-0.0020215823
0.048220363,-0.0010510162,0.0011831715
0.007963827,-0.0069051534,-0.00042288587
0.032003753,-0.0034066327,-0.0005609192
-0.044917863,-0.003001172,-0.00050880574
0.010806357,-0.0020212196,0.0022380373
0.025095781,-0.0054594465,-0.0043695914
-0.0030846805,0.0005085878,0.0022807992
-0.036475606,-0.0015677996,-0.001490884
0.0003568525,-0.0030898042,0.00021310445
0.0050276383,-0.0023280978,0.0026973842
0.009954122,-0.0016690008,-0.00053032953
-0.008366801,-0.00027158484,0.0006849619
0.004201909,-0.0005169846,0.0024977033
0.010099226,-0.002500914,-0.0006434581
-0.015920723,-0.0015848316,-8.685922e-05
0.00011824639,-9.0334564e-05,0.0018047197
0.00043950268,-0.0013338625,0.00020489341
-0.0013854752,-0.0012009405,-4.8576156e-05
-0.01184353,-0.0007457845,0.0004697285
0.002808052,-0.0011775009,0.00061598024
0.004217374,-0.00077295303,0.0020754146
0.0018702296,-0.0009746738,0.00054915156
-0.001663098,-0.0002632141,0.001285682
0.016624965,-0.0015753992,-0.00141176
-0.02342615,-0.0013552234,-6.5575936e-05
0.0012328466,-0.001583863,-6.66345e-05
0.0217867,-0.0028663017,3.2694486e-05
-0.039882872,-0.002950441,-0.0009265811
-0.0028413634,-0.0012597702,0.0005494538
0.013495616,-0.0028662197,0.0013760694
8.6221524e-05,-0.001993578,0.0005561299
-0.016557107,-0.00076204166,0.00054152904
0.0031391557,0.00017723069,0.0045261336
-0.0028146596,-0.0037682168,-0.0033648282
0.00049083657,-0.00017173216,0.00093953696
0.018995265,0.00038903207,0.0015995464
-0.001135035,-0.002755843,-0.0010534093
0.013659555,0.000444483,0.0002715455
0.012407062,-0.0054742135,-0.00015093206
0.012362742,-0.0060356706,-0.004193167
0.0077227573,-0.0015598014,0.0010558276
-0.0056579965,-0.0036631897,-0.00058126845
-0.008705016,-0.0028688945,0.0001709226
-0.027843816,-0.00037120655,0.0032621948
0.04100109,0.0019551478,0.0018764413
0.03868783,-0.004112724,-0.0043483917
-0.0066832365,0.00057068095,-0.00079906755
0.0018461413,-0.00019398332,0.0026401244
0.019144157,-0.00819229,-0.0024721038
-0.029874425,-0.003700234,-0.0023154044
-0.008801359,0.0007801764,0.0026954422
0.0448572,-0.00013659522,0.0032443097
0.060307946,-0.0044403933,-0.0034406993
0.020329589,1.5538186e-05,-0.002219082
-0.021791326,-5.913526e-05,0.00051468634
-0.015682546,-0.0073010214,-0.0002155233
0.023591474,-0.0044726394,-6.366533e-05
-0.028748814,-0.0021464787,-0.0023197138
-0.004614612,0.002128806,0.0049753515
-0.020406617,0.001591634,0.0008894677
0.010475265,-0.00017719343,4.071265e-05
0.011601272,0.00011779368,-0.00010810781
0.007903675,-0.00073101744,0.00070192036
-0.0364412,-0.0011314489,0.0009174738
-0.011309882,-0.0011372231,0.0031732104
-0.035044175,0.00016152486,-2.4195411e-05
-0.002195359,0.0059577636,0.0048441775
0.01705644,0.004813198,0.0007369763
-0.013947875,-0.0032924823,-0.0016089207
0.008566487,0.0022442527,0.0050154356
0.006836441,-0.0013006851,-0.0019006312
0.01010268,-0.0013329163,0.000107996864
-0.0019147772,0.000118494034,0.0015274126
0.0034082674,-0.0023637302,-0.0014335786
-0.013078394,-0.0021852814,-0.0011081869
-0.0114587145,-0.0011289008,0.00200924
0.02864527,-0.00025887415,0.0031073738
-0.00632346,-0.0029209591,-0.0021973965
-0.02337438,0.0018843375,0.0048457375
-0.0038010261,0.0040074177,0.0018263787
0.035597507,7.928535e-05,-0.0013343032
-0.014028954,-0.0018018298,-0.0021188997
0.05777644,-2.21394e-05,0.0038719221
-0.013257278,-0.006287787,-0.005140229
0.009697838,-0.0006013438,0.0020892723
-0.011552909,-0.005703479,-0.0010208755
-0.0020892415,-0.003133174,-0.00268713
0.034149792,0.0023469105,0.00522145
-0.041120015,-0.0040872954,-0.002941346
-0.0125284,-7.302314e-05,0.0020389385
-0.021562424,-0.00043441728,0.0008612941
0.063226715,0.00042584538,0.0015755543
0.030266574,-0.0027274415,-0.0021514965
-0.0023336161,-1.12988055e-05,0.0005613158
-0.016241578,-0.0036625154,-0.0011848593
-0.0330195,-0.005435992,-0.0008987818
-0.021436073,-0.0004593879,0.002962089
0.0006281867,0.0013099387,0.00096939824
0.027683798,0.0019418076,0.0019672024
9.8566015e-05,-0.00019852817,0.00048626598
-0.020571027,-0.0005414821,0.0013043098
0.0025750876,-0.0010015629,0.0013488665
0.004996469,-0.0034213997,-0.0026873064
-0.016332546,0.0003221035,0.0017024111
0.005500734,-5.410984e-05,0.0016578692
-0.008781327,-0.0023177564,-0.00042301638
0.07229854,0.00014973804,0.002341464
-0.017720157,-0.0019275062,-7.8325334e-05
-0.005433202,-0.0013533272,0.00032997387
-0.028500337,-0.0020884536,-0.0004993578
-0.0046426146,0.0012230761,0.0032974393
0.043204706,0.0023383237,-9.626441e-06
0.010002124,-0.002729278,-0.0021132336
-0.0004770264,0.0004866384,0.0012811361
-0.0037226048,-0.0018054061,0.0001529429
-0.014045407,-0.002748154,0.0016953442
-0.004489355,0.00038760528,0.000391267
0.034202754,0.0013646446,0.0011771156
-0.005606372,-0.0020360686,-0.0025858632
-0.020919073,-0.0004685335,0.0014583672
0.022354864,-0.0015691705,0.001990552
0.00034134777,-0.004612092,-0.0026671733
-0.00072041573,0.0014082305,0.0025012721
0.047751937,-0.00028783455,0.0011078481
0.0120592695,-0.003648404,-0.0028373634
0.027159024,-0.00029248372,0.0019796966
0.042901196,-0.0047709458,-0.0035344812
-0.016501328,-0.002936963,-0.002993671
-0.0064361277,-0.0021830983,0.0020411066
-0.019792533,-0.0062938705,-0.0015599423
-0.013287059,-2.520904e-05,0.0021310742
0.064025275,0.0026347078,0.002114419
0.043431368,-0.004138667,-0.0040624524
0.0027218813,0.0018472336,-0.0027578967
-0.02104897,-0.0018639155,0.0017181506
0.0051240036,-0.009663418,7.231231e-05
-0.0099861305,-0.005178109,-0.0030625144
-0.013134091,0.0016177371,0.0012052271
0.010881635,0.0010186099,0.00341058
-0.0023194754,-0.0023633987,-0.0010181774
0.0061559784,-0.00026930496,0.0017641757
-0.012936426,-0.001622878,-0.0006622146
0.03452085,-0.0014845766,0.0004924332
-0.0031712446,-0.0029761232,-0.0016407408
0.0071778805,-0.0013729893,0.00024637562
-0.014332697,-0.0035398416,0.0004113656
-0.013446015,-0.0036312453,-0.00075397827
0.0026605807,-0.00042738393,0.0024534634
-0.013804846,-0.00015515462,0.0016679777
0.0232255,0.0016306527,0.002565501
-0.017923089,-0.00079656765,-0.0009891037
0.01900586,0.00018945709,0.0031606487
0.04647519,0.000593286,0.00011644245
-0.010752327,-0.0037211291,-0.003971057
-0.0028341077,0.00047352165,0.002621415
0.0039040542,-0.0040218346,-0.0015992972
0.012646618,-0.0035225414,-0.0023154796
-0.03442445,-5.915761e-05,0.0016193797
-0.012058954,-0.0012748577,0.0021720242
-0.0050402656,-5.1632524e-05,0.001915605
0.01581242,0.0020025112,0.0014728077
-0.01309673,-0.00017529726,-0.00018784765
0.005133823,-0.00022317097,0.0011888996
0.025216853,-0.0013186894,-0.0005927946
0.00040734728,-0.0025874488,-0.0013915005
0.03368518,-0.0010914244,0.0019606603
-0.0062569194,-0.0048057735,-0.002205998
-0.02413333,-0.0021234863,-0.00022864644
-0.03841522,-0.0022158995,0.0011958652
0.013175827,-0.00042546168,0.002066795
0.024694169,-3.867969e-05,4.3609878e-05
0.01754215,-0.00015154108,0.0011761717
-0.012103216,1.8812716e-06,0.00095581636
0.09275031,-0.0023835711,-1.0056072e-05
0.027509078,-0.004960917,-0.002450315
-0.0038405284,-0.0007528588,-0.0016471599
-0.0036047348,-0.0042334087,-0.0007643718
-0.041933257,-0.0063695274,-0.002223815
0.010905669,0.0011436678,0.0039615445
-0.004182479,0.00037237257,-9.756541e-05
0.021579763,0.00062834844,0.0013490203
-0.013269799,0.0005653091,0.00016794354
-0.014295994,-0.0011274144,0.0011402462
0.00049562985,-4.1153282e-05,0.0021838956
-0.050146483,-0.0010818765,-0.00073143793
0.023360034,0.0026387088,0.002814392
-0.01704136,-0.00038297102,-0.0010802175
-0.014546512,0.00074281543,0.004325309
0.0035123855,0.0030278713,0.0023512705
0.0067534307,-0.00016495585,-0.0002485909
0.02496399,0.001243975,0.0012105507
-0.0036160166,-0.0015263595,-0.0019578647
0.016901141,-0.0006688833,0.0026395835
-0.032680076,-0.0048441626,-0.0030246188
0.006616601,-0.00022353604,0.0039857137
0.009162899,-0.0015854128,-0.00088456087
0.02750933,-0.0016234927,-0.0012465657
0.0027459357,0.00033229217,0.00021245773
0.023116244,-0.001918409,-0.00019612996
-0.0006264271,-0.0047938935,-0.00063170923
-0.0016952567,-0.0033072755,-0.0005535695
-0.0064643594,-0.0018929094,0.0010443723
-0.028065003,-0.0012010783,0.0012495477
-0.011556092,0.00060096756,0.0013057576
-0.0077742077,0.000579603,0.0005451993
-0.016544089,0.00020386279,0.00079935824
0.009131241,0.0013364665,0.0031800515
-0.0033856323,-0.00073128566,-0.00017776614
-0.050759424,-0.0011677705,-0.00010896224
0.020124922,0.0021140687,0.005227048
-0.016518524,-0.00086439773,-0.001186534
-0.010061648,0.0014611296,0.0021486287
-0.013686408,0.0039567575,0.003411819
0.0142859,0.0027239732,0.0024966656
0.0023905954,0.0011679791,-0.00026932894
-0.023509927,-0.0010371394,0.00016352296
0.013069279,0.002240982,0.0038143874
0.022152783,-0.00094310567,-0.0018984792
-0.001195181,-0.0014770143,-0.0010710469
0.006557406,0.0005384721,0.0024705809
-0.020241598,-0.0026750453,-0.00097424304
0.023086539,-0.00026809797,0.002623544
-0.010357677,-0.0024972819,-0.0022221836
0.003643111,-0.00029833615,0.001814597
-0.0006686455,-0.0010597818,-0.00097152195
0.010658131,-0.0019929335,-0.00021814741
0.011586077,-0.0016700439,0.00070873625
0.020616213,-0.002655577,-0.0005706295
-0.015023858,-0.0018891059,0.0010391991
0.00864958,-0.0017637275,0.0014713596
-0.0011526048,-0.003445331,-0.00239734
-0.011862485,-0.00031335652,0.0015727067
-0.06273352,0.0015982315,0.0038353258
-0.002658089,0.003084492,0.0016408274
-0.001282516,0.006572943,0.002528745
0.0074051875,0.0029445328,0.0022233445
-0.03423726,-0.0009425171,-0.00068227027
0.0030684986,0.002005756,0.0055944948
-0.0018969893,0.002316188,-5.97958e-05
-0.0008904139,0.00022104383,-0.00018566771
0.008089067,0.0013643391,0.0011595261
0.03134882,-0.0010660291,-0.0009310938
0.027395999,-0.0020177402,-0.0017330456
0.017327666,-0.0020616539,-0.0025370372
0.007838082,-0.0034151636,-0.00047126506
0.0034582927,-0.006131094,-4.3491018e-05
0.009855608,-0.005209375,-0.0011075252
0.0041384734,-0.0022095814,0.00040695665
0.05408603,-0.00079957396,0.002200394
-0.017507259,-0.004840631,-0.0045203837
0.031911246,-0.00044056028,0.001732442
0.004288323,-0.006535258,-0.0035517842
0.0036394582,-0.0018806495,-0.00023480889
-0.00014273255,-0.0026692934,0.001992421
0.026858378,-0.0042742416,-0.0019095303
-0.016380489,-0.0015013292,-0.0003111296
0.014264143,-0.00062611327,0.0024946397
5.5721608e-05,-0.003217999,-0.001129267
0.0068989717,-0.0015538558,-6.590155e-06
-0.016693193,-0.00036539882,0.0013177166
0.0050676046,-0.0013488717,0.00047690503
0.0027031088,-0.0016654953,-0.00051072426
0.008604362,-0.00089502335,0.00052751583
-0.016646381,-0.0011860989,0.00033838977
-0.018195622,-0.001116667,0.002133731
-0.003256189,-0.0010608174,0.000383468
0.018938843,0.00075302646,0.0016886547
-0.0068641813,-0.0009285845,-0.0008900557
0.046105556,-0.00083981827,0.0006867302
-0.0059136697,-0.0026994757,-0.0013822999
0.0046633584,-0.002204802,0.00010071101
0.04432042,-0.005282942,-0.0021757854
0.008198509,-0.0030697621,-0.0013559808
-0.004628335,-0.0014999621,0.0011005406
0.014404129,-0.005224202,-0.0011685593
-0.03339268,-0.0040196814,-0.00101395
0.029128516,0.0010010265,0.0047690943
0.0039515104,-0.00464933,-0.0038125787
0.020154145,-9.698048e-05,0.0009876908
-0.0009802934,-0.00030764937,0.0007860913
-0.0066169472,-0.0032790601,-0.0013575198
0.0038956362,-0.0014740936,0.00081763713
0.002346378,-0.0034056157,0.0014371106
0.0063023046,-0.0028109625,-0.0018185803
0.0042945636,0.00020545349,0.0024079778
-0.016035661,-0.002666194,6.751518e-05
-0.015029389,-0.002198521,0.00067585014
0.010203149,0.00040661916,0.0036188145
0.00036397556,0.0014746189,0.0016781039
-0.0005457994,-0.0026769973,-0.0036205917
-0.012377145,-0.00039910898,-0.0008657058
0.0006450396,-0.00018723682,0.0034762227
-0.015839338,-0.005019311,-0.00093047135
-0.013942224,-0.0022522695,-0.0009558648
0.006737513,0.0005448833,0.0028737222
0.0124423355,0.00072643533,0.003874235
-0.0040033543,-0.0031471364,-0.0029527463
-0.032903384,-0.0012446083,-0.0016097955
-0.005026065,-0.00044899806,0.0022390506
0.010588656,-0.0026333705,0.0019182111
0.015860824,-0.0003931038,0.0018567655
0.009084019,-0.0018774122,-0.0018348962
0.0007502047,0.00017665327,0.0036809144
0.017335068,-0.0009698905,0.00038308854
0.009026466,-0.0025692508,-0.0015112199
-0.007393931,-0.0012355335,-0.00094668625
-0.009748001,-0.0014815889,-0.00018078682
-0.01086551,-0.00211763,0.0007686567
0.028260205,-0.00015900657,0.0032906607
-0.004108811,-0.000599131,-1.8880586e-05
0.0008251945,0.0016828217,0.003805708
0.013099969,0.0014835261,-0.00082245644
-0.006329659,-0.003039945,-0.0030146523
-0.0048229937,0.0014789179,0.0042855153
-0.028529651,-0.0017823912,-0.001771942
0.0038592212,-0.0007729493,0.00055886526
0.003375533,0.0010947175,0.0020650509
-0.0012148854,-0.0011441,-0.0003859559
0.039483547,-0.0010153838,-0.0003603351
0.0015301366,-0.0014026724,0.0013010331
-0.026871555,-0.0015859269,0.0026930682
-0.0062800176,-0.0037019737,-0.0027591942
0.0008364681,0.0019707084,0.0040691337
-0.01820038,0.004206136,0.002574412
0.011727965,0.00022989139,-0.00049701263
0.006169917,-0.0015330575,-0.0021529177
-0.0026944247,8.95448e-05,0.0037290181
-0.030184442,-0.003555905,-0.0035842236
0.01681076,-0.0013963692,0.002523827
-0.0029286495,-0.003028635,0.00032788282
-0.010801586,-0.001805786,-0.0016098074
-0.001628335,0.002023656,0.0055396836
0.005468672,-0.0034808256,-0.0026346527
0.020324402,4.14066e-05,0.0016170046
-0.013092692,-0.00024563447,0.001151743
-0.0057803527,-0.0016666166,0.0005886926
0.009531071,-0.0032938756,-0.002579754
0.0044373227,-0.0010965653,0.0004168509
0.023310494,-0.0014579482,0.00041231373
-0.00036741907,-0.0030210055,-2.7514878e-05
0.028301036,-0.0018516183,0.002581611
0.0037529992,-0.0031803772,-0.0010223069
0.0024926446,-0.0010882951,0.00021429436
-0.0010656491,-0.0015811026,-0.0010359774
0.011201015,-0.0014880486,0.00057032163
0.016087929,-0.00096650794,0.0013458503
-0.0023360811,-0.003144946,-0.0026809904
-0.0026016429,-0.00084685907,0.0009996431
-0.001565084,-0.0018374808,0.0006885737
-0.006096008,-0.00254203,-0.00048588624
0.00035048556,-8.119643e-05,0.0020447557
0.010510682,-0.00035597757,0.0009970375
0.004940623,-0.0007596351,0.000284445
0.0050888075,-0.00037453696,0.0010571224
-0.02660258,0.00064726546,0.003017094
0.015251727,0.00040981174,-0.00032242807
0.0026918857,-0.0022575743,-0.0026853906
0.007534382,0.0002872236,0.0016063473
0.013323045,-0.000633277,0.0010170159
0.002799235,-0.0019222386,0.0020510857
-0.007189972,-0.0010026135,2.4034234e-05
0.0026411992,2.4367124e-05,0.0005883852
0.0059483084,-0.0019373037,-0.0028051557
-0.008024978,-0.0005678609,0.0012353682
0.0040023946,-0.00070173666,0.002548993
-0.0029686044,-0.0039239414,-0.0023057319
-0.0034879085,0.0003196858,0.0022412569
-0.006573302,-1.648441e-05,0.0014292127
-0.002492059,-0.0022094846,-0.0016975771
-0.011371465,0.00020054728,0.0026647288
-0.006622535,-0.001977574,-0.0014080745
0.013070157,-0.0018301308,-0.00087992183
-0.008658758,-0.00033010915,0.003240415
-0.010655964,-0.002517663,0.00020144528
0.0029134091,-0.00073780864,0.0020525358
-0.0114436215,0.0005691126,0.0016051641
-0.010952835,-0.0024382435,-0.0033126024
-0.017106343,-0.00070621446,-0.0020826159
0.011358483,-0.00023638457,0.004024641
0.0047096875,-0.0040781274,0.0021434715
0.01433333,-0.003269516,-0.0017140694
0.0052435477,-0.00033678487,0.0004385946
-0.027406935,-0.0005253069,0.0026112727
-0.012726129,-0.003187541,-0.001268966
0.015744397,-0.0008746721,0.0013006328
0.003535165,-0.0009971187,-8.2410756e-05
-0.0076777027,-0.00058647245,0.0009573374
0.0011832992,-0.0020791627,-0.001085866
-0.012091956,-0.0024591796,-0.00012808369
0.006810214,-0.0018982477,0.001517383
-0.00073127815,-0.0029778145,-0.0005281976
0.00832422,-0.00041376427,0.002715412
0.008436907,-0.00089129433,0.0012233298
0.023029843,-0.00024147704,0.001624402
0.0077382806,-0.0016578026,-0.0014980042
-0.013263497,-0.000636179,0.0020767895
0.0021223724,-0.00021989271,0.00013335259
-0.0077655953,-0.003500566,-0.0038659258
0.009782981,0.0008938126,0.0032945194
0.016293803,-0.001451578,-0.00026050943
-0.009186217,-0.0028421767,-0.001919776
-0.0055104075,-0.00075660646,0.001638602
-0.017150369,-0.0022704937,0.0013433646
-0.0246085,-7.667765e-05,0.0021931245
0.008807331,0.0021773018,0.0013121577
-0.011458732,-6.888434e-05,-0.00019173184
-0.011315509,0.00030013546,0.0017009794
-0.010700675,-0.00020364672,0.00012230454
0.009593648,-0.0020511188,-0.0006492088
-0.016489629,-0.0004813634,0.0024441415
0.0035994814,-0.0020399354,-0.00033396832
0.0,-0.0018564835,0.00021450332
0.023690442,-0.0006990321,0.002068243
0.017794581,-0.0013007112,0.0014354925
-0.014494053,-0.0023450442,-0.0009839099
-0.011581967,-0.0016483106,-0.00025843584
-0.003626889,-0.0014390089,0.0005264593
-0.017453825,-0.0010988377,0.00079531217
0.010164336,-0.00051986054,0.00046355987
0.0029152266,-0.0015031472,-0.00048336154
-0.012845783,-0.00028272718,0.002075347
0.0039893445,-0.0020413361,-0.000122058555
0.00028388278,-0.00020581111,0.0037190204
-0.0069044107,-0.00025489554,1.076248e-05
0.010380917,-0.00037584826,0.00035784527
0.003016376,-0.0001606606,1.0556541e-06
-0.0029133088,-0.0009317957,0.0010431998
-0.004995276,-8.5856766e-05,0.0022884454
0.017713392,-0.0016153194,-0.000968714
0.013682066,0.00018392131,0.0013294547
-0.0022954734,-0.0013520457,-0.0013678209
0.00064420846,-0.00084053725,0.002426175
0.0017474,-0.0005873889,0.0013458821
0.002570683,-0.00088562444,-0.0007523701
0.0040293266,0.0005064048,0.00070391526
-0.021980993,-0.0015323237,-0.0018353115
0.03795579,-0.00017318502,0.003117564
-0.016621798,-0.0042440183,-0.0026290072
0.00694383,0.0004246086,0.0044224365
-0.01161418,-0.0019889586,-0.0012030202
0.0097309975,-0.0020393766,-0.0016025344
0.0020001929,1.1246651e-05,0.00029141945
-0.011160473,-0.0015234984,0.00040217896
0.007891292,-0.0027825944,0.00064659846
-0.02121262,-0.0029532686,-0.0001621045
-0.009487529,-0.00014164671,0.0022508246
0.013616345,8.489937e-06,0.0016682106
0.010283496,6.422773e-05,0.0011872746
-0.0041265893,-0.00036246702,0.00032497963
0.0038673866,-0.0011150315,-0.00036243733
-0.011098873,-0.000828214,0.0016978045
0.003988501,-0.0017640442,-0.00051439006
-0.006651896,-0.0017590299,-0.00076087355
0.002790207,0.0012748949,0.004753066
-0.0042663612,-0.001220271,-0.0011292156
-0.00046575122,-0.0004303418,0.00085946656
-0.0054048477,0.0020262748,0.0030046084
-0.003654146,0.0016024075,0.002116974
-0.0047019,0.00089184195,-0.00041929097
-0.004251672,-0.0005355142,-2.2969209e-05
-0.013758392,0.0022273883,0.0038865574
0.0034635426,-2.483651e-05,-0.0011832054
-0.01294349,-0.0014725327,-0.0009955871
-0.003885322,0.0010391288,0.0031956453
-0.007606108,-0.000927072,6.0030026e-05
0.0039304467,0.0007104166,0.0031433522
0.0139962835,-0.0012460686,-0.0015071593
0.002702691,-0.0006782599,0.0014057669
0.0059684515,-0.00094071403,-0.0007369993
-0.008516741,-0.0024337731,-0.0007138441
-0.0014477514,-0.002240803,0.0006945925
0.0012564977,-0.0027815327,-0.0005039233
0.0040545017,-0.0009525344,0.0018095084
0.0012498534,-0.0005774237,0.0018842204
0.00028806203,-0.002261009,-0.0016404144
-0.020927334,-0.00060230866,0.0014065559
-0.015295594,0.0013712496,0.0039423127
0.022304071,0.001844719,0.0009896157
0.0066231648,0.0030648,0.0021369543
-0.0030962718,0.0007704757,0.00085445156
0.0058235317,-0.0013023429,-0.0018696997
0.01852751,0.000917349,0.004347406
-0.02586455,-0.00022194535,-0.000419545
-0.0013615969,-0.00087680295,-0.00083096104
0.0001947472,0.00048486143,0.0003514937
0.0014605797,-0.0010632351,-0.0005221361
0.0,-0.0012718104,-0.00093391037
0.0051531238,-0.0023759417,-0.0016809166
0.0092861205,-0.0023961328,0.0007546876
-0.0032585429,-0.0038004965,0.0011663621
0.0038461685,-0.0037483312,-0.00021726877
-0.0193487,-0.0020073578,0.000749995
-0.009669837,-9.9461526e-05,0.0027760947
0.010651956,-0.0032420494,-0.0031888469
-0.002927716,0.0001004003,0.0023737124
-0.008025836,-0.0017160736,-0.0011610712
0.0063147447,-0.00223938,0.00037961334
-0.002353151,-0.0021099783,0.0027169462
0.009140052,-0.0028655343,-0.0011553536
-0.0045773396,-0.0012437142,0.00017512206
-0.005185391,-0.00053451955,0.0024692416
0.0018686315,-0.0021160655,-0.00041420595
-0.0043192543,-0.0015214235,2.1528918e-05
-0.01232377,7.511675e-05,0.0018689983
0.009482901,-0.0007723272,0.00066681823
0.0133492155,-0.0014392398,-0.00027545076
0.0095628,-0.0009309463,0.00038431643
0.015464899,-0.0014725439,0.00012200809
0.011136549,-0.002068404,0.0012926478
-0.0056481794,-0.0026512034,-0.00041952147
-0.016567264,-0.0011974983,0.0006813869
-0.0012514176,-0.0018301345,-0.0015723596
0.00597593,-0.0010199733,0.00034348975
-9.5833435e-05,-0.0011318512,6.530015e-05
0.026351092,-0.0017872266,0.0005962957
-0.011483553,-0.0036392026,-0.0014579403
-0.0072723525,-0.0019646995,-0.00023264467
0.008847876,-0.0031952485,0.0011020128
0.004243653,-0.0033353753,-0.00015415013
-0.010611299,-0.0014630891,0.00020178047
0.009775994,0.0003153719,0.0045152893
0.012313165,-0.0040077753,-0.0035258087
-0.00064995076,-0.0005885251,0.00047582405
0.0032519381,-0.000182949,0.001264447
0.0073161074,-0.003314551,-0.0013189707
0.0024377075,0.0007642247,0.0014372532
0.03809781,-0.0016613342,0.0012563583
0.023165103,-0.0059216022,-0.00419287
0.03459671,-0.0012384541,0.0010331067
0.008851749,-0.004567243,-0.0015741372
-0.0131610315,-0.0040598176,-0.0008072003
-0.047419164,-0.0023165755,0.0023179785
0.023593463,0.0010991506,0.0013995466
0.08282676,-0.0034753568,-0.0041515026
-0.0056140744,0.0002561845,-0.000834621
0.0054105707,0.0014902689,0.0031335668
0.038605466,-0.010078844,-0.0033796888
-0.0031538499,-0.005040467,-0.0032322342
-0.05107341,0.001228217,0.0019507583
0.02762562,-0.0013318174,0.0031712723
0.0688296,-0.0054043867,-0.003941104
0.057241965,-8.8658184e-05,-0.0015868614
-0.044708706,0.002156891,0.00088937907
-0.03327615,-0.006283801,7.690443e-05
0.03886298,-0.006562073,-0.0007121271
-0.03591279,-0.0024839193,-0.0024059166
0.00022177686,0.0041030757,0.0056781434
-0.012414129,0.0027236715,0.0007747231
0.023569006,-0.0004653968,-8.35649e-05
0.03530703,-0.00015453622,-0.00041710958
-0.009955463,-0.0010311641,1.8964522e-05
-0.022464763,-0.0018537305,0.0005868106
-0.033924256,-0.0025319867,0.0022296133
-0.034889013,0.0008585006,0.0003300428
0.008685511,0.0073220395,0.004782769
0.053060245,0.0043899044,0.0010179523
-0.03093926,-0.0040945224,-0.0019306
0.010490375,0.00141792,0.004856202
0.018957349,-0.0030116998,-0.0029350582
0.0046511423,-0.0012893081,-0.00018521253
0.01917987,0.0009218827,0.0016292667
-0.04737181,-0.0028876998,-0.0020147606
-0.040190745,-0.0019353665,-0.0004962222
-0.027442627,-0.0007898323,0.002179899
0.049622983,0.0033555813,0.004536799
-0.051911972,-0.0012900569,-0.0010552203
-0.05450989,0.0016873367,0.0063710473
-0.01783864,0.009386335,0.0022985856
0.016320055,0.0040991604,-1.5343656e-05
-0.025641069,-0.00019210204,-0.00035189744
0.07283364,0.00028261542,0.005095821
-0.0096630175,-0.004624415,-0.0045070965
0.009507061,8.76002e-05,0.0025741796
0.01933092,-0.0060417056,-0.0012086625
-0.023583788,-0.003781367,-0.003423629
0.052788816,0.0024503432,0.0052865203
-0.028618712,-0.0059020184,-0.0039206203
0.0034087994,0.00016107038,0.0018733819
-0.018442085,-0.0012992918,0.00028247118
0.055624228,-0.00086986274,0.00091369887
0.012880544,-0.0032360666,-0.0027044353
0.0011560518,-0.00033644214,0.00051731267
-0.031177795,-0.003824398,-0.0010362129
-0.035041746,-0.0043048263,-0.00013972126
-0.009634373,0.00035351515,0.0032520236
-0.020703463,0.0015533604,0.0011955898
0.027508963,0.0026911832,0.0024789968
-0.0061973226,8.5018575e-05,0.00036825542
-0.013968605,-0.00038073584,0.0017953198
0.021755645,-0.00026578456,0.0015575653
-0.0024758226,-0.0036131926,-0.0027803662
0.004219364,0.00025902316,0.0016286406
0.043994132,-0.0011458807,0.0008127712
-0.028645901,-0.003307443,-0.0012087105
-0.0380209,-0.00062898174,0.0019441246
-0.011401083,-0.0010386966,0.00040579122
-0.0066633043,0.0006697513,0.00074013247
-0.04772958,0.0024725832,0.002539633
0.031698782,0.004344318,0.0050586136
0.014443257,0.0017390139,-0.00018272572
0.022003584,-0.00197554,-0.0013760668
0.013424488,0.0005153604,0.000583536
-0.012996667,-0.0019579716,0.0001707251
0.000759655,-0.0028464943,0.0017481539
-0.0045546633,-0.001229722,-0.00023039785
0.04143368,0.001157485,0.0011071482
0.00097625336,-0.0022115745,-0.002990065
-0.0248719,-0.0006277375,0.0011387181
0.011002716,-0.002262909,0.0017823831
-0.017313894,-0.0047949813,-0.002750639
0.009816244,0.0019871555,0.0028154536
0.04860421,0.00035798177,0.0013788098
-0.009507999,-0.0029395185,-0.0022717004
0.046076365,-0.00022445247,0.0023082544
0.026382232,-0.005521465,-0.003822202
0.016092923,-0.0018272437,-0.0023271686
0.021557404,-0.0024310239,0.0014515015
0.0032300071,-0.0061403327,-0.0019294512
-0.013092952,-0.0021240115,0.00096191023
0.0759026,-0.00078042597,0.0008394153
0.32423693,-0.0052730776,-0.005339197
-0.03220883,0.0042037144,-0.007449638
-0.07744479,0.0064165555,0.00034629655
0.044622958,-0.0358882,-0.006407435
-0.015057254,-0.0075169094,-0.0064754076
-0.03572618,0.018334664,0.0022109407
0.019128049,0.0030735023,0.003650966
0.003212757,-0.0025924258,-0.0012837367
0.0065733925,0.0010649972,0.0021831011
0.004855946,-0.0011613443,-0.00057692523
0.03399435,-0.0019337647,2.7876813e-05
0.016116036,-0.0029739663,-0.0018429563
-0.001427441,-0.001927074,-0.0005277061
-0.014771288,-0.004023593,0.0001953179
-0.014670319,-0.004603233,-0.001250527
-0.004744717,-0.0006036572,0.002425857
-0.032549784,0.0003886856,0.001862766
0.004587943,0.0024515577,0.0029502958
-0.021989161,0.0005915575,-0.00039605913
-0.0012106485,0.0013891608,0.003921573
0.04917749,0.0028721355,0.0012181391
-0.008582282,-0.003665138,-0.0034751126
-0.02830033,0.00086220726,0.0032160988
0.024156243,-0.0026978515,-0.0009995007
0.02626296,-0.0041330233,-0.002517404
-0.025101827,0.0008358583,0.0019330509
-0.016552445,-0.0015077256,0.0017857226
0.0056103677,-0.0015318878,0.0013631994
0.019273024,0.0010983422,0.0008394889
0.030850897,-0.00036015362,-0.000352824
0.011745769,-0.00067027286,0.0002690326
0.039599262,-0.0019788109,-0.0011580102
-0.0293713,-0.0042614304,-0.0028730817
0.01749404,-0.0025820099,0.0015200785
0.018587433,-0.0059672594,-0.0024029172
-0.0019769599,-0.0014501996,4.028005e-05
-0.036720954,-0.00062965974,0.0015350208
0.0030053563,-0.0017408468,0.0015909924
-0.004731103,-0.0015725419,-0.00069875224
0.012517841,0.00048017502,0.0012387317
-0.002973434,0.00046478584,0.001366186
0.002825307,-0.0012296438,0.00078965863
0.015965007,-0.0021579787,-0.00056986546
0.0033892093,-0.0021990538,-0.0010692333
0.012283173,-0.00095126405,0.0014260139
-0.057940233,-0.0032844208,-0.0009442405
0.0038640776,-0.00011840835,0.004357309
0.00545309,6.935373e-05,-0.00039008993
0.013718306,0.0012061782,0.0014132477
-0.025019672,0.0011520796,0.0005992679
-0.032601688,-0.0008519925,0.0012545746
-0.016850157,0.0008703768,0.0026108804
-0.031223487,0.00082449615,1.8319814e-05
0.043440174,0.0036757514,0.003293621
-0.0075541507,-0.0005329326,-0.00073408056
-0.029600812,-0.00015850738,0.0038812235
0.003311878,0.0015652366,0.0017822606
0.00052117405,-0.00038735196,-0.0007547282
0.04236844,0.0020203777,0.0015042142
-0.0073296456,-0.0015106462,-0.0019934953
0.032052357,-0.0006241873,0.0028117911
-0.06845527,-0.005757507,-0.003597589
-0.066154666,-0.00034414604,0.004308022
0.031214919,0.002146285,5.040318e-06
0.017219517,-0.0003820099,-0.00045424013
0.021739153,0.0027090572,0.0026162986
0.015870245,-6.764755e-05,0.00014092162
-0.0051502013,-0.0042144842,-0.00045554154
-0.001035399,-0.00388496,-0.0008618992
-0.020383492,-0.0022122823,0.0010080445
-0.0022923162,-0.0004920326,0.0016202066
-0.014846237,0.0003905855,0.0010629237
0.0104054175,0.0003704913,0.0008235671
-0.011896274,-0.00041760132,6.6860346e-05
-0.0008985274,0.000262741,0.0027721042
0.004316577,-0.001350712,-0.00055716047
-0.02417619,-0.001692798,-0.0005413861
0.005322024,0.0017168783,0.0049291123
-0.012595813,-0.0010530986,-0.0011800705
-0.02126089,0.00043489411,0.0013942295
-0.02077821,0.0034736507,0.0035440535
0.008873439,0.0036207996,0.0026932578
0.0063097863,0.001903452,0.00013084064
-0.017480562,-0.0008180477,0.00046745816
0.016244443,0.002331663,0.0039785868
0.027592784,-0.0010410808,-0.0019829914
0.0024074272,-0.0017900281,-0.001367318
0.008498043,0.0002049394,0.0022066296
-0.037186276,-0.0031602494,-0.0012281433
0.014269406,-0.0003318265,0.0026860635
-0.0039392775,-0.0021851547,-0.0021167595
0.026930327,0.00026105344,0.0021707264
-0.004767987,-0.00069702417,-0.0008889884
0.014372559,-0.0020104982,-0.0002743149
0.0016348802,-0.0030214228,6.5920176e-07
-0.009430549,-0.0029557385,-0.00068514445
-0.036616623,-0.0014038645,0.0014359572
0.019764366,-0.00033231452,0.0021766783
-0.0091316,-0.0020503588,-0.0015308938
-0.03197286,0.0007027723,0.0026549252
-0.015154509,0.003120266,0.004285942
-0.024067814,0.0026977174,0.0011497391
-0.009096437,0.0062131286,0.0032001212
0.009587948,0.0036416836,0.00152191
-0.039199885,-0.0012698509,-0.0007317347
-0.019348016,0.0023027584,0.006026049
0.013510556,0.004484471,0.00042078528
-0.00909853,0.00043706223,-0.00017409516
0.008327981,0.0016979836,0.0018501111
0.0101651745,-0.0005481653,-0.0009591435
0.025157249,-0.0019545741,-0.0013553055
0.05030673,-0.0024205334,-0.0023240158
-0.0023364278,-0.0023484267,-0.00037893537
-0.0011709869,-0.004826583,0.0002910957
0.007815583,-0.007119514,-0.0017511987
0.017642494,-0.00260346,0.00026510237
0.040579103,-0.00022476539,0.0021774627
-0.021420691,-0.0041946806,-0.0042411936
0.06697845,-0.0009801574,0.001553566
0.0024548378,-0.0069505535,-0.0038898548
-0.04390412,-0.00088618696,-0.00014144322
0.016831357,-0.003960315,0.0018939786
0.014393653,-0.005225595,-0.0023481084
-0.03015255,0.0011882372,0.00095017685
0.014996337,0.00058480725,0.003007665
0.009549527,-0.002545502,-0.00084138755
-0.0023201366,-0.00084031,0.00033476268
-0.0057245023,6.753951e-05,0.001618825
0.009355823,-0.0016222484,0.00014409173
-0.0065953466,-0.0017777123,-0.00053058285
-0.05257492,-0.00091159716,0.0004603361
-0.014962139,-0.0007959679,0.0010648682
-0.025187418,0.00067753345,0.0025880153
-0.005325453,0.002293937,0.0021991855
0.034899827,0.002320554,0.0026129829
0.0132209705,-0.001180876,-0.00077854865
0.030257156,-0.0007619001,0.00044822274
-0.0040382016,-0.0027772896,-0.001620177
0.054367874,-0.0034757815,-0.00058866653
0.036357313,-0.005733516,-0.0028504136
0.005059862,-0.0016487762,-0.0013870937
0.002181592,-0.00413125,-8.9271285e-05
-0.0010047115,-0.0064191483,-0.0017596188
-0.03553468,-0.0031823553,-0.0007709196
0.047097653,0.0010994487,0.0047744988
0.0,-0.004900176,-0.0037553397
0.0149377845,0.00024310127,0.0012056038
0.0017988029,-0.0006843358,0.00049177464
0.0006529696,-0.0035053901,-0.0015175522
0.01460519,-0.0004756339,0.0007064432
0.0057355165,-0.0029317252,0.0011505352
0.012300106,-0.004418485,-0.003022286
0.012482104,-0.0016595796,0.0014277732
0.05913155,-0.0033984147,-0.00044646685
-0.0051503913,-0.0032721497,-0.00073253666
-0.025160491,-0.0016739629,0.0027556375
0.02219858,-0.0020067655,5.48854e-05
0.009247708,-0.004831616,-0.0051115025
-0.016678628,0.0009658076,-0.0005685289
0.0013610852,0.00028222427,0.003391791
0.00899206,-0.0058681294,-0.0013808555
0.0037305763,-0.0025338344,-0.0014238292
-0.009291777,0.00043149665,0.0024883873
0.014276811,-0.0005328022,0.0033724264
0.008835925,-0.0044968463,-0.00371213
0.010387989,-0.00097494945,-0.0017183877
0.0022175307,-4.8402697e-05,0.0016487853
-0.0053303707,-0.0036709271,0.0012615615
0.0032355883,-0.0029914826,0.00073578395
-0.002620461,-0.0027506985,-0.0024042416
-0.009195595,0.0011615418,0.0041096266
0.0039775562,0.00066157803,0.0011310913
0.010056865,-0.0014117919,-0.00072408235
0.0113647515,-0.0007237978,-0.00042580732
0.0026850067,-0.0010295995,5.804171e-05
-0.012496302,-0.0018655397,0.00067389826
-0.00060256664,-0.0014576949,0.002782271
-0.01899306,-0.00070633367,-0.00017281953
-0.0035853933,0.0035402551,0.003994544
0.006888103,0.0030260496,6.5313885e-05
-0.002450536,-0.0026676357,-0.002092146
-0.010235415,0.0019867755,0.0046737073
-0.0020682209,-0.0010417625,-0.0014423367
-0.00321241,-0.0012289397,0.00019131356
-0.0011435763,0.0007766597,0.0021330388
0.023417985,-0.0015627258,-0.00090641517
0.00050844526,-0.0017566681,-0.000881691
-0.023582026,-0.00094018877,0.0018935255
-0.0016655844,-0.0013814382,0.002720984
-0.038581904,-0.0028825104,-0.0023202787
-0.023318807,0.0042736903,0.005557238
-0.022876237,0.007508371,0.0029248942
0.022502596,0.0022257082,0.00026311283
-0.050905876,-0.0012180246,-0.0012716025
0.018971808,2.6825815e-05,0.005089106
-0.032525018,-0.003999438,-0.0037451119
0.017343776,0.0009261742,0.0037950573
0.036431607,-0.001718279,0.0005476506
-0.013632257,-0.002692569,-0.0022819194
-0.019531772,0.0018604808,0.0053252494
-0.0220177,-0.004774455,-0.0033809545
0.008219208,0.00020280108,0.0016371584
0.0028355136,0.0012122877,0.0018737429
0.016022628,-0.00050915405,0.0013975336
-0.0015073894,-0.0023488589,-0.0022312975
0.019626088,-0.0012918152,0.00030208944
-0.0072892867,-0.0031334944,-0.0005174682
-0.026847223,-0.0029324703,0.00028031375
-0.011789672,-0.001285132,0.0028394354
0.004414254,-0.00046100095,0.00033819518
-0.002256829,0.0013975091,0.0015044226
0.012976147,0.00011677295,0.0005481655
0.004465917,-0.00052822754,0.0010178422
0.0025740168,-0.0007888898,0.0016044681
0.0119033335,-0.0032374524,-0.002743475
0.029754374,-0.0010525845,0.00084896607
0.0062716715,-0.0016690455,0.0005344283
0.0066777794,-0.0029961318,-0.00093776046
-0.00022107954,-0.0023551434,0.0008016473
0.0076302383,-0.0018636994,0.00022841169
-0.010096639,-0.0012465976,-0.00021073455
-0.02372505,-0.00034769252,0.0011078715
0.0043152953,0.0019890517,0.003576062
0.020578919,0.0011562742,-0.00019473396
-0.0032129504,-0.0019889213,-0.0019555525
-0.022674235,0.00033600628,0.0013127872
-0.018651193,-0.0010759495,0.0010070575
-0.017846806,-0.00046379492,0.002680631
-0.025250731,0.0025489815,0.0013646089
0.027478473,0.003060732,0.0022549462
-0.0053015663,-0.0014139861,-0.0019951852
-0.000710619,-0.0003509149,0.002131372
-0.007704178,-0.0005352907,0.0021688817
-0.013019636,-0.0037941635,-0.00217604
-0.0029044882,0.0009766221,0.002350777
0.006796912,0.00042758882,0.0017098251
-0.013140403,-0.0019091554,-0.0014931276
0.025042793,0.00029891357,0.0029149733
0.0069120983,-0.0030347742,-0.0022250873
-0.026630372,-0.0015070513,-0.0011931221
0.00036477117,-0.0012346245,0.0029227764
0.00449742,-0.004024256,-0.00056140334
-0.01718294,0.00069127977,0.0025143004
0.02191577,0.0016838647,0.002114799
0.0108433915,-0.0035844557,-0.0041121375
-0.0057211365,0.00010732561,-0.002306529
-0.019899258,-0.00076318905,0.003105554
0.003791555,-0.0059961043,0.0015647047
0.027781148,-0.0041418597,-0.0022388508
-0.00723178,0.0004663281,0.00083260494
0.02531649,0.00041395798,0.0031618103
0.007453988,-0.0041838773,-0.0022386615
-0.00219656,-0.0015395544,0.00085092615
-0.0011585966,-0.0023109429,-0.0011629739
0.014267526,-0.0021589808,-0.00011801289
0.009606545,-0.0026251897,-0.0013640427
-0.0033982263,-0.0017726086,-5.391147e-05
0.012161851,-0.002826959,0.000887578
-0.010780536,-0.0040254295,-0.0011746079
-0.015438677,-0.0008402802,0.0024249405
-0.0044967947,-0.0006757863,0.0013451251
-0.021311054,0.0012020841,0.0021073618
-0.010887552,0.0009014644,-1.42927165e-05
0.00011958012,0.0016480386,0.003301992
0.010049097,0.0021951534,0.00144738
-0.0052114464,-0.002590444,-0.002899507
0.014882725,0.00055695325,0.0032600728
0.001877096,-0.0021190308,-0.0006937963
0.011826723,-0.002909083,-0.0019504183
-0.0056707035,-0.0011965334,0.0012079607
-0.030144278,-0.002069801,0.0015292504
0.00035999974,-0.00044713914,0.0020297533
0.00047985744,0.0010199398,0.00075500744
0.018705007,0.00010833517,7.85148e-05
0.00953387,-5.1435083e-05,0.0008261708
0.0051300274,-0.001206547,-0.00045279413
-0.0049878242,-0.0031024031,-0.0017430794
0.0068781064,-0.0022171251,0.0016268059
0.06448998,-0.003809221,-0.0014062487
0.013269536,-0.002202239,-0.0007307364
0.0068698945,-0.0011296906,0.0010907693
0.002238796,-0.004621282,-0.0002662962
0.0070204875,-0.004195247,-0.0019440546
-0.0026407521,-0.001087971,-0.00042651384
-0.00932003,-0.0007727705,0.00088372664
-0.008445594,-0.001536876,0.00054129027
-0.012722375,-0.0016238727,-0.00013540167
-0.000109229404,-0.0012088679,-0.00023085217
-0.006771463,-0.0001863204,0.0020632544
-0.017813973,-0.0014879964,0.0002901312
-0.0020152295,0.0008093901,0.0043920083
-0.003926391,0.00032084063,0.00011474197
0.0032661438,0.00021329522,0.0008181627
-0.006847784,0.00056321546,0.0004446956
-0.010286014,-0.0006996356,0.0012488691
0.0009136801,0.0005632825,0.0026026396
0.00068459107,-0.001020845,-0.0006669777
-0.0042188726,0.00085398555,0.0019074732
-0.013397437,-0.0007718131,-0.0010277773
-0.0019731405,6.3702464e-07,0.0030721482
-0.0023258163,0.0013274513,0.0021384654
-0.010490751,3.2331795e-05,-8.127093e-05
-0.007539161,0.0011306033,0.0012014268
-0.015074144,-0.0010593571,-0.0014147004
0.0049409014,0.0004898831,0.003483765
0.0005996289,-0.002445981,-0.0016702828
-0.0026366396,0.00057031587,0.0043650744
0.013938909,-0.00056428835,-0.00035299605
0.013865914,-0.0025319755,-0.0019343051
-0.0033898412,-0.00022238493,0.00019428018
-0.0012901784,-0.002155032,-0.00012192567
0.0070463708,-0.003980946,8.353585e-05
-0.010612288,-0.0027963258,-0.0001961881
-0.008015001,-0.0005491935,0.001902861
-0.0038023682,-0.0005769469,0.0014862888
0.012881702,0.00011346489,0.001146212
-0.016603816,-0.00040027127,0.00019281637
0.024428222,-0.0006480031,0.00021391892
0.019871384,-0.00049477443,0.0016327166
0.020859595,-0.0020869784,-0.0007489864
-0.0074098576,-0.002352614,-0.0015484777
0.0033932293,-0.00094525144,0.003607256
-0.0022545028,-0.00326683,-0.0020777022
-0.015478508,-0.00041720644,0.00051378756
-0.025935302,0.0023963563,0.0031640788
-0.018732285,0.0029644854,0.0024468848
-0.003121649,0.0029146187,0.00027974567
-0.01035771,0.00040112063,0.00077965274
-0.006328303,0.0030436777,0.004701025
0.0066136057,0.000703197,-0.0010273976
-0.0063268556,-0.0015751459,-0.0009011524
-0.015427874,0.0008790456,0.0029674678
-0.029722758,-0.001136139,2.7217204e-05
0.013714429,0.0012568235,0.0032973897
0.00075869507,-0.0010017194,-0.0013363946
0.014908405,2.6881695e-05,0.002274961
-0.00522841,-0.00046232715,-0.0007551536
0.002753017,-0.0021395348,-0.00033960375
-0.015350004,-0.0024692826,0.00042650226
-0.013815005,-0.00249473,-0.00019820686
-0.00025699323,-0.0006374605,0.0019393121
0.012083847,0.00013230368,0.0022662042
0.020322602,-0.0016001798,-0.0012206197
-0.067845196,-0.000561323,0.0014163632
-0.026175203,0.001269754,0.0043606446
0.002879856,0.0034834556,0.00074013276
-0.019554224,0.006902296,0.003396392
-0.0019525718,0.0037983395,0.0022459654
-0.0022358305,-0.0003975071,-0.000943859
0.009383728,0.0019329004,0.005455819
-0.02317189,0.0016521253,0.00016175129
0.0026987898,-0.0006466992,-0.00055016205
0.0032582995,0.00076342747,0.0006267256
0.0018356008,-0.001035165,-0.0005062249
0.03537706,-0.0014167018,-0.0010735996
0.038116023,-0.002626691,-0.0023595074
-0.004458484,-0.0016677566,4.0328596e-06
-0.0054003694,-0.0052804463,0.0002551109
0.006091896,-0.0066793896,-0.0014785517
-0.023430284,-0.002054561,0.00051283056
0.015365943,0.0007090159,0.0029796946
-0.00384974,-0.0037989654,-0.0035298967
0.043576714,0.00019872561,0.0025372729
0.017494608,-0.003358543,-0.0023835928
-0.0002509619,-0.0016128458,-0.00021949562
0.0077830167,-0.0040503033,0.0015942475
-0.0072247363,-0.0053619333,-0.0025594947
-0.015432821,-0.0010357313,3.6317797e-05
0.00025483168,-0.00034301355,0.0024733515
0.0020385229,-0.0016603507,-0.00013434695
-0.008900248,-0.0007770546,0.00047687325
-0.013726745,0.0002457723,0.0019976448
0.02172224,-0.00074729696,0.00066266384
0.010057203,-0.0015364997,-0.00035015342
0.019536212,-0.0007912144,0.0004691839
0.003955986,-0.001883503,-0.00029638293
-0.012806316,-0.0022477694,0.0013272479
-0.009479787,-0.002417978,-0.00024845102
0.011837234,-0.00037263706,0.0010365271
0.024019917,-0.0013248511,-0.0012169507
0.006562967,-0.0008683093,0.0002868406
0.0094180005,-0.0017181896,-0.00069725106
0.024282282,-0.0035202652,-0.00060409214
0.06317884,-0.0043597296,-0.0019378092
0.0059314687,-0.0022866912,-0.0016732167
-0.008953917,-0.002751395,0.0004180934
0.012780917,-0.006971892,-0.0019096818
-0.008485626,-0.0043653958,-0.0012338307
0.016348451,0.0012376346,0.0044939695
-0.0023749713,-0.0040558167,-0.0036443935
0.0046530967,-0.000826139,0.000536017
0.008832479,-0.0005862154,0.0010366797
-0.00021358393,-0.0030138232,-0.0011470991
0.015081591,-0.0015767701,-0.00066610146
0.014857583,-0.0050646774,0.00025472883
-0.013606629,-0.004536677,-0.0032662847
-0.005936793,-0.0009104647,0.00181577
-0.0014052667,-0.0036420226,-0.00025181705
-0.0059806537,-0.0017278753,0.00082085386
-0.002654357,0.0010616705,0.0039186087
0.03726044,0.0012245439,0.0016442304
0.05747521,-0.0041010194,-0.0045196153
-0.00905858,0.00056253746,-0.0017708829
0.004570725,-0.0010401085,0.0023051235
0.02047446,-0.009687122,-0.0030126686
0.017038211,-0.004013013,-0.0025446904
-0.033818692,0.0005966164,0.0018917078
-0.022848807,-0.0012327693,0.0032999374
0.038142607,-0.0041245185,-0.0035442582
0.009105426,-0.001379326,-0.0015399272
-0.012031001,0.0020106174,0.0027912476
-0.03893607,-0.0031626187,0.0013174731
0.035845306,-0.002722256,0.001042184
-0.030259151,-0.002944205,-0.002407829
-0.0011618206,0.0022507645,0.005434134
-0.005982064,0.0019777603,0.000827978
0.0050150324,-0.00083418936,-0.0002606843
0.03243514,0.0001792945,-0.00020900252
-0.0037054864,-0.0011041015,-3.1198142e-06
-0.02894568,-0.0014328174,0.0009062091
-0.017318916,-0.0018838532,0.0026137028
-0.023894254,9.7129494e-05,4.827697e-05
-0.010763871,0.0060478672,0.0046172114
0.03106354,0.0046005063,0.0008899926
-0.009702123,-0.0032981597,-0.0020009086
-0.0048126294,0.0016616769,0.0049591362
-0.0013817241,-0.0014553219,-0.002000015
-0.008301618,-0.001476109,1.8019113e-05
-0.015870245,0.0010602437,0.002095738
0.0062023476,-0.0013526417,-0.0007319122
0.00088064553,-0.0014163665,-0.00043678598
-0.022347359,-0.00025414303,0.002436456
0.023938049,3.533438e-05,0.0033756935
-0.022675354,-0.0032659657,-0.0024317254
-0.012050327,0.0025569946,0.0051938975
-0.018751115,0.004928749,0.0019817776
0.006864544,0.00075703487,-0.00064418255
-0.0025796827,-0.0008748956,-0.0016564708
0.045076642,0.0002597049,0.0041330624
0.0015909519,-0.0041023903,-0.004080383
0.017296145,-0.00095556304,0.002089425
0.017175602,-0.005364485,-0.00096102606
-0.007845862,-0.0036532916,-0.0034001318
0.05449548,0.00080642477,0.0047800234
-0.0029344687,-0.006161567,-0.0041190293
-0.022400245,-0.00046670064,0.0010750468
-0.00852989,-0.0018317476,0.00026844486
0.071862385,-0.0017052852,0.00016161392
-0.0070821648,-0.0034097321,-0.0026976254
-0.043588523,0.00010653585,0.0007618981
-0.012098103,-0.0045294426,-0.0007471426
-0.03925516,-0.0036118813,7.671077e-05
-0.0043652873,0.0039435215,0.004619128
0.027008083,0.0018447153,0.0013371627
0.080430314,0.000348676,0.0017054828
0.0047415714,-0.0012786463,-0.0008169282
-0.025326421,-0.001478415,3.538211e-05
0.016785037,-0.004780825,-0.00041089184
-0.005872999,-0.005429987,-0.0038261486
-0.0014370134,0.0012667663,0.0016910343
-0.009753767,-0.00048189238,0.0011754965
-0.020668477,-0.0021736473,-0.00017878402
0.013355277,0.0004481338,0.0023253793
-0.0053693135,-5.017966e-05,0.0010885887
-0.026500944,-3.4119934e-05,0.00094690314
-0.023021324,0.0005753301,0.0015061604
0.04953562,0.003043998,0.0038812705
0.014421519,9.9826604e-05,-0.00030255708
0.0397415,-0.0021168329,-0.0018531759
-0.031230612,-0.00030670688,-0.0004424618
-0.0072172727,-0.0028507188,0.0004180678
-0.015993565,-0.0030140467,0.0013859435
-0.006567091,0.0012829639,0.00090479985
0.01189888,0.0027644075,0.001660662
-0.005879481,-0.0014030747,-0.002048437
0.0009857299,-0.00040750206,0.0016751855
-0.015427517,-0.0007792227,0.002282193
0.027004482,-0.0033198483,-0.0018873811
-0.01119952,-2.0068139e-05,0.0018020632
0.06106371,-5.5216253e-05,0.0017979206
-0.014077968,-0.0038178079,-0.0032040023
0.018672504,-0.0007293187,0.0023056073
0.040819496,-0.0053876564,-0.003543847
0.008879658,-0.0025510676,-0.0023918848
-0.028458191,-0.0007097535,0.0022268523
-0.0033217757,-0.005449835,-0.0011138134
0.007877544,-0.0014952607,0.0013937599
0.04629493,0.0016023591,0.0019284525
0.062060043,-0.0033491142,-0.0041025346
-0.030298902,0.0009832121,-0.0036649022
-0.0486819,-0.0021640398,0.0022262535
0.013049845,-0.010152001,0.00036780536
0.0011579365,-0.0039198026,-0.0023819022
-0.02024001,0.0038160942,0.002133693
-0.0033937693,0.0018271543,0.003741327
-0.007106949,-0.002251275,-0.0010884918
-0.025946882,0.00013236329,0.0019165091
0.0016840264,-0.00017550215,0.00028679834
0.030872637,-0.0008602366,0.0007959923
0.006226921,-0.0015566163,-0.0007148053
0.018417561,-0.0011696555,0.00021451316
-0.0043403218,-0.0037866905,0.00017401576
-0.016855508,-0.0040527843,-0.0012014766
-0.011232665,-0.0014555119,0.0020335675
-0.016442427,-0.00054892525,0.0014453892
0.006838859,0.0022360682,0.002593474
-0.014641528,0.0002727583,-0.00034668762
0.0026041386,0.00082493573,0.003476917
0.020473706,0.0018438958,0.0008519939
0.004192226,-0.00316244,-0.003337052
-0.040852807,0.00064084306,0.0029681206
-0.018964732,-0.0017754026,-0.00020552106
0.012517841,-0.0031270161,-0.0017391553
-0.028794995,0.00076527894,0.0026027954
-0.013374183,0.0007350035,0.0031841781
-0.009472448,0.00086953864,0.0023467578
0.030173091,0.0018037371,0.001468597
0.017925719,-0.0005862303,-0.0004248066
0.0029874598,-0.00057399645,0.00076419127
0.011600531,-0.001780156,-0.0010364071
-0.0069734533,-0.0039350204,-0.0021786655
0.01685396,-0.00184061,0.001716222
-0.003376323,-0.0040617622,-0.0016187634
0.0003079249,-0.0016560815,0.00021240287
-0.0041563525,-0.0014924966,0.0013994237
0.014839992,-0.0014284886,0.0016075851
-0.0025894619,-0.0018346347,-0.00079662306
0.003054321,-0.00094061345,0.0003234762
0.025883023,-0.0007826127,0.0007160746
0.054764062,-0.002044823,8.688634e-05
0.0018291438,-0.0026483051,-0.0013224955
0.0026685738,-0.00240333,-0.0017634297
-0.008824727,-0.003970567,-0.00022871717
-0.036602654,-0.004121285,-0.0010798001
0.014815933,0.0010806732,0.004217902
0.010552231,0.000115733594,-6.530143e-05
-0.007581267,0.00012116507,0.00102269
-0.02493508,0.00077532604,0.00036303012
-0.014042935,-0.0007953979,0.0010155932
-0.018890474,0.001127407,0.0027840598
-0.01635085,0.0007481538,0.00023518884
0.060742516,0.0023089312,0.0026579492
-0.04320441,-0.0015588515,-0.0012852459
-0.016990671,-0.0004167743,0.0039078575
-0.01027717,0.0010114722,0.001126874
0.00047197574,0.0012795925,2.2838358e-05
0.005818508,0.0032037385,0.0017054896
-0.008599113,-0.0010445006,-0.0011639936
0.028071323,0.00011007115,0.0031856543
-0.023009721,-0.003840942,-0.002534242
0.0004710723,-3.4246594e-05,0.0042022644
0.02495286,-0.0017532893,-0.0010090331
0.020976922,-0.0022670738,-0.0018476681
0.02114571,0.0004793182,0.00021512876
0.027170014,-0.0023214854,-0.0007908194
0.0064340425,-0.004813861,-0.0008278114
-0.0014206347,-0.003987845,-0.0011161091
0.001707252,-0.0028042383,0.00065317337
-0.0076693776,-0.0018065162,0.0008286577
0.004436776,-0.00032461807,0.0008359692
-0.0021373827,-0.00065037236,-4.316296e-05
0.003998269,-0.00083206594,-2.2151158e-05
0.007680286,-0.00013095886,0.0021083676
0.013267501,-0.001916565,-0.0007024957
-0.026605427,-0.0020328872,-0.0010158073
0.008872393,0.00057035685,0.0045034103
0.0029787105,-0.0020345487,-0.0016236098
-0.014566522,0.000116128474,0.0010520581
-0.025545333,0.0026955567,0.0032749707
0.014432927,0.0027387068,0.0022778972
-0.004355334,0.0012444742,-0.00033443805
-0.009332158,-0.00046356395,0.0005806346
0.003974045,0.0026628412,0.003816651
-0.04412846,-0.0006877817,-0.0016291235
0.043404937,-0.00065119937,-0.00030295114
-0.0010289534,0.00053033605,0.0022147873
-0.0019128495,-0.0008707009,0.0007202587
0.004127949,-0.00040297583,0.0021948663
0.013801239,-0.0029075854,-0.0022780916
0.013178797,-0.00028413162,0.0010514051
-0.0068610027,-0.0013118722,-0.0009878441
-0.005901031,-0.002401989,-0.0005924639
0.016504986,-0.0027271025,0.0004527545
-0.0065517602,-0.0027436651,-0.0006005218
-0.0077419486,-0.00064576045,0.0019133135
-0.0018783016,-0.0010299273,0.0016343715
-0.001158104,-0.002270624,-0.0015893287
0.0020289766,0.00011504814,0.0018118655
-0.023286095,0.001546938,0.0038788663
-0.0045905164,0.0012324341,0.0011029597
-0.005058077,0.0036041774,0.0020128964
0.0177931,0.0021047704,0.0010606865
-0.023064489,-0.001301568,-0.0013705902
-0.029624078,0.001310166,0.0053805606
0.017356312,0.0029428937,0.00015814602
0.0063975346,-4.1529536e-05,-0.00072726794
0.012108416,0.0012251064,0.0016114322
0.037834585,-0.0007526763,-0.0011012056
0.014985603,-0.0024988092,-0.0022204083
0.030380456,-0.0023184158,-0.002651816
0.0046844357,-0.0041213594,-0.0008485835
-0.0016455721,-0.005442869,0.00015365388
-0.0071429154,-0.0055101886,-0.0011976053
0.017847273,-0.0022730492,0.0006225294
0.024330582,-0.00040899962,0.002226299
-0.007696415,-0.0035265945,-0.0036213698
0.03196041,-0.00071835145,0.001644635
-0.00038873628,-0.0050815754,-0.0029723835
-0.0060928343,-0.0018461049,-3.7866295e-05
0.011608183,-0.003108386,0.0021104445
0.013666905,-0.004269216,-0.0019406793
-0.02429412,-0.0007239245,0.00014441635
0.005084075,-0.00054967776,0.0025297082
-0.0029830835,-0.0026377179,-0.0007426409
0.008325737,-0.00080282614,0.00044877012
-0.017933162,0.00018839166,0.0017046125
0.0074881725,-0.0009690225,0.00072154927
-0.007432516,-0.0016591884,-0.000507195
-0.002496091,-0.000783775,0.0006875563
-0.021598833,-0.0010165386,0.0005096887
-0.008076437,-0.00047260523,0.0025021138
-0.007599473,-0.00034470484,0.00068605173
0.0071106837,0.0009435974,0.0020169632
0.017786795,-0.0007144436,-0.0008504626
0.037753493,-0.0010227486,0.0003647696
0.0047564306,-0.0019145422,-0.0010486207
0.02085462,-0.0029089898,-0.00047753705
0.030078975,-0.0056946017,-0.0025741744
-0.00949019,-0.0029230788,-0.0014625785
0.0018424505,-0.0028163902,0.0008917693
0.0074791643,-0.0051844753,-0.0010601205
-0.04235117,-0.0026197433,-0.00032721052
0.086287975,0.0014105178,0.005065837
0.011815565,-0.0066887066,-0.004480404
0.006590354,0.0008736402,0.0008753849
-0.0045944625,-0.0021047145,-0.00039962295
-0.0076160124,-0.0046302862,-0.0022241937
0.017980533,0.0004352592,0.0002675258
0.005782879,-0.0024281777,0.00052605814
0.031873047,-0.0068774894,-0.0046202214
0.023499515,-0.003482096,0.00025425002
0.047517598,-0.0033693947,-0.0009169332
-0.018359507,-0.0038496293,-0.0011403162
-0.035219025,-0.0026145615,0.0024490757
0.06406207,-0.0010618009,0.0003657965
0.075901076,-0.0057847835,-0.005206693
0.003751374,0.002181556,-0.0013082728
0.0030106506,-0.000121600926,0.0018134987
0.024789156,-0.011129003,-0.0038260405
0.02843142,-0.004937876,-0.003277932
-0.059071932,0.00044845417,0.0015012689
0.019569982,-0.0014976896,0.003488777
0.071966,-0.00615051,-0.004399162
0.036575485,-0.0006562695,-0.0017906865
-0.028052865,0.0026154853,0.0014137505
-0.00052132993,-0.005971737,-5.0013186e-06
0.051401187,-0.006304916,-0.000773608
0.0014432297,-0.0029655844,-0.002920877
0.0059445715,0.0016733967,0.004017257
-0.04799213,-0.0014444627,-0.0003566614
0.024594456,-0.0015942007,-0.00083339005
0.05429595,-0.0011578314,-0.0009599038
-0.009011393,-0.000598222,0.00046709168
-0.033473887,-0.0006438717,0.0009336948
-0.02790655,-0.0029540733,0.0019835876
-0.03427156,0.00035262853,7.346971e-07
0.004792981,0.008080613,0.004959383
0.14021397,0.004741002,0.00106977
-0.015973626,-0.0059848055,-0.0032861636
0.0092329895,0.0012359992,0.00423696
-0.012127105,-0.008262377,-0.0052226232
-0.022312233,-0.0023388676,-0.0013345345
0.02713897,0.0030584224,0.0017631596
0.024706163,-0.0020083822,-0.0012020842
-0.014064465,-0.0008422546,-0.00046816736
-0.01129315,-0.001243759,0.001667479
0.038345896,-0.0021734312,0.0022348547
-0.0308093,-0.003715869,-0.0027075103
-0.020097315,0.0025059767,0.0051074307
4.358705e-05,0.0048946403,0.0016561208
0.04776627,0.0006229915,-0.000908023
0.0068569747,-0.0018334836,-0.0020874746
0.054193515,-0.0001930967,0.0034181734
0.007204089,-0.006631475,-0.0055818744
0.006802721,-0.001540523,0.0010706233
0.011544364,-0.006196808,-0.0013278077
0.010267577,-0.0040934645,-0.0035637554
0.027316047,0.0010357983,0.0047061834
-0.015152054,-0.0049294047,-0.0035287894
-0.009261029,-0.0011542402,0.0010424317
-0.0045606703,-0.0014149286,0.0006065346
0.021734154,-0.0010443814,0.00068466284
0.014786504,-0.002243489,-0.002056293
0.014388499,-0.00076650456,0.00044923392
0.0067682075,-0.0027521998,-0.00051903643
-0.018308584,-0.0038343817,-0.00038797897
-0.020835614,-0.002001632,0.002523378
0.0058033466,-0.0010143258,8.6659216e-05
0.020046653,0.00086155906,0.0011241424
-0.014866405,-0.00029197708,0.0002794545
-0.024807649,-0.00045878813,0.0013825414
-0.0012078027,-0.00037674233,0.0016172988
0.011147571,-0.0024939328,-0.0021227638
0.009118778,0.0005903654,0.0019772712
0.024627896,-0.00011748448,0.0014465463
0.009541996,-0.002905976,-0.0009415643
-0.029608639,-0.001616504,0.0012213502
0.0005534013,-0.0015845038,0.00047005888
-0.0028392973,-0.0011733584,-0.00022169092
-0.029620625,0.00070955977,0.0017106715
0.027247414,0.0030075833,0.004220902
0.010016369,0.00059812143,-0.0005089191
0.019209506,-0.0019436926,-0.0018491389
0.041839406,0.00015411153,0.00049627526
-0.024213074,-0.0021447502,-0.000114693656
-0.014463017,-0.002924282,0.001912495
-0.008632451,-0.0019389056,-0.0006318276
0.04056307,0.0017718747,0.0011469395
0.016422672,-0.0018406995,-0.0024810068
-0.019896464,-0.0004198812,0.0012685604
0.010990216,-0.0020637251,0.0017503713
-0.010628379,-0.0055371895,-0.0031567942
-0.008328102,0.0011884011,0.0023675
0.021630222,0.0004035011,0.0014986234
0.008980093,-0.0026052296,-0.0019586692
0.03303322,0.00016494468,0.0025556944
0.049705084,-0.003455501,-0.0027819176
-0.013068957,-0.0022031628,-0.0026519918
-0.0028147544,-0.0023805052,0.0019204328
-0.015653081,-0.0069440864,-0.0018853489
-0.004887904,-0.0005117096,0.00184533
0.24369632,0.001965478,0.0018023627
0.02543445,-0.008379675,-0.006972567
0.029913198,0.00948732,-0.0037462611
-0.056767445,-0.015457515,-0.0034236426
0.051170945,-0.010621633,-0.0016540599
-0.011139108,-0.0059552304,-0.0045463536
-0.0039667343,0.0023281015,0.0015739547
-0.013198497,0.00073169544,0.0025037993
-0.030501392,-0.0028910227,-0.0012271116
0.027618429,0.00073001534,0.0019572477
0.006751509,-0.0013868324,-0.00032963709
0.018364701,-0.0005022101,0.0011346344
0.0390051,-0.0022552125,-0.0015929681
0.0481449,-0.0026038848,-0.001036624
-0.008000564,-0.0032578148,-0.00035209727
0.00091438973,-0.0049517043,-0.0020008306
0.026140666,-0.004477095,0.00057901896
-0.017416852,-0.0024293996,0.00036405463
-0.0004646584,0.0006010495,0.0019060851
-0.018965727,-0.0011455901,-0.001451836
-0.037361674,0.0008786507,0.0030213257
0.030616269,0.0032413155,0.0015691414
-0.01812493,-0.002960395,-0.0030535625
-0.007174677,0.001587864,0.004376636
0.03625493,-0.00051791593,-0.0002730363
0.002624027,-0.0034513958,-0.002191727
-0.0022634368,0.00042887405,0.0018607576
-0.005057104,-0.0026470944,0.0009812913
0.009500511,-0.0016593672,0.0014509354
-0.0075994893,0.00024176016,0.0004230605
0.005334282,-0.0006677471,-0.000527082
0.035302445,-0.00041186064,0.00046351703
0.047264364,-0.0016726963,-0.0007603527
-0.011048974,-0.0023293383,-0.0020761478
0.021817025,-0.00282209,0.0010310519
0.02223374,-0.0070336573,-0.0030274005
-0.008780085,-0.002194751,-0.00069583557
-0.033073425,-0.0014076792,0.0012204738
-0.026603725,-0.0020843372,0.0013618083
0.006838337,-0.00040654838,-0.00016116747
0.023917362,0.00072820485,0.0012156849
-0.0049695033,0.00063662603,0.0018753217
0.009856576,-0.0009603724,0.00086684985
0.018518519,-0.0029392317,-0.0010400822
-0.00044917958,-0.0023739338,-0.0012899585
-0.0047508,-0.0010946654,0.001280671
-0.0481218,-0.0033952408,-0.00082917465
0.005556917,0.0004859157,0.004345103
0.0037066021,0.0007659532,2.4240697e-05
0.016495135,0.00082762167,0.0014277035
-0.016579691,0.0008115843,0.0004331608
-0.04724164,-0.0010294244,0.0011055281
-0.0039009345,0.0008265674,0.002732211
-0.036165934,0.00035129115,-0.00035210745
0.07093382,0.0038046166,0.0035522797
0.0042739813,-0.0012168996,-0.0012747122
-0.010332291,-0.00058563426,0.0035435061
-0.0032653795,-0.00067196414,0.00074259087
-0.0010382341,-0.0018227287,-0.0014466601
0.084713325,0.0017068647,0.00080922426
-0.02765776,-0.0024539344,-0.0027578298
0.031707127,-0.00064631924,0.0029659055
0.0009975405,-0.008225363,-0.0045485822
-0.02427753,-0.00012596697,0.0032008134
0.017753951,-0.0005117543,-0.00082396937
0.041614156,-0.0028459467,-0.0022295911
0.009839329,0.0001338385,0.00023870193
0.0018471361,-0.0015219972,-0.00026242988
-0.017141104,-0.0053819045,-0.00075097603
0.0008040047,-0.0038627274,-0.00060316885
-0.030629532,-0.0008719452,0.0015093854
-0.017424155,0.00059505925,0.0023126584
-0.0144676855,0.0014830343,0.0015094229
-0.008645665,0.0010642931,0.0011766925
-0.006817448,0.0005303435,0.000886932
0.013706248,0.0010531284,0.0030347721
0.0021105672,-0.0010142289,-0.00026600005
-0.036879398,-0.001532536,-0.00044942298
0.0015034252,0.00116295,0.0047334954
-0.0101441825,-0.0010607541,-0.0012198137
-0.029434737,0.001207199,0.0016985519
-0.028930612,0.0042188056,0.0039409115
0.014457402,0.004596941,0.0028874865
0.014707991,0.0021928921,0.0002811695
-0.0073658656,-0.00100559,0.00063387427
0.013290085,0.0020532422,0.0037759372
0.014622827,-0.0015275851,-0.0022683672
0.009515133,-0.0019324049,-0.0015576237
0.029494971,1.7408282e-05,0.0020782133
-0.028247943,-0.0030593947,-0.001229973
0.012041248,-0.0010557361,0.00244651
0.014690859,-0.0033619963,-0.0027436635
0.024033275,-0.00030416995,0.0013492114
-0.010685687,-0.0010244139,-0.001077231
0.011596316,-0.0024910122,-0.000651845
0.022009665,-0.003565602,-0.00010901608
0.002969736,-0.002845917,-0.0008347784
-0.031611517,-0.0013292208,0.0013056324
0.01394608,-0.0016511716,0.0015589386
-0.04679468,-0.0030242726,-0.002077177
-0.039646804,0.0011884905,0.002883273
-0.002251355,0.005142145,0.004648298
-0.016959252,0.004517369,0.002050764
0.038369548,0.0061878227,0.0037787335
0.01600932,0.0011997856,0.00065495004
-0.04314865,-0.002449859,-0.0014311799
-0.034778234,0.0010843761,0.004669753
0.0043148096,0.0026148632,-0.00019210496
0.016320951,0.0021053366,-8.157082e-05
-0.009256329,0.0015527606,0.0019593094
0.03788625,-0.00045640394,-0.0003603415
0.027903125,-0.0026080012,-0.0021643504
0.034454994,-0.0017643161,-0.002389977
0.016575985,-0.0030836202,-0.00070548046
0.0044588707,-0.0060174577,-0.00032208092
0.013469704,-0.006090265,-0.0016441524
0.008073195,-0.003190238,-0.00012683158
0.02949948,-0.0011260323,0.0019205172
0.005896361,-0.0045277476,-0.004307463
0.021308074,-0.00074502453,0.0013566245
-0.015466394,-0.0048097707,-0.0029427116
0.012109276,-0.0026797056,-0.0001545673
-0.003678207,-0.0033523478,0.0019882913
0.02253638,-0.0031047575,-0.0013035643
-0.009224531,-0.001297649,-0.00013579236
-0.024587536,-0.0007540658,0.0024407504
-0.019295497,-0.002240628,-0.00044674845
0.009753859,-0.0009231046,0.0003780736
-0.008726881,0.0010639764,0.0023061298
0.006670715,5.2627176e-05,0.0013808256
-0.028458625,-0.0012594648,-0.00026165933
-0.000106945285,-0.00087690726,0.000794418
-0.026836284,-0.0010914393,0.00047315814
0.023203686,0.0004321821,0.0031021251
-0.022827825,-0.00056160986,0.0004848134
0.024020378,0.00040738657,0.0022417689
0.019529587,-0.0016545877,-0.0017724491
-0.018502943,-0.0011913888,0.00021528831
0.022090245,-0.0017707385,-0.0005319057
0.009043787,-0.0037708879,-0.00067575765
0.0054483344,-0.0028029867,-0.0010940384
0.01116855,-0.002343852,-0.00068599277
0.024278983,-0.0031472072,0.0009428695
-0.009445415,-0.0037866868,-0.0007467398
-0.030098425,-0.0026616268,-0.00034861668
0.018270269,-0.00033961982,0.00416486
-0.003265985,-0.004236441,-0.0034646068
0.0091952095,0.00045880303,0.0013228592
0.0028003913,0.00036758184,0.0012969162
0.00212475,-0.0028532967,-0.0010213125
0.00092573283,-0.0005570017,0.00041392946
0.02427744,-0.0028052442,0.001307039
0.0020316062,-0.0050166324,-0.0034098842
0.0047307746,-0.0010647662,0.0017352
-0.0067264405,-0.003802441,-0.00058829493
-0.021331822,-0.0027145185,0.0003417096
-0.008880137,0.000498008,0.0036477693
0.015243164,0.001980476,0.0017612495
0.019713482,-0.0030280761,-0.0037100136
0.008204965,2.7474016e-05,-0.00068838475
-0.0006688691,7.99112e-05,0.0029598044
0.0021196166,-0.0064126886,-0.001707298
-0.00935104,-0.003913887,-0.0020892322
-0.01842903,-2.792105e-05,0.0023890692
0.012707505,0.00021483004,0.0037151203
0.01797427,-0.0036553778,-0.003193215
-0.007440375,-0.0007856749,-0.0014012086
0.002685226,0.00044293702,0.0020768805
-0.0121625075,-0.0038289353,0.0011610758
-0.008923539,-0.0020618476,0.0011763768
-0.0119671235,-0.0018744655,-0.001970128
-0.0004614248,0.0015343614,0.004540113
0.0056549087,0.0014594719,0.0014645136
0.026164778,-0.0011379234,-0.0003583561
-0.00369047,-0.0010978319,-0.0007356836
-0.008418454,-0.0012021214,5.6237914e-05
-0.0070182835,-0.0024641342,0.00045060512
-0.0050159874,-0.0009311214,0.002919148
-0.01237399,0.00045071542,0.00032122392
0.0013921433,0.0032363422,0.003978598
0.026181674,0.0025154687,2.5128014e-05
0.00090315903,-0.0030503161,-0.002534755
-0.007895382,0.0012837984,0.0043078735
-0.0063665025,-0.0022236258,-0.0020906432
-0.012128206,-0.0016626641,-0.00013430661
0.007296791,0.0009620674,0.0021238872
0.026215922,-0.0015398599,-0.0009157865
0.005490172,-0.0014184117,-0.0006816359
-0.015377727,-0.0009792186,0.0017227815
0.0014712228,-0.0020450093,0.0024039303
-0.0183071,-0.00344323,-0.0026067004
-0.032232106,0.0032029636,0.0049423706
0.010229578,0.0060139447,0.00273552
-0.004356561,0.0006202385,-0.00078459
-0.01868489,-0.00092905015,-0.0011124735
0.022173973,0.0007106401,0.0039519654
0.0051874844,-0.0040571727,-0.003710021
0.019938974,-0.0001582466,0.0026544747
0.0071297465,-0.003274113,-0.00015830633
0.0036537987,-0.003376972,-0.0029836653
-0.0013652189,0.00018519536,0.0046090456
0.002620225,-0.0045538656,-0.0031287929
0.024201764,-0.00067295134,0.0011276106
-0.0032172278,-0.00083860755,0.0008662589
0.008569886,-0.0017435066,0.00044767302
-0.0012138668,-0.0036064126,-0.002909819
0.026626848,-0.0013759099,0.00019549142
0.0107619455,-0.0027369745,-0.00039010542
0.0008518083,-0.0027788505,8.828286e-05
0.009468079,-0.0024742112,0.0021614048
0.010854661,-0.0027962513,-0.0007027817
-0.022518724,-0.0005757846,0.0002907322
0.0022397512,-0.00077342615,-0.00018687174
-0.00074491533,-0.00088693574,0.0007347589
0.0175719,3.2622367e-05,0.0021157777
0.0016744743,-0.0026252978,-0.0023897218
-0.0012538162,-0.00073629245,0.0012707476
0.009206035,-0.0015363991,0.0007684425
-0.006841543,-0.002888538,-0.0007454298
-0.010228533,-0.00041173026,0.0019010418
0.0033744562,-0.0005721487,0.0008469513
0.0030478288,-0.00061381236,0.00031049142
-0.014459397,0.000155624,0.0013794553
-0.003721013,0.0017001107,0.003660146
0.014192742,0.00077294186,-0.0003776861
-0.003367,-0.0020851977,-0.0022335618
0.0015836309,0.00033283234,0.0013887637
-0.0007378486,-0.0009947903,0.00089824595
-0.00021101552,-0.0013440587,0.0023999726
0.0020046681,-7.0251524e-05,0.00039014628
0.021059282,0.00044159964,0.0009372014
-0.0018562473,-0.0019841641,-0.0028342127
-0.0067155855,-0.00074085966,0.0010971155
0.014354038,-0.0017787479,0.001967568
-0.0008202851,-0.0043231435,-0.00255368
0.0042076767,0.00057289377,0.002175769
-0.0060296,-0.0006120391,0.0010358825
0.01017888,-0.0026008524,-0.0019548575
0.015470704,-0.00025369227,0.0022092531
0.025759244,-0.0027334727,-0.0020092719
0.0048856754,-0.0020468272,-0.0018722436
-0.0104045095,-0.0018099621,0.0023042876
-0.03173819,-0.004951339,-0.0009952489
-0.0022326082,-0.00061186776,0.0020512205
0.06072011,0.0018962733,0.0018626251
-0.0020136072,-0.0037410446,-0.003766734
0.01028055,0.0013009496,-0.0021655576
0.0075130854,-0.0026371367,0.0018140257
0.00047192205,-0.0069816336,0.00080614665
-0.00094347086,-0.004247483,-0.0026868365
0.009821522,-0.0006124191,0.00037430087
0.001589808,-0.00024176762,0.0027096695
-0.017273562,-0.002867233,-0.001257235
0.02118768,-0.0011325739,0.0013230462
0.022050569,-0.0023004115,-0.0009179909
0.05989988,-0.0010876171,0.00034231273
0.0021472129,-0.0027237423,-0.0023625412
0.04790878,-0.0024457052,-0.0010553598
0.035004552,-0.006653268,-0.0014351711
-0.008613228,-0.0043142997,-0.0023179424
-0.02725967,-0.0028184503,0.0008988057
0.0004916221,-0.0034860708,0.00020396034
-0.012448785,0.0010391437,0.0015622734
-0.016088923,0.0010082647,3.6612968e-05
-0.015677685,0.0014999881,0.0033638552
0.009076876,0.0026767664,0.0014444217
-0.011116748,-0.002447661,-0.0028047874
0.010726851,0.0011167303,0.0038149867
0.011122411,-0.0012239553,-0.0003336147
-0.016290158,-0.0028175525,-0.0018516609
-0.010157938,-0.0006004311,0.0017755623
-0.0043980866,-0.0018457212,0.0015830827
-0.0072758454,0.00026238337,0.0022836463
-0.002006835,0.0014828704,0.0012215364
0.004371394,-0.00043470785,-0.00036926597
0.009923393,-0.00020107627,0.0009005084
0.012325464,-0.0010724328,-0.00028357405
0.015495953,-0.0025604889,-0.0014201989
-0.0031860254,-0.0019390769,0.0014822771
0.015812913,-0.0039182007,-0.001517124
-0.017222773,-0.0027688108,-0.0005858345
-0.023675164,-0.0012975968,0.0017605365
0.0152744595,-0.0010322668,0.0017122531
0.0035698952,-0.0014256351,-0.0004536918
-0.0010163696,7.0929527e-06,0.00093241304
-0.020771489,-8.927658e-05,0.0010626345
0.007792221,-0.0014387108,0.00069901126
-0.0035223681,-0.0018083528,-0.00034902547
0.010690624,-0.0010962822,-0.00016986032
0.0058005652,-0.00059076026,0.0015854276
-0.018658336,-0.0024812333,-0.0003949037
-0.010025028,-0.00028013438,0.0038752598
-0.00096028467,-0.0004094951,-0.00027053326
0.014505383,0.0003777556,0.00062779995
-0.0074934983,0.00042831153,0.00044447975
-0.018484812,-0.00081455335,0.0012370506
-0.00097259606,0.00024661422,0.0024165434
0.0006195212,-0.0010085814,-0.0007465767
0.022200622,0.0013312474,0.0021090235
0.014882766,-0.0010490343,-0.0012555572
-0.016625497,-0.0007243119,0.0025583508
-0.003988201,-0.00041255727,0.0015212626
0.013753498,-0.0011937767,-0.0010933839
0.0011162395,0.00055235997,0.0007487134
-0.000428814,-0.0011941455,-0.0015065195
0.011154929,-0.0003455691,0.0026503785
-0.04183633,-0.003845755,-0.0024095306
0.02789827,0.0003052242,0.00438994
0.0067206514,-0.0020270124,-0.0009790173
0.03260874,-0.0013373345,-0.0010127397
0.0038955756,-8.907169e-06,-0.00025993004
-0.006027108,-0.0022156686,-0.00045330846
0.00448543,-0.0047485717,-0.00036227913
0.025221227,-0.003603544,-0.0005686205
0.0028230236,-0.0009974837,0.0013438379
0.0061127204,-0.0011772178,0.0012434621
0.0098329475,-0.0017496459,5.2393356e-05
0.0030873923,-0.0016850196,-0.0006016338
-0.13495383,-0.0012956224,-0.0005847431
0.02034482,0.00077740103,0.0038233579
0.016273314,0.00026871637,-0.00039744424
0.0021995425,0.0021700822,0.0024144752
-0.014924102,0.005161643,0.0056893397
0.004990621,-2.1338463e-05,-0.0012703512
0.0008868148,-0.00055060536,0.00031656085
-0.030477561,0.0020439029,0.0032351909
-0.0036553186,0.0023181476,0.002469985
-0.006695366,0.0016701631,-0.00039902749
-0.031579,9.975582e-05,0.0006160261
-0.0024789714,0.0035894476,0.0046606315
0.014624342,0.0010821857,-0.0010787273
-0.0021667767,-0.001151111,-0.00048067863
0.007458468,0.0012119524,0.0030742877
-0.020522935,-0.001747217,-0.00054011587
0.02449297,-0.00011090189,0.0028016085
0.01186026,-0.0025307424,-0.0022292172
0.014859258,-0.00052887574,0.0014711636
0.0032739234,-0.0013867281,-0.001294997
-0.005529375,-0.0027080588,-0.0009380613
-0.000638043,-0.0027844012,0.0003160329
-0.004833991,-0.0030026399,-0.0006286891
-0.00788196,-0.0008633025,0.0018208285
0.004249414,-0.0003341958,0.0020402963
0.0030356161,-0.0020217746,-0.0014821212
-0.007245056,-0.00018303841,0.0017457819
0.00083137496,0.001371108,0.0038320024
-0.059903987,0.00048210472,0.00059462595
0.017771283,0.004854899,0.002877103
-0.004437649,0.0034658462,0.0005056168
-0.01715113,-0.0014096685,-3.0015886e-05
-0.010154774,0.0032896772,0.0055318996
0.0058764573,0.0031189956,0.00025376084
0.006535337,3.3676624e-05,-0.00056532223
0.017215937,0.00075868145,0.001143511
0.022727259,-0.0011539944,-0.0011733439
0.010591042,-0.00221036,-0.0019188817
0.011041455,-0.0028851144,-0.002606038
0.00981025,-0.003719177,-0.00021293736
-0.0010998327,-0.005021505,0.00049625884
0.03064505,-0.0043349154,-0.0006203335
-0.0013353648,-0.0025472678,0.0002074487
0.0079336725,-0.00086036697,0.0022800658
0.009551621,-0.0046689026,-0.0042832224
0.017082758,-0.0009058863,0.0014357571
-0.017571067,-0.003488414,-0.0022516842
0.0053480677,-0.0024724267,0.00013943773
0.006017288,-0.0031408481,0.002223211
0.013522863,-0.003057938,-0.0013080493
-0.0071843686,-0.0008432977,0.00016643794
0.0013783255,-0.00081780925,0.0023077936
8.604729e-05,-0.0026839226,-0.0007296861
0.0018924837,-0.0015214086,-6.175833e-06
-0.0019747862,-0.00015080348,0.0016379859
-0.0002580762,-0.0011908673,0.00043886143
0.0,-0.0015467592,-0.00034161407
0.008174895,-0.0011673085,0.0002831192
-0.011778805,-0.0014106296,0.00030367728
-0.010796338,-0.00094820186,0.00216614
-0.021828342,-0.0012367554,0.00031175386
0.0074980273,0.0007963367,0.0018141161
0.006556196,-0.0007182099,-0.00087994605
0.013379075,-0.0006258674,0.00091299764
-0.12438113,-0.0013122819,-0.00042172766
0.021624843,-0.002282042,0.0019210374
-0.026021948,-0.004935015,-0.0010929
0.030007001,0.0027985089,0.0031327822
0.016260166,0.0015882589,0.002494757
0.011904762,-0.0020570979,0.00034872018
-0.019764692,-0.0026724525,-0.00070685847
0.016418617,-0.0012405775,0.003928952
0.0032117546,-0.005007744,-0.003992332
-9.411023e-05,-0.00021533296,0.0006847747
-0.0023542705,-6.347522e-05,0.001239298
0.0029261615,-0.003024023,-0.0010674798
-0.0065886835,-0.00021369383,0.0014278882
0.018779375,-0.00072736666,0.0022766725
-0.0008046274,-0.004290808,-0.0027765152
0.016544616,-0.0006813668,0.002159115
0.022612698,-0.0033998154,-0.00047808362
-0.0022535727,-0.0027284548,1.273345e-05
-0.0068463157,-0.0009973533,0.0029511228
0.03830573,-0.000748571,0.00070051197
0.022176523,-0.004590377,-0.005019024
0.012053054,0.0006511621,-0.0012616043
0.0042344807,-0.0011320561,0.0022002365
0.048293594,-0.007346954,-0.0022007928
0.0042109117,-0.004588563,-0.003012154
-0.013455964,-0.00018161163,0.001746281
0.0064073745,-0.0027171634,0.002278504
0.0068078786,-0.0054442696,-0.0041529685
0.017718518,-0.00054141507,-0.0016596739
-0.017410038,0.00031062588,0.0018135316
-0.021850772,-0.003184963,0.0016939497
0.022210851,-0.002600219,0.00094986777
0.040325627,-0.002678115,-0.0021849251
-6.0157137e-05,0.0014504269,0.004053371
-0.0052970857,-0.0003237836,0.0005597489
0.0064145084,-0.0034098178,-0.0019790935
0.023029294,-0.0019004606,-0.0012284112
0.041847862,-0.001005698,-0.000111909525
-0.029561043,-0.0017897598,0.00022407889
-0.015928412,-0.0025342293,0.0026012997
-0.0141186165,-0.0023203418,-0.001030696
0.12499251,0.0047485754,0.0038576096
0.0052729985,-0.0025889985,-0.0013611396
-0.011179403,-0.0028492697,-0.0026198493
0.010073352,-0.0012327768,0.0014263875
-0.00074266293,-0.005870562,-0.0035049857
-0.0075914036,0.00043547899,-6.6933746e-05
0.015566511,0.00039362535,0.0017896316
0.009165078,-0.0022962578,-0.0014317983
-0.019207645,-0.0014215559,-0.000722448
-0.0037784402,-0.0012511946,0.0018875742
0.0063034613,-0.0010879785,0.0026777836
-0.021021375,-0.002137605,-0.0018771726
0.006994949,0.0027470775,0.005056153
0.0010230314,0.004130747,0.0019431011
-0.0076385057,-0.0005359389,-0.00089023774
-0.0036859969,-0.0010340549,-0.002015124
0.032480963,0.00010795519,0.0034343097
-0.003425247,-0.004360441,-0.0038443964
0.001639158,-0.0007317774,0.0024098018
0.026711782,-0.0041035227,-0.00031107065
-0.01850998,-0.0036029108,-0.0031447057
0.015715858,0.0016163215,0.0054067792
-0.01206868,-0.005006235,-0.0034912622
0.0051161353,-0.00019748136,0.0016104252
-0.009193394,-0.00011591241,0.0010430535
0.0074963723,-0.0011571757,0.00084642693
0.0071804198,-0.0024967752,-0.0022034373
0.031874765,-0.0009589717,0.000547184
-0.017072212,-0.002319906,-0.00034438376
0.0011714752,-0.0030210428,0.00029088414
-0.012108287,-0.002787564,0.0020529672
-0.011587188,-0.0009695478,0.00024743844
0.0035950735,0.0011705868,0.0011165936
0.0009864108,-0.00029366463,0.00018452213
0.012810545,-0.0001832135,0.0015063073
0.013262988,-0.00039705262,0.0016199714
0.00793454,-0.0031641908,-0.0026713286
0.008624153,-0.0009926297,0.000786226
-0.005766572,-0.0020240135,0.0005096886
-0.023399964,-0.0029417984,-0.00071650883
-0.015615416,-0.0005386807,0.0018952896
0.0050969766,0.00036276877,0.0012493026
-0.0067270533,0.0004332699,0.000931005
-0.04886684,0.00076466426,0.0019379794
0.006682291,0.00316279,0.0043096174
0.00723653,0.0022178106,-0.00010115182
-0.014368996,-0.0013083033,-0.0011511992
0.0046037287,0.0009887815,0.0018386035
-0.034970015,-0.00035229698,0.0010476359
0.004353012,-3.522262e-05,0.0032532627
0.0075987326,0.0010190047,0.0006047159
0.02748449,0.0011584796,0.0017134573
0.041265763,-0.0015542768,-0.0026010443
0.02255635,-0.000777971,0.00030554907
0.018178092,-0.0029841252,0.0010347092
-0.011133406,-0.0064566024,-0.0040048193
0.010751651,-0.0017715432,0.00091053615
-0.031610653,-0.0018991865,0.00034854992
-0.0081347525,-0.002004061,-0.0014778073
0.00047020635,0.00052684546,0.0025864432
-0.009398512,-0.0017030872,-0.0010792876
-0.005587168,-0.0010583438,-0.00043974817
0.018286848,-0.00030590594,0.0033799803
-0.012336656,-0.003019698,-0.0001816086
0.076789245,-0.00018169358,0.0024249523
0.017962892,-0.0021628104,7.565855e-05
0.01788634,-0.0026573353,-0.004437046
0.0036844534,-0.0014572553,-0.0046615675
0.0042827735,-0.0034179129,0.0017400335
0.01593324,-0.0073389225,0.0007455974
0.0020757979,-0.005148392,-0.0028860664
0.043960538,-2.0246953e-05,0.00036531652
-0.009127351,-0.0010428168,0.0018425391
-0.037691355,-0.0034217872,-0.0015704178
0.030381536,-0.0023095496,0.00070546183
-0.012207168,-0.0030999742,-0.0011610837
0.04107221,0.00024423003,0.001392386
0.01959503,-0.0026220642,-0.0018131135
0.02110171,-0.0016992353,-0.00039025059
0.021965148,-0.003860142,-0.00017360563
0.011197685,-0.0050249286,-0.0020644453
-0.019997537,-0.002413109,0.0011800299
-0.011092748,-0.002408456,0.0006597956
0.042817663,0.0002693981,0.001443876
-0.020911064,-0.0014155395,-0.0011636204
-0.0005739091,0.00024366751,0.0032790194
0.031952392,0.0009451322,-5.78537e-05
0.007234021,-0.003779471,-0.0038568203
-0.00031570115,0.0012472905,0.0029267133
0.008605347,-0.0026522018,-0.0010662852
-0.0034049358,-0.0039954297,-0.0026050587
0.012723867,-0.00069267675,0.0015554441
-0.017372463,-0.0020101778,0.0013393963
-0.022928167,-0.00068678334,0.0020863847
-0.00048465253,0.000990551,0.00075157813
0.011152845,-0.00010893121,-0.00033265236
-0.07029531,0.00023080781,0.001317256
0.02738134,0.00017490983,0.0011046949
0.009413832,-0.0029569678,-0.0013662016
0.03643376,0.0009955838,0.0034891418
-0.006838659,-0.0023534186,-0.001348814
-0.009422551,-0.0025320165,-0.00027813192
-0.016056899,-0.002909515,0.0007716862
0.0073125563,-0.0013842806,0.0016015277
-0.0020097017,-0.00086347386,-0.00037359423
-0.0017260435,-0.00039265677,0.000815566
0.00864514,-6.727502e-05,0.0011799345
0.0011020133,-0.0015020184,0.0004985377
0.012883251,-0.0017568469,-0.000285675
0.0061181947,-0.0021899976,-0.0011225778
0.01284202,-0.0012437366,0.0013232579
-0.06714856,-0.0031753816,-0.0008965258
0.0054198196,-9.2510134e-05,0.0044700606
-0.08056429,0.00015733391,-0.00040817354
-0.01410774,0.0044695847,0.0029197803
-0.017468916,0.0049577765,0.0015694067
0.0094099,0.00091735646,0.0035460934
0.0027638373,0.003926743,0.0038894298
0.018219234,-0.0006942488,-4.8891758e-05
0.0063313893,-7.516518e-05,0.0013221637
-0.016777573,-0.0016337931,-0.0015783345
-0.00783642,-0.00080607086,0.0025227475
-0.029910706,0.00040239468,0.0017132697
0.010213398,0.0012122728,0.00025023683
0.14840953,0.0016216859,0.0012099904
-0.025954071,-0.003331963,-0.0030503166
0.0046896576,0.00035401806,0.0026750548
-0.034838356,-0.0123289935,-0.0059000514
0.014552638,0.00062704086,0.0028981422
0.007193637,0.0003601387,-0.00071912305
0.0064538335,-0.0018194877,-0.00096325146
0.017014345,0.0004573092,0.00039819418
0.022698652,-0.0021245182,-0.00035183685
-0.0023838957,-0.0035899356,-0.00014710514
0.009681963,-0.003412649,-0.00059214816
0.00057126285,-0.0026075281,0.00075298094
0.00093795406,-0.0014222153,0.0010924009
0.0134452535,-0.0007389672,0.00056155067
0.017689127,-0.0012530573,-0.0003271842
-0.029272353,-0.001352597,-0.00060984294
0.0022789142,-0.0006740652,0.0021455102
-0.0019082625,-0.00246742,-0.0011144709
-0.022862298,-0.0010271668,-0.00019819336
-0.0012905811,0.0024415813,0.005086043
-0.015507112,-0.00047618523,-0.0009190957
-0.0036837664,0.0007307455,0.0015185347
-0.033404168,0.003223732,0.0034687417
0.0047045024,0.0031860732,0.0029543627
-0.00866481,0.0021227784,-0.00013719569
0.0011477266,-0.00030458346,0.0008027857
0.022531861,0.0029308684,0.0040169973
0.014144023,-0.001021456,-0.0016893477
-0.0031464847,-0.001860071,-0.0014609126
0.009938585,-0.00039872527,0.001976734
-0.02137094,-0.003028635,-0.001012774
0.020413429,7.662922e-06,0.002759474
0.0014379815,-0.0024465062,-0.0022129344
0.04185321,-0.0004056506,0.0016392008
0.02468684,-0.0017352961,-0.0015322103
0.015824037,-0.0021523125,-0.0010715476
0.009463325,-0.0037567653,-0.0006650593
0.005439619,-0.0046246834,-0.0018093688
-0.00468115,-0.0026163347,0.00066873326
0.008172688,-0.0017112605,0.001304984
0.0008412406,-0.0028162412,-0.0020340525
-0.0015282108,-0.00041028485,0.0014975021
-0.031414982,0.0009810403,0.0035794792
-0.0396239,0.0012750588,0.0010394405
0.012628515,0.0058513917,0.002616993
0.023967214,0.0033605956,0.0012417361
-0.028880922,-0.0019317232,-0.000515922
-0.031046983,0.0017472766,0.005495391
0.006745608,0.003173586,-9.917177e-05
-0.0010050264,0.00079066306,-0.00054863887
0.018738216,0.001838576,0.0018815546
0.0075713783,-0.0006070137,-0.00084573333
0.022461815,-0.0018337406,-0.0014531873
-0.027280724,-0.0030629225,-0.0026372417
-0.02681394,-0.0029878616,0.00069479493
0.021434607,-0.0051155426,0.0011533145
-0.004130866,-0.0031675436,0.00011703599
0.006263458,0.0007914789,0.0020765727
0.045014214,-0.00021940097,0.0023996779
0.008402055,-0.0045702383,-0.0041837906
0.021632038,-5.8930367e-05,0.0014834226
-0.019106409,-0.005284939,-0.0032890108
-0.054180615,-0.0030584298,-0.000383073
0.02183241,-0.0021041706,0.002912101
0.052425425,-0.0030894391,-0.0012455327
0.013278549,0.00051596016,0.0010629997
-0.003370769,0.0001401119,0.002230625
0.011172652,-0.0043613687,-0.0018356948
0.011312424,-0.0033795275,-0.0012833641
0.032479804,-0.0006179176,0.0011543885
0.039880566,-0.0021576174,-0.0004114582
0.02139072,-0.0027460493,-0.0015198027
0.0036260372,-0.002654586,-0.0013223398
-0.032246146,-0.0039828606,-0.0013122407
0.021527559,-0.0028688237,0.0012641348
-0.019058634,-0.002310779,-0.0003673256
0.022318847,0.0010564066,0.0021351587
0.016382372,-0.0014475025,-0.0016573346
0.0048924047,-0.0012535937,0.00021297892
0.019007541,-0.0020119622,-0.0008701028
0.02709601,-0.0034818165,-0.00066026207
-0.042757865,-0.0039039366,-0.0019101459
0.02283313,-0.0027091466,-0.00030390878
0.0009111578,-0.0044414476,0.00053052127
0.0033487184,-0.0017747208,0.0005533736
-0.024723679,-0.001728233,-8.573313e-05
-0.005249575,9.734184e-06,0.004602651
-0.003974624,-0.0032615773,-0.0031768095
0.008752275,-6.721541e-05,0.0012064568
-0.011036525,0.00082467496,0.0018080611
-0.0064538266,-0.0022431128,-0.0004734611
-0.008252918,-0.0003870763,0.0011352275
0.0011245259,-0.0026214905,0.0015276846
-0.012749252,-0.0042673163,-0.0025942414
-0.0030719836,7.2371215e-05,0.0025681711
0.0046792515,-0.0022548102,0.00039995078
-0.02521869,-0.0015704967,0.0009564882
-0.011595328,0.0010278933,0.0041277944
0.0014737959,0.0019934885,0.0016795688
-0.0044738036,-0.0026835091,-0.003526721
0.009283393,2.0999461e-05,-0.00015866105
0.0072645745,0.00074710324,0.0034843807
-0.009945859,-0.0047607683,-0.0009952005
-0.003524886,-0.0032016598,-0.0015937411
-0.0008253708,-0.00064324215,0.0022154031
0.0090866685,-7.0668757e-06,0.0036189456
0.0031574862,-0.0035634674,-0.0032376698
-0.009267873,-0.001268588,-0.0016672341
-0.005000918,-0.00015794858,0.002010714
0.015965069,-0.0031157173,0.001673292
-0.0015132682,-0.0021001883,0.0010656784
-0.0023315102,-0.0019630603,-0.0019620722
0.009464799,0.00054332986,0.0037349688
0.019793946,-0.00041137636,0.00069161993
0.008910371,-0.0019814335,-0.0010647562
-0.011250492,-0.0012707487,-0.0009720186
0.0013653651,-0.0017121322,-0.00027710618
-0.0028407478,-0.002374526,0.00056498795
0.004387239,-0.00041833147,0.0032056188
-0.000567314,-0.0003049709,6.0568156e-05
-0.00034054695,0.002012711,0.0035244287
0.0010788238,0.0016588606,-0.00034696248
-0.001985088,-0.0026635192,-0.002604094
-0.00028417283,0.0015580021,0.0043357667
-0.013529673,-0.0015628897,-0.0015429023
-0.012677906,-0.0010771118,0.00037060125
0.0116150435,0.00082630664,0.0020870944
-0.0009809221,-0.0015839227,-0.0008902089
0.002021404,-0.0009449236,-0.0002030246
-0.004956776,-0.0009673126,0.0018375485
0.0027224352,-0.0009470694,0.0029176995
-0.0075674285,-0.0026767403,-0.002216004
0.0013387412,0.002019424,0.00463186
0.009765785,0.0035405122,0.00200307
-0.0010362554,-0.0009797402,-0.0012881989
0.017864382,-0.0013958178,-0.0021945697
-0.000679445,-0.0001428388,0.0028876828
-0.007818195,-0.0040987097,-0.0037438374
0.014046659,-0.001685854,0.0019709237
0.0023649877,-0.0035181493,6.705616e-05
-0.008426493,-0.0025407337,-0.0023225571
-0.004872249,0.0010395609,0.005223004
0.019584415,-0.003831204,-0.0027639808
0.002233565,-0.00037740543,0.0012933753
-0.00033435185,-1.9486994e-05,0.0013822861
0.0069108037,-0.0019147731,0.00016493903
0.0008856128,-0.003270544,-0.002557399
0.008129189,-0.0009988695,0.000360563
0.001097076,-0.0024390742,-5.674432e-05
-0.0035616104,-0.0028847046,0.00029321088
0.0098432405,-0.0013722964,0.0027384746
0.003920721,-0.001757104,-0.00017435051
-0.006292057,-0.00021328032,0.0007006038
-0.0015283776,-0.00081025437,-0.00031117443
-0.001968077,-0.0008970387,0.0008928185
0.009969366,-0.00030007586,0.0018277958
-0.0047185724,-0.002755534,-0.002381368
0.00512235,-0.00046758726,0.0014453612
0.0020602054,-0.0011874624,0.00093469705
-0.00059514475,-0.0023866668,-0.00039344188
0.0033022987,-0.0005417317,0.0017927457
0.00043167232,-0.00090717897,0.00072522066
0.00048539095,-0.00085489824,0.00020131117
0.022695454,-0.00032730773,0.0010119594
-0.0061673787,0.0006628372,0.0029823056
0.00609955,-0.0003635548,-0.00047239615
0.0063260947,-0.0026051216,-0.003025487
0.004138474,-0.00036843494,0.0008289205
0.0029737444,-0.0012713932,0.00094434124
-0.00036414733,-0.0017081387,0.0021996237
0.00624421,-0.0006411262,0.00019135792
0.004602334,0.00024468824,0.0007122892
-0.0047356677,-0.0017663203,-0.0026667062
0.0040858197,-0.0007811859,0.0011093786
0.00066964503,-0.0013182573,0.0021915156
0.0055077574,-0.0035591088,-0.0021093085
0.0039930316,1.3988465e-05,0.0019618636
-0.009432954,-0.000574179,0.0012174064
-0.004323939,-0.0024465062,-0.0019050136
-0.0070826407,-0.00023633242,0.00240099
-0.0026033532,-0.0022425503,-0.0015194383
0.0014616767,-0.0017077811,-0.0008967741
-0.027105907,-0.00034078583,0.0033152513
-0.0030539653,-0.0024162866,0.00037988502
-0.006341742,1.3586134e-05,0.0022716238
-0.0058953776,0.0018137172,0.0023390432
-0.0011969599,-0.0023487695,-0.00324743
-0.010731023,-0.00065459684,-0.0020706316
0.0040746955,-0.00014420599,0.0038407652
-0.00087745354,-0.0047013015,0.0019114573
0.010263983,-0.0036575422,-0.0019132092
0.00070631795,-0.00010668859,0.0006005267
-0.01427876,-6.845966e-05,0.0029323774
-0.007986324,-0.0029114895,-0.0012337889
0.011048834,-0.0009130053,0.0013519423
0.001372872,-0.0012605488,-0.00030418125
-0.0024678486,-0.00093756244,0.0007173928
-0.0019791129,-0.0022403672,-0.0011359238
0.0089787645,-0.0022448562,7.2811963e-07
0.013866946,-0.0023071282,0.0011268603
0.0017768918,-0.0030317008,-0.0007328326
-0.0039238646,-0.0013180412,0.0021183419
0.0006475372,-0.0017045364,0.0009179228
0.010354385,7.786229e-05,0.0015787856
-0.0068321256,-0.000874348,-0.001002175
-0.006341742,0.00024758652,0.002734585
0.0071934764,0.00096667185,0.00058687443
-0.013532404,-0.00303578,-0.003394516
0.0009799016,0.0009172745,0.0034178237
0.007287341,-0.0014463775,-0.0002855996
0.0020516405,-0.0026892573,-0.001679155
0.005280149,-0.00031331182,0.0018160678
0.00010721552,-0.0018268041,0.0014990158
-0.018863901,-0.0011013821,0.0017366072
0.00666376,0.00043846294,0.0007171489
-0.0017363392,-0.00075966865,-0.0008289602
-0.0044026393,-8.159503e-05,0.0011385556
0.023803027,-0.0007588826,-0.00011066272
0.003626129,-0.002717454,-0.001444692
-0.013708102,-0.0010993518,0.0020345217
-0.006356774,-0.0038148724,-0.0013731949
0.009812945,-0.0023632385,-7.404713e-06
0.016321318,-0.00063129887,0.0018850616
0.0045430567,-0.0009979978,0.0017314837
0.0039966055,-0.0021198615,-0.00086835446
0.002304643,-0.0017763563,-0.00038202852
0.0012542093,-0.0011651888,0.0006410802
-0.016023003,-0.0017441772,0.00037431633
0.009441461,-0.0017349645,-0.00017182127
-0.014975518,-0.0019974075,-0.000860526
-0.0034140584,-0.00026951358,0.0021995164
0.007975539,-0.0020792373,-0.00018296426
-0.00631938,0.0003404133,0.0040823533
-0.0134672355,5.715713e-05,9.881123e-05
0.012405164,-0.0004824996,0.00030607596
-0.013109299,-9.041652e-05,9.407324e-05
-0.0024940723,-0.0005631335,0.0015281327
-0.0012501127,0.00060043857,0.0024292567
0.0015781948,-0.0011110567,-0.00061485486
-0.0022821028,0.00086123124,0.001764192
-0.012362428,-0.0009461455,-0.001097619
-0.00077198446,-4.3421984e-05,0.0030306173
-0.015231001,0.0011474267,0.0020578736
-0.0015130528,0.00032251328,4.848838e-05
-0.0063418434,0.0012022965,0.0010844731
-0.007624999,-0.0010736138,-0.0011637383
0.013773467,0.0004668124,0.0033112026
-0.005277355,-0.002917137,-0.001964068
0.012642542,0.00019526109,0.0041671544
0.0046260273,-0.001715295,-0.0008912026
0.0037724974,-0.0023321994,-0.001871255
0.00082910055,-0.00042418018,5.394593e-05
-0.017450871,-0.0022232495,-8.764438e-05
-0.014613258,-0.0030164868,0.0006547336
-0.006616493,-0.002330657,0.00027690374
0.003272807,0.00021452457,0.002352093
0.009557593,0.0004476346,0.002079824
-0.00073690264,-0.000108424574,0.0011370097
0.01509042,-0.0008260533,3.6890036e-05
-0.0036885287,-0.0015032925,-0.0007101442
0.007909286,-0.00064042583,0.0020158554
0.008626465,-0.00243764,-0.001092228
-0.007669809,-0.002104409,-0.0009766914
-0.0025577818,0.0007482283,0.004297086
-0.005909229,-0.0018283203,-0.0014134457
0.00033646004,-0.00013977289,0.0008172513
-0.016818028,0.0022784807,0.003142103
-0.0006272129,0.0020784922,0.002406043
-0.0053631677,0.0012431182,-0.0003848914
-0.010382594,-0.00041664764,0.00026254272
-0.01709945,0.0026317574,0.004063242
-0.00041285204,0.000378076,-0.0010921438
-0.0003539679,-0.0011657886,-0.0007586073
-0.0015935096,0.0011898912,0.0032044614
-0.008689491,-0.000925187,0.00012490278
0.0072153057,0.00019330904,0.0028831195
-0.05215794,-0.0017903484,-0.0017785334
0.0011866782,0.00015021488,0.0023387037
0.006675447,-0.00024902448,-0.00043475698
0.01883982,-0.0006384179,0.00097027404
-0.010827243,-0.00017686933,0.001253476
-0.027917804,-0.0025304891,-0.00031205232
0.012145737,-0.0017027222,0.0015765894
0.0067500114,-0.0005158596,0.0017734256
-0.0044077896,-0.0011659376,-0.00095070316
0.010351086,-0.0002666153,0.001679339
-0.009072402,0.00062185153,0.003325573
-0.0034877777,0.00027997792,0.00074808626
0.00050001143,0.0026391111,0.0017228692
0.013180913,0.0013604127,0.00049061
0.0009865199,-0.0014354996,-0.001587458
-0.0057899747,0.001079876,0.004841596
-0.011089824,0.000779558,-0.00029089616
0.016664602,-0.00063077733,-0.0010088538
0.006162189,0.00046605617,0.00065827125
0.009737851,-0.0011077449,-0.00073429896
0.011888196,-0.0021028444,-0.0017004099
-0.00023981625,-0.002982106,-0.0023605854
-0.0005395788,-0.0027807914,0.00041661714
0.0028793986,-0.0047055557,0.00089625467
0.0012561714,-0.0039095394,-0.00030924304
-0.007348084,-0.0012866966,0.0010544483
0.0045738714,-0.00023617968,0.0026055577
0.0050922963,-0.003642898,-0.0034579064
0.002026562,-0.0001569651,0.002085202
-0.005115702,-0.002775129,-0.0017413383
0.0027504137,-0.002323959,0.00021612045
-0.0056646126,-0.0021186806,0.0026622822
-0.0014391355,-0.0030454881,-0.0012167641
0.007686757,-0.0009841584,0.0003887373
0.008462444,-0.0003229268,0.002471163
0.000886384,-0.0019720085,-0.00035060925
-0.006199373,-0.001843825,-0.00019748404
0.0032081348,-0.00078993663,0.0014020018
-0.010067494,-0.0014272891,0.00023887347
0.006759928,-0.0011620261,-4.3161388e-05
0.002376904,-0.0011390261,0.00021206518
0.002667597,-0.0011849962,0.0005607753
-0.0070946966,-0.0010300688,0.001928451
-0.0025604854,-0.0015509948,0.00026260552
-0.00029841677,-0.00020848215,0.0011900079
-0.010629487,-0.0012522079,-0.0011525265
0.012916555,-0.00083492324,0.00061339367
0.003873161,-0.0017531179,-0.00040382752
0.021012602,-0.0018654354,0.00050355797
-0.021859163,-0.0035630204,-0.001495209
-0.0074294205,-0.0023591071,-0.00022325607
0.011437148,-0.0030847304,0.00122284
-0.00568354,-0.002750691,0.0001435894
-0.013456353,-0.0010503642,0.00050451205
0.0077252625,0.00050990283,0.0045766924
0.00425221,-0.0036021434,-0.003256524
0.0070372615,-0.00030935928,0.0008160551
0.0031978756,1.6838312e-06,0.0013161642
-5.8999452e-05,-0.0029785223,-0.0011111452
0.020068083,-6.770715e-05,0.0005812357
0.012659274,-0.0048491023,0.00025163195
0.027029283,-0.0047003888,-0.003436528
-0.011102875,-0.001372058,0.0010257957
0.0003326756,-0.0036200099,-0.0004097015
0.014632542,-0.0036137663,-0.00022353407
-0.03654539,-0.0004469119,0.0031623945
0.045245785,0.0015873387,0.0019494281
0.06615132,-0.0048441924,-0.005005231
-0.0025185212,0.00080030784,-0.0013566923
0.0035960309,-5.3294003e-05,0.0023735892
0.021270173,-0.009920519,-0.00327386
-0.0041804477,-0.0044901036,-0.0028697073
-0.0132682845,0.00077538565,0.0021122708
0.012003357,-0.001030799,0.0030798854
0.039411455,-0.0044509806,-0.0036313252
-0.018850213,-0.0009180717,-0.0019842396
-0.006109693,0.00040014833,0.0020619659
-0.015479274,-0.0048252493,0.000788635
0.027834293,-0.0016836077,0.0012684424
-0.032642953,-0.0021666884,-0.0021742627
-0.012408257,0.0010971539,0.0048978524
-0.011798003,0.0014310889,0.00086713175
0.0143421255,-7.331744e-05,-5.6137796e-06
0.011464384,0.00026267394,3.4272205e-05
0.005516178,-0.0007485561,0.00058059103
-0.021868216,-0.0014745295,0.00075321103
-0.018746177,-0.0014454611,0.0028905163
-0.031475134,0.000109713525,6.171025e-05
0.0020210186,0.005422976,0.004484053
0.018152481,0.004131686,0.0006482896
-0.014738516,-0.0031651407,-0.0016785192
-0.0073990524,0.0020765625,0.0048822183
0.0008912706,-0.0011360832,-0.0017562339
0.0012142922,-0.00100426,0.00027584878
0.00080852583,0.0009848885,0.0021183714
-0.0014541954,-0.0017524846,-0.001041069
-0.00962779,-0.001688432,-0.0006855235
-0.02630505,-0.0009541102,0.0020567705
0.016863784,0.00015897676,0.0034260666
-0.032838248,-0.0023228861,-0.001969612
-0.017317854,0.0031624176,0.005660423
-0.006597813,0.0064481758,0.002388094
0.018526634,0.00089964643,-0.0004197118
-0.009094853,-0.001183115,-0.0015933639
0.043467004,4.1734427e-05,0.003955178
0.0018255847,-0.005049173,-0.00448379
0.00902838,-0.00077027455,0.0020627982
0.016253516,-0.0048190616,-0.0007377936
-0.014781921,-0.0037612282,-0.0033056436
0.01787325,0.0012781285,0.0051066717
0.004913416,-0.004927952,-0.0033910654
-0.009297881,-0.00033546612,0.0013738249
-0.018284807,-0.00024545565,0.0010890153
0.030904897,-0.0013654828,0.00057459355
0.018466746,-0.0030855015,-0.0023769916
0.0014128753,-0.0002599731,0.0006447149
-0.022260573,-0.002492167,-0.00038836244
-0.019560644,-0.004064847,-6.9027126e-05
0.0060506775,-0.0007476546,0.0029584796
-0.00032510498,6.3013285e-05,0.000623459
0.010487813,0.0009409785,0.0015560031
-0.0057929135,-0.0005061142,-0.00014362473
-0.026705535,-0.0008530654,0.0010787045
0.007150583,-0.00024038553,0.0018547024
-0.008007873,-0.0027845837,-0.00232081
-0.006491398,0.0005523823,0.0021680505
-0.008544117,0.0001276359,0.0015655996
0.0015207867,-0.001799088,2.7586473e-05
0.00084358425,0.00017999485,0.0021771616
-0.007417374,-0.00016995892,0.0012033142
-0.0034816887,-0.00047186762,0.00046246307
-0.028120967,-5.684793e-05,0.0011792807
0.0009644946,0.002369281,0.003999941
-0.0021023606,0.0016810708,-8.241198e-05
0.025280941,-0.001536455,-0.0015321388
-0.008219236,0.00037259236,0.001138479
0.002330838,-0.0007348098,0.0012905591
-0.028249063,-0.002135571,0.0018760059
-0.05539307,0.00033893064,0.00069029233
0.020641742,0.0038121007,0.0019240633
-0.0043206583,-0.001043912,-0.0017998901
-0.023451215,0.00015399978,0.0030281113
0.0065236124,0.0018805005,0.0031439227
-0.022543693,-0.0035900362,-0.0021058742
-0.00422828,0.0018464588,0.003017876
0.025670681,0.0009913035,0.0017302115
-0.02342866,-0.002301734,-0.001655566
0.009827504,0.0005121194,0.003095827
0.020513324,-0.0032400824,-0.0023879868
-0.010284204,-0.0017772652,-0.0013111358
-0.0054789516,-0.0002454482,0.003093058
-0.016337398,-0.004148267,-0.00067030534
-0.0052143773,-8.941814e-05,0.002281886
0.009706853,0.0017491765,0.0019272404
0.0608537,-0.002865065,-0.0034136844
0.05120074,8.2265586e-05,-0.0029894987
-0.022327555,0.0008366704,0.0021924162
0.021338489,-0.008961864,0.0001248736
-0.0018129939,-0.009353746,-0.0046544718
-0.02499567,0.0006796494,0.0002860378
0.03220081,0.0005462244,0.002995234
-0.010140944,-0.0035852008,-0.0017150894
0.010157998,0.00010209903,0.0019122879
0.023721548,-0.0020652525,-0.0010927048
0.025438659,-0.0019386522,-0.00014324731
0.018748984,-0.0023497455,-0.0017584076
-0.008277737,-0.002766572,-0.0010260798
0.0017017754,-0.004231155,0.00022808701
-0.0075236657,-0.0047194697,-0.0014633304
-0.023312688,-0.00072626397,0.002396757
-0.033884138,0.0001234524,0.0017617575
0.0055286745,0.0025521778,0.0026689505
-0.025515474,0.0009794049,-6.79387e-05
0.028211204,0.0017057173,0.0042478545
0.027094262,0.0022540651,0.00084519124
-0.018782869,-0.0032010563,-0.0032198003
0.0044239974,0.00035061315,0.00276618
0.008300893,-0.0033738278,-0.0012667497
0.008820526,-0.0028107204,-0.0019614697
-0.024648173,-0.00019986182,0.001635012
-0.016306635,-0.0016800873,0.0018513103
0.006248926,-0.00022610277,0.0019425201
0.01017768,0.0013606511,0.001112252
-0.0021345627,-0.00033511966,-0.00018117571
0.015487272,-0.000278946,0.0007912653
0.03741155,-0.0016981326,-0.0008082015
-0.00454845,-0.002802927,-0.0018699865
0.0068538184,-0.0018139668,0.0015588363
-0.0043760203,-0.0054898188,-0.0022757847
0.01269736,-0.0022773817,-0.00018700678
-0.02973796,-0.0012555309,0.0013696474
0.033134528,-0.0009826086,0.002085991
-0.0049711573,-0.002591323,-0.0012132695
0.007816287,-0.00049053505,0.00075593026
-0.008395323,-0.00058825687,0.0005070768
0.0147557,-0.0018577613,0.00045245615
0.02884384,-0.002154626,-0.000682262
0.020775428,-0.0020110048,-0.0011171973
-0.0006809135,-0.0012609288,0.0008749669
-0.021274965,-0.0040370636,-0.0013344288
-0.081766896,-0.0015276186,0.0032037164
0.023588905,0.0023888536,0.00074964704
-0.017777808,0.0021009333,0.00077749346
-0.0140773645,0.0018513538,0.002729065
-0.009264015,0.0014302246,0.0018982979
-0.0082353875,0.0016492642,0.0030202267
-0.008649771,8.40202e-05,-0.00012754818
-0.0051479274,0.0012504011,0.0022353646
-0.020522684,-0.00039035827,-0.0007174185
-0.013699845,0.0005569123,0.0035555563
-0.00063549425,0.0025433712,0.0025371872
0.00018165555,0.00064278394,0.00018380868
0.005267955,0.0012327395,0.0014432588
-0.010932409,-0.0011797175,-0.0015203101
0.015529341,-0.00010011718,0.0030840347
-0.023927283,-0.003646981,-0.002343519
0.016680468,0.00033912435,0.0043533915
0.012327779,-0.0016241409,-0.0008842924
0.018803712,-0.0020064302,-0.001536034
-0.004482353,-5.2034855e-05,-5.7964586e-05
0.011123883,-0.0023726486,-0.00029288855
0.007508955,-0.004409477,-0.00026005227
0.010052896,-0.0028693937,-0.0003071252
-0.016044639,-0.0013571419,0.0012667234
-0.072200894,-0.0012767799,0.0013094431
-0.002443629,0.0012297817,0.0016316172
0.039005082,0.0018478371,0.0007055649
0.008614478,6.13071e-05,0.00130475
0.0126764,0.0008982308,0.002969631
0.012428991,-0.0023960061,-0.0015894638
-0.007891981,-0.0030635707,-0.0017170692
-0.0034470514,0.00019197538,0.0039091413
-0.018004423,-0.0022629984,-0.0016026935
-0.013547688,0.00013984367,0.00094096456
-0.011536368,0.0031705238,0.003430751
-0.002593542,0.0031276233,0.0027313654
0.025538633,0.0018595941,0.0001542916
-0.006429404,-0.0011749826,-9.477913e-05
-0.0048304666,0.0013210066,0.0038544917
0.017492408,-0.0010751374,-0.0020932558
-0.00036004424,-0.0022152811,-0.0016314194
0.00036017393,0.00063614175,0.002639396
-0.008190784,-0.002026219,-0.000559243
-0.0030856153,-0.00030526146,0.0025737383
-0.00045512448,-0.0015716515,-0.0017306742
0.0098360125,-0.00031345338,0.0015779153
0.008297311,-0.0007970594,-0.00058677886
0.0045616683,-0.0018944405,-0.00030753826
-0.010595627,-0.0021725036,0.0005260729
0.0030597223,-0.0029874183,-0.0005571161
-0.025121078,-0.0015519522,0.0014354568
0.01702557,-2.7988106e-05,0.0023580086
0.015292686,-0.002198834,-0.0016751129
-0.010873384,-0.00016383082,0.0018608244
0.0027031484,0.0012211688,0.003708595
-0.023813818,-0.0002209805,0.00013439148
0.0002762258,0.0035082288,0.0022081002
0.006718164,0.0025076754,0.00053992367
-0.042142797,-0.0013980307,-0.001062834
0.008016835,0.00234567,0.0057841158
0.007953004,0.0029558428,-3.308314e-05
0.012868709,7.358566e-05,-0.00014814374
0.010757637,0.00095913187,0.0008853553
0.017432807,-0.0013804547,-0.0013500964
0.05834612,-0.0026216246,-0.002053616
0.018404875,-0.0028476417,-0.0032212564
0.003430419,-0.002069164,-0.0003690942
0.0065871836,-0.0074749254,-0.00060215837
-0.005467227,-0.0062341057,-0.0015589236
0.0003331744,-0.0014742836,0.0006283129
0.03422149,-0.0004892126,0.0023179152
-0.0028983222,-0.004119795,-0.0038327507
0.028340753,-0.00012915954,0.00192916
0.012248725,-0.0047676414,-0.002957933
-0.0017064941,-0.002225887,-0.00042259332
0.005982939,-0.0031554885,0.00197353
0.00030890002,-0.0046962723,-0.0021730645
-0.0192263,-0.0011012517,9.093038e-05
0.003778959,-0.00030989945,0.0025729598
0.0019607844,-0.0019347817,-0.00033381348
0.003522481,-0.00084229186,0.000456174
-0.012558508,5.13494e-05,0.0017513774
0.010427422,-0.0011166595,0.0005411614
0.008912511,-0.001744803,-0.00052125915
0.0048043015,-0.0010485761,0.00033984502
0.0021593182,-0.0014602207,0.00017276205
0.0061562373,-0.0017062947,0.0016211369
-0.006042014,-0.0020499341,-8.8165165e-05
0.022930099,-0.00045587495,0.0011430926
0.00022565652,-0.0021127388,-0.001828634
0.02353918,-0.001131732,0.00022897776
0.0042614737,-0.0026789792,-0.0012187453
0.015510758,-0.0027395226,-0.0001642931
0.019452427,-0.0043799467,-0.0019160293
0.011519469,-0.0026940107,-0.0010068784
-0.0103403265,-0.0027665012,0.00082280656
0.011154267,-0.00431874,-0.00063513
-0.019479113,-0.0034245811,-0.00069882453
0.014240957,0.00079748407,0.0047535114
0.0073715462,-0.0038594343,-0.0035077154
0.013729188,-0.0005937889,0.00071600644
0.0017873951,-0.00021443143,0.0010646391
0.0009607424,-0.0031925738,-0.0012827367
0.04017653,-0.0010645352,0.0006764671
0.025579577,-0.00036751106,0.0021812487
-0.0017509261,-0.003439866,-0.0031410777
0.0039551,-0.0035116263,0.0007531538
0.0068853768,-0.0052151084,-0.0011849173
-0.013285472,-0.0026033781,0.000106048654
0.006568395,0.00017664954,0.0035240415
0.016784824,0.00043223426,0.0011523978
0.018798698,-0.0034828484,-0.004218636
-0.039846625,4.254654e-05,-0.0012419638
-0.009298739,-0.00077771395,0.003401099
0.0035632132,-0.0063461214,-0.0013624663
-0.0064776316,-0.0016664006,-0.0007991416
-0.01628232,0.001842726,0.0032515966
0.010703786,0.0007846691,0.003894769
0.029859848,-0.0037312843,-0.0032449523
-0.0004936973,-0.0009649098,-0.0016700428
0.0011753325,0.00052145123,0.0019219025
-0.019718979,-0.0044255666,0.00085762725
0.012114553,-0.002637662,0.00095266267
-0.0067221876,-0.0024962723,-0.0023395985
-0.017782208,0.0014000647,0.0045466097
0.0043590255,0.001344528,0.0012579785
0.0062827514,-0.0012287535,-0.0006602565
-0.0061217733,-0.00026510283,-0.00011446746
-0.008136704,-0.00075155124,0.00046522252
-0.016318826,-0.0014050566,0.0010491625
0.003802136,-7.420406e-05,0.0034079703
-0.015954962,0.00037895516,0.00032519607
-0.0043030577,0.0032865144,0.004231168
0.0046498682,0.003006164,3.0983938e-05
-0.014810843,-0.0026742108,-0.0021856523
-0.0026529643,0.0021285824,0.0048335986
0.000757429,-0.00087531283,-0.0014296209
-0.00598049,-0.00088531896,0.00046533922
0.018996472,0.0009122081,0.0021438305
0.019480642,-0.0020833537,-0.0013390047
-0.0016444711,-0.0015856884,-0.0009215502
-0.017349428,-0.0015453435,0.0014514199
0.010786551,-0.0019737966,0.002463167
-0.0027759855,-0.0031820498,-0.0024877635
-0.016955595,0.0026610158,0.0048323823
-0.004174134,0.004307866,0.0022282153
0.026589897,-7.9885125e-05,-0.0011840974
-0.023850653,-0.0017817207,-0.0021474308
0.026515597,-3.9711595e-06,0.003975573
-0.01750166,-0.005335372,-0.0043964777
0.005901232,-0.00028564408,0.0027078947
0.011133924,-0.0030895844,4.3185893e-05
-0.004275202,-0.002908934,-0.0024212373
0.0015694817,0.0019419529,0.005384122
0.005529652,-0.004010286,-0.002967574
0.0061440775,-0.0006200373,0.001259943
-0.013281386,-0.0003294982,0.0011458467
0.00166004,-0.0014893524,0.00060151436
0.014086186,-0.0029211529,-0.0023297884
0.02380238,-0.0008426234,0.0005153109
-0.010930457,-0.0018043853,-5.2672578e-05
0.010717956,-0.0031889863,0.00015697535
0.0063868803,-0.0028698556,0.002006597
-0.0077777565,-0.001715742,-0.00014741183
-0.0017206748,2.7939677e-05,0.0006463584
0.003516992,-0.000959944,-0.00039425748
0.0051527997,-0.0006399043,0.0011055034
0.020333184,-0.00034210458,0.0017512153
-0.003873899,-0.0032367483,-0.002737743
-0.00040766806,-0.0007863827,0.0011051267
-0.006354044,-0.0018437393,0.000625603
-0.00844647,-0.0025166161,-0.0004283071
-0.024124,3.008917e-05,0.0020578245
0.010160267,0.00042540208,0.001475311
0.004582975,-2.9470772e-05,0.00054493867
-0.045133177,0.00033674762,0.0017521386
-0.027809184,0.0025090948,0.004137286
0.01855085,0.0031152554,5.321158e-05
0.021877656,-0.0012287758,-0.0014087458
-0.011533653,0.0007766187,0.0020493565
-0.008532348,8.6274e-05,0.0012789515
0.012136323,-0.0020781718,0.0019364699
-0.00868422,-0.00036239624,0.00021729065
0.0013561876,0.0012270845,0.0013471413
-0.006954844,-0.0014825352,-0.0026540842
-0.014597006,-0.00069950894,0.001406419
-0.002169553,-0.00033482537,0.0027444477
-0.006954118,-0.0031181462,-0.0018175214
-0.00970187,0.0010665469,0.0026939395
-0.001848912,0.00069920346,0.001837162
-0.007504569,-0.0019451492,-0.0015232742
0.0036940507,0.00047022104,0.002952013
0.0035846324,-0.0021539666,-0.0016301956
0.007334735,-0.0017611794,-0.0010321375
0.0031097399,-0.00074341893,0.0029348636
-0.007410011,-0.0035387576,-0.00041103584
-0.027385212,-0.0009695403,0.0019003374
0.019423585,0.0010358132,0.0017858858
0.0026505932,-0.0033815391,-0.003847874
-0.014942049,0.00026768446,-0.0017417534
-0.011201392,-0.00024740025,0.0035338593
0.021476643,-0.005273167,0.0017639389
0.001463302,-0.003980782,-0.002185683
-0.0029991877,0.00080372393,0.0010601544
-0.004473769,-0.00010542199,0.002680993
0.008755316,-0.0032445528,-0.0014042002
-0.010618743,-0.00083559006,0.001204246
0.0056865457,-0.0011881515,-0.00024707412
0.010633389,-0.0015493259,0.00020286645
0.004506455,-0.0021910593,-0.0010566505
-0.011272679,-0.0018284731,-2.0630192e-05
0.028820254,-0.002814453,0.0010555517
0.004092621,-0.0039617606,-0.0012170405
-0.018425392,-0.00062282383,0.002401428
-0.0027493595,-0.0014522821,0.0010013724
0.0044870907,0.00011127442,0.0014940803
-0.007760549,-0.0001364164,-0.00059381337
-0.0041586244,0.0007696636,0.0030688718
-0.023772644,0.0014523454,0.00080388953
0.0010399882,-0.002337519,-0.0028238785
0.008311322,0.0011132322,0.0033397365
0.014308181,-0.0007741861,0.00030735543
-0.0050599226,-0.0025440194,-0.0017701287
0.0028702784,-0.0010733716,0.0015769457
-0.006300362,-0.002366677,0.0012422907
-0.0069396636,-0.0007388033,0.001909937
0.0060732197,0.0006365068,0.00071650534
0.0046629277,-0.0007892959,-0.0006614444
0.012825892,-0.00026192516,0.0008323683
0.0013881228,-0.0013050139,-0.00053916976
0.0051456583,-0.0026978292,-0.0013956125
-0.007745156,-0.0019992478,0.00159254
-0.0030080667,-0.0034774952,-0.0011491165
0.022666505,-0.0018756203,0.00013907044
0.0050789504,-0.001196567,0.0015628793
0.04443863,-0.001308918,0.0016537084
0.016595842,-0.0034764893,-0.0018076347
-0.0010674103,-0.001810655,-0.00068524806
0.0061305636,-0.0023325942,-0.00029743795
-0.025051713,-0.0033393838,-0.00054564583
0.003267662,-0.001778882,-0.00027207728
-0.023476021,-0.0019340254,-0.0008359554
-0.0051396973,5.9824437e-05,0.002536892
0.014509714,-0.001408048,0.00016451653
-0.009715409,0.0007658787,0.0043306816
0.0004741416,0.00036448985,0.0002990748
0.005741403,-0.0009317808,-5.86838e-06
0.007231105,-0.00023494288,0.00011961069
-0.014754061,-0.00089182705,0.0009234693
-0.0005478428,2.2795051e-05,0.0024890287
-0.0063952636,-0.0015241615,-0.0010374731
-0.006326092,0.0009497665,0.001930376
-0.010937621,-0.0005166419,-0.00089770125
-0.010403603,0.00025852397,0.0032658272
0.013405992,0.0018979348,0.0024120042
-0.0066796346,-0.00029645488,-0.0002851216
-0.00022539373,0.0007679276,0.001251081
-0.00978849,-0.0012798123,-0.001843483
0.03451286,-0.0001611039,0.0030660338
-0.01326018,-0.0037445985,-0.0024344448
0.006654183,-0.00012938306,0.0041597094
0.0066470494,-0.0023764707,-0.0012879902
0.018745704,-0.002302643,-0.0019497494
0.0064637423,-0.00011559948,2.7569477e-05
-0.0033989702,-0.0020452328,-0.00019678759
0.00021539243,-0.00397408,1.088297e-05
-0.027296152,-0.003311541,-0.00038807304
-0.0097968625,-0.00037285686,0.0020901863
-0.009390794,0.00027142838,0.0017825671
-0.025185183,0.0011810474,0.0017795961
-0.006425255,0.0011297874,0.0010985337
-0.00767082,0.00010222569,0.0004874256
-0.00017612152,0.0010538809,0.003139783
0.009277786,-0.0004616715,1.777598e-05
-0.00021329871,-0.0016001277,-0.00045970362
-0.015130095,0.0009855218,0.004513585
0.0019892054,-0.0013493039,-0.001155089
-0.0075676683,-0.00040927902,0.00058619166
-0.006536113,0.002397053,0.003438648
0.0023924166,0.0021977648,0.0022450609
0.005708139,0.0007874705,-0.00035433104
-0.008048901,-0.0007613972,-9.937794e-05
-0.006579054,0.0018288493,0.0037663577
0.009492425,-0.00060351565,-0.0016255192
0.006262225,-0.0016896687,-0.001191694
-0.020506954,0.0006547943,0.0027106644
0.007704828,-0.0014402978,-4.3036416e-05
0.005684488,-0.00016861036,0.0023938762
-0.008816844,-0.0014785044,-0.001472932
0.0010642118,-0.0004088357,0.0015181992
-0.0048540425,-0.001162272,-0.0008043967
4.028987e-05,-0.0017197244,-1.6316772e-05
-0.0070946068,-0.0014382638,0.0009874922
-0.02044132,-0.002236817,-9.151874e-05
0.00060097926,-0.0005784184,0.0021007217
0.011784203,-5.874783e-06,0.0021107257
-0.0077169104,-0.0015970208,-0.001157115
-0.03612018,-0.00013410673,0.0018861423
0.0051577357,0.0019347332,0.0040512243
-0.01130587,0.0018568523,0.000834174
-0.005491403,0.0045504235,0.0030110697
-0.0076871174,0.0025745817,0.0009227207
-0.05472879,-0.0010898113,-0.001103147
0.01611342,0.0030703656,0.0060158474
-0.019879134,0.003748048,0.0003353412
0.006258505,0.0011874326,0.0007772103
0.024555998,0.001858633,0.0011448445
-0.008228981,-0.0013588779,-0.000871702
0.014644924,-0.001465518,-0.0011974348
0.016019803,-0.0036871172,-0.0026117752
0.0006157338,-0.0024122298,0.0003963327
0.009274321,-0.004114274,0.0009208885
-0.010735112,-0.0049506985,-0.00082281115
-0.022099467,-0.0016449355,0.00092965714
0.009363684,2.2664666e-05,0.0026596764
-0.0073144054,-0.0035269298,-0.0032311608
0.031697217,0.000596676,0.0027832899
0.024561247,-0.0028258301,-0.001998974
0.004101655,-0.0015881695,-8.917798e-05
-0.0128050195,-0.0032566264,0.001868686
0.0055957832,-0.0050980933,-0.0022794039
0.028484352,-0.0017731935,-0.0002243974
0.010655246,-0.0003757514,0.0022010338
0.0066662566,-0.0022049733,-0.0005818453
-0.00132441,-0.0028554462,-0.0009191048
-0.008589541,-0.0016545802,0.00092308514
0.014405663,-0.0016316436,0.00014561549
0.0057615764,-0.0018152595,-0.00056297635
0.000746319,-0.0010218062,0.00031703064
-0.0015923418,-0.0016443171,0.00010432291
-0.00755035,-0.0016013049,0.0017132505
0.0044955076,-0.0013942756,0.00027693048
0.0005872877,-0.0001524128,0.0012242455
-0.008763443,-0.0012224019,-0.0011263953
0.010658067,-0.0010239221,0.0004151808
0.004808188,-0.0019874908,-0.00050242105
0.042563852,-0.0019691698,0.0004194209
0.005746985,-0.0037529953,-0.0017936393
-0.0066919583,-0.0019786283,-0.00075129955
0.0011388641,-0.004176151,0.00049261434
0.018356444,-0.004540164,-0.0007379188
-0.01649188,-0.0021060333,-0.00027706358
0.013726595,0.00046901777,0.0046697827
0.004728787,-0.004429266,-0.00381427
0.0012286635,-0.0005776845,0.00054367946
0.0036813521,-0.00016044825,0.0012159522
0.002426367,-0.003102634,-0.0011761142
0.005310165,-0.0016149245,-0.00030977966
-0.005081536,-0.0051213913,0.00047848548
0.0074596815,-0.0047563165,-0.0030730779
-0.0015343272,-0.0011753328,0.0017683746
-0.018038463,-0.0025299601,0.00020399247
-0.007347951,-0.0019656457,0.0008087595
-0.0052090096,0.00053942576,0.0036723146
-0.00013782743,0.0020192973,0.0019998916
-0.0051681367,-0.0027057044,-0.0036850648
0.009974388,-0.0004092194,-0.00049417
0.01549969,0.00025554374,0.0033760327
0.0041871755,-0.0048538446,-0.001100189
-0.013181833,-0.0033174604,-0.0018535326
0.0017038097,-0.00096452236,0.002060852
0.015852509,-0.00077485666,0.0031440195
0.011117834,-0.0037963167,-0.003326045
-0.026627835,-0.0009927265,-0.0017933818
-0.011976826,-0.00038966164,0.0020437054
-0.022177843,-0.0034853257,0.0015594155
0.0071846466,-4.189834e-05,0.0019959232
0.005734611,-0.0012826696,-0.0014804509
-0.006675415,0.0012831725,0.0047154324
0.005950233,0.0011291392,0.0012270926
0.020041788,-0.001895424,-0.0009922585
0.0062082387,-0.0011777952,-0.0007828976
0.00040679067,-0.0011040196,-3.068638e-05
-0.0055574877,-0.0023020692,0.0004391607
0.017855996,-0.0015448518,0.0026771731
-0.015132304,-0.0012270994,-0.0003835176
0.0016316915,0.0022119693,0.0037033462
-0.0176475,0.0018826239,-0.00060869264
-0.0022109589,-0.0022963062,-0.0021369094
-0.0019389153,0.0024773665,0.004556367
-0.013529537,-0.0007194616,-0.0010121566
-0.0062596668,-0.000676699,0.0006465529
-0.0009908655,0.0007488243,0.0020926953
0.0053134966,-0.001391273,-0.0007114976
0.012825986,-0.0011875965,-0.00039242115
-0.0059143202,-0.0008577071,0.0018797467
0.0021697877,-0.0011038706,0.0028699017
-0.014596986,-0.0033080466,-0.002537589
-0.011198539,0.0021108463,0.0045926804
0.0015769567,0.004360821,0.0022251762
0.023473835,-2.6114285e-05,-0.00090321235
0.009859476,-0.0016693771,-0.0020882841
-0.020149589,-0.00010219589,0.003289247
0.006642658,-0.004385706,-0.0038958697
0.022183249,-0.0017662309,0.001743193
-0.0064556175,-0.0024031885,0.00041789783
-0.008363804,-0.0026143156,-0.0023111172
-0.008085903,0.00010781363,0.0049082497
0.001686509,-0.003765151,-0.002644176
0.0095411865,0.0002052933,0.0016791921
-0.0077136946,0.00016836822,0.0014784351
0.0071433876,-0.0012889653,0.0007499318
0.005284819,-0.0030004494,-0.0024475676
0.0018675313,-0.0010128282,0.00043506816
0.013255995,-0.0021365732,9.0954825e-05
-0.0030662098,-0.0031440519,4.806067e-05
0.019205779,-0.0013727583,0.0027658397
0.0032859812,-0.0023856126,-0.00055918866
0.0025399697,-0.0006807484,0.00049186003
-0.0002667414,-0.0012213998,-0.00072809437
-0.0029343278,-0.001256641,0.0007079356
0.005752128,-0.00068003684,0.0015858617
-0.005187197,-0.0029325671,-0.0024699306
0.0060165063,-0.00037799776,0.0014563042
-0.001129631,-0.0010106117,0.0010441534
-0.010244868,-0.0022279508,-0.000275189
-0.019088563,-0.00035753474,0.0019504423
0.0019185883,-5.127862e-05,0.001185151
-0.0024620476,1.9382685e-05,0.0005949601
0.014671599,0.00058694184,0.001780743
0.0018918837,0.0015676282,0.0034273823
0.011195061,-0.0001962781,-0.00042791083
-0.040282834,-0.0025494732,-0.0028978991
-0.0047949078,-0.00019359961,0.0014128241
-0.019900886,-0.00084993243,0.0011052429
-0.0032060198,0.0012599155,0.0037134055
0.009648995,0.002222132,0.0012403473
0.016282056,0.00065357983,0.0015399596
0.004318718,-0.0015348233,-0.0024334157
-0.014911874,-0.0008148216,0.00092969014
0.0,-0.0018205196,0.0020820228
0.0047173,-0.0041415133,-0.0024101895
0.009950933,0.00073185936,0.00231058
0.0034693312,-6.427616e-05,0.0013938752
-0.006361487,-0.0025864802,-0.0020442673
-0.0147529235,-0.0005866438,0.0022194004
-0.024014756,-0.002776157,-0.0018134452
0.006151441,-0.0017575994,-0.0006825286
0.018485272,0.00013529882,0.0035518804
-0.0016243713,-0.0020389892,0.00034615162
-0.009690848,-0.00059775636,0.0022095805
-0.030285753,-0.00030719116,0.0011856435
-0.004493228,-0.002760172,-0.0035647342
-0.00022196656,-0.0008889176,-0.0019572508
0.015763802,0.00081155077,0.0043823337
0.0120947445,-0.0037956685,0.0021232767
-0.05557556,-0.004471123,-0.0023265525
0.007851198,-4.8246235e-05,0.0010722843
-0.02783246,-6.210059e-06,0.002643289
-0.015481487,-0.0004713498,0.00043341963
0.02979063,0.0011512302,0.0022508092
0.007980304,-0.0012544356,-9.757024e-05
-0.004415361,-0.000550542,0.0008853393
-0.0068817395,-0.0024993233,-0.0014855892
-0.014089943,-0.0029075667,-0.00033305993
0.03678244,-0.0021526776,0.0014006217
-0.013784287,-0.0031962916,-0.00081567955
0.002291324,-0.00018533319,0.0029071374
0.01104928,-0.0017441697,0.00065265084
0.012511333,-0.00023486838,0.0015377735
-0.011463401,-0.00079070404,-0.0010990889
0.015436769,-0.00020092726,0.0024777807
0.009788595,-7.73482e-05,6.21347e-05
0.00073442096,-0.0030499734,-0.0034912617
0.0041828137,0.00033935532,0.0026799066
0.01505406,-0.0025510304,-0.00077521766
0.0030958096,-0.0032920577,-0.0022874314
0.0016507265,-0.00085218623,0.0014637017
-0.002866107,-0.0023298897,0.0012568514
-0.0013653524,-0.0012342297,0.001653277
-0.0045333877,0.00017727911,0.00052780553
0.012144051,-0.0006606765,-0.0006289688
0.006213363,-0.00039091334,0.0005862212
-0.0014195255,-0.0011957102,-0.00029255316
-0.0071789734,-0.0027004406,-0.0013787795
-0.01202744,-0.0018237531,0.001890185
0.0032608474,-0.0030582137,-0.0008728502
-0.006283822,-0.0014059581,0.00045004842
0.018316647,-0.0002474375,0.0022592759
0.00571012,-0.0011790805,0.0015448143
0.0033357078,-0.0018311441,-0.0006177041
0.0077810436,-0.0014378466,-0.00022956252
-0.009686284,-0.0012761094,0.0005511322
-0.008576026,-0.0016862042,0.0005036225
0.007077425,-0.0019433238,-0.00036177278
-0.02200604,-0.0017478652,-0.0006552101
-0.0037018927,-0.00013043359,0.002262717
-0.010782426,-0.0020767972,-0.0001527192
-0.0030196174,0.001130376,0.004560802
-0.005688033,0.00075175986,0.00026521686
0.015230221,-0.00022622943,0.00068708404
-0.0028540022,0.00014897808,0.00019170705
0.010641511,-0.0009097643,0.0011640517
0.00014515295,-0.00044469908,0.0019824016
0.00442896,-0.0019172914,-0.0010381036
0.008385165,9.037182e-05,0.0012158204
-0.006594969,-0.0015876107,-0.0015270526
-0.0023813092,-0.00043432042,0.0027533036
-0.013598588,0.00037214905,0.0017271573
-0.0016865567,-0.00010049343,-0.000278653
-0.004333747,0.0011493526,0.0010066039
-0.0028771625,-0.0010983124,-0.0012297251
0.008656394,0.00034762546,0.0032151884
-0.02207874,-0.0029187687,-0.0019677954
0.00022501334,0.00023862347,0.0042944574
0.013723183,-0.0009271689,-0.0005541453
0.011540264,-0.0019078031,-0.0014424094
0.004753502,0.0003885664,0.00046778913
-0.008297543,-0.0020378456,-0.00019962149
0.007926619,-0.0037889965,0.00020015961
-0.003203979,-0.003125187,-0.00035078858
-0.020162133,-0.0006286837,0.001861057
0.023484632,-0.0003284961,0.0016813213
0.0025495782,-0.00066502765,0.00061687094
0.01910913,-0.000425905,0.00041011174
-0.001069399,-0.0013430975,-0.00082839513
0.009920772,-0.00110453,0.0017396996
0.011448729,-0.0028715879,-0.0013296532
-0.0083147185,-0.0022990666,-0.001165374
-0.00789118,0.00054298714,0.0041897125
0.0117889615,-0.0018790327,-0.0014402063
-0.0028075657,-0.00043058023,0.00055125356
-0.014640682,0.0020018332,0.0032341548
-0.0045717508,0.0017248429,0.002005407
0.004736192,0.0009612255,-0.0004917721
0.0032141434,-0.000378903,6.78862e-05
-0.005410862,0.0019775517,0.00388627
0.0,-0.00060905144,-0.0015551175
0.0025054123,-0.0018556751,-0.0013157448
-0.0056409035,0.00047088787,0.0026299607
-0.020321714,-0.0014264695,-4.7438196e-05
0.0119475555,0.00043582544,0.0029641832
-0.0045632687,-0.0017113425,-0.0017229097
0.011642336,-6.243959e-05,0.0019528061
0.007983893,-0.0007657856,-0.0007942121
0.016198117,-0.002031453,-0.00038357452
0.004985545,-0.0022730231,0.00032010837
-0.013834515,-0.00312585,-0.00085896766
0.003755128,-0.001966495,0.0012996125
0.011082144,-0.0013168268,0.0014435543
-0.0032812147,-0.0020860545,-0.0015563688
-0.021573171,-0.00029345974,0.0016110066
-0.013243655,0.0012570806,0.0037629842
-0.0061665038,0.0016870461,0.00091639254
0.005474852,0.004463438,0.0025916055
0.024175996,0.0019327141,0.0009913009
-0.0005671073,-0.0018175058,-0.0015552831
0.013263317,0.0007264279,0.004726015
-0.020019604,-0.00044849887,-0.0009188475
0.011214338,-0.00095687434,-0.001108486
0.016175695,0.00039970502,0.0002794988
0.008271948,-0.0013458207,-0.0008885707
0.0099965315,-0.001707226,-0.0015189145
0.0067577166,-0.0031808354,-0.0024820983
-0.0010170802,-0.003034249,0.00023357128
-0.0014252169,-0.0045094304,0.00090644555
-0.0033304254,-0.0041708983,-0.0003938151
0.0017048555,-0.0013978891,0.0010647811
0.0049016355,-8.8158995e-05,0.0025932107
-0.0027098022,-0.0033714063,-0.0033289094
-0.0013586862,-0.00034562126,0.0020417988
0.0012924457,-0.003103733,-0.0017725562
0.0019701668,-0.0020656958,0.0003108774
0.0014916348,-0.0016388372,0.0028382181
0.005348272,-0.0033610724,-0.0014161582
0.0007407449,-0.0012698434,0.00018740923
0.0020187271,-0.00055865943,0.0023437545
0.0004700293,-0.0022691116,-0.00049373053
-0.0012081667,-0.0016713552,-9.274436e-05
-0.0028225682,-0.00039571524,0.0015768642
0.007885147,-0.0011823662,0.00042569384
0.006018013,-0.0015864111,-0.00038545218
0.011964128,-0.0011901818,0.00021418347
0.0036124995,-0.0017143637,2.2670254e-05
0.007853383,-0.0016555302,0.001643888
0.0097402595,-0.00233211,-0.00025993207
0.0055305506,-0.0010271333,0.0007657157
0.00025577698,-0.0019341074,-0.0017390479
0.01566504,-0.0015367307,-0.000118897704
0.010009419,-0.0024883412,-0.0008757502
-0.0055472413,-0.0024304837,-7.4513955e-06
-0.016797291,-0.0037300028,-0.0013742361
-0.0045897956,-0.0028858855,-0.00038779876
0.0007044548,-0.001995109,0.0017519863
-0.0024958365,-0.0021055304,0.0005173463
-0.008532763,-0.0014921166,0.00044668192
0.0025236146,0.00072837994,0.004710908
0.0050346227,-0.0032696389,-0.003143824
0.007192827,-0.000612922,0.0006898919
0.007077731,-4.367903e-05,0.0013660399
0.0063947984,-0.0029466823,-0.0011310438
-0.0076813744,-0.0008623414,0.00014953013
0.03676906,-0.0014246814,0.0011985907
0.0027592627,-0.0074990243,-0.004914213
-0.00938812,-0.0019445829,0.0011369135
0.074264735,-0.003994506,-0.00073370256
-0.020609982,-0.004155759,-0.00096855126
-0.012501946,-0.00013495609,0.003522138
0.049146812,-0.0016730316,-0.00010741083
0.07742469,-0.0055736788,-0.005330692
0.0009739088,0.001983229,-0.0018918258
0.0037528202,-0.0005271919,0.0019198369
0.10967259,-0.011164907,-0.003716584
0.1100018,-0.006225627,-0.004460034
-0.06318151,0.00240767,-0.00016422838
0.03936156,-0.006431695,0.0008881581
0.04728093,-0.015126321,-0.008019457
0.037814897,0.00043337792,-0.0028335014
0.0090826545,0.0021891557,0.0008280657
0.025160538,-0.0054060854,-0.00019304617
0.010525791,-0.006443631,-0.0010980883
0.02276305,-0.00347716,-0.0033622135
0.02995685,-7.3596835e-05,0.0027131943
-0.050308738,-0.0023626722,-0.00023864699
-0.0114277005,-0.0023750104,-0.0009789558
0.07506166,-0.0017339848,-0.0012182125
0.0238471,-0.0012226664,5.1369425e-06
-0.056945536,0.00050279126,0.0012330231
0.03103348,-0.0031964406,0.0021356987
-0.052517895,-0.0042822547,-0.0018055879
0.017682554,0.0071954653,0.0049992604
0.0060241297,0.0040866993,-0.00032920146
-0.02568418,-0.0034579746,-0.0016366506
0.054601785,0.0031697191,0.004854979
-0.00924721,-0.0025354624,-0.0024709713
-0.014291976,-0.00061485544,0.0005064198
-0.058539283,-0.00048187748,0.0009759661
0.036092192,-0.0014715157,-0.0006536599
-0.02012233,-0.0014622584,-0.0005618605
-0.031474076,0.0010132156,0.0038148828
-0.030419298,0.0015986376,0.0034700974
-0.04989012,-0.0007532425,-0.0013178667
0.0030071957,0.0073254146,0.0063449377
0.005996271,0.008535393,0.0035165437
0.05032095,-0.00014652684,0.00041708798
-0.015333394,-0.002074603,-0.002286833
0.020393506,-0.0006349273,0.0033085824
-0.02172378,-0.007287964,-0.005175247
0.017320797,-0.0008040406,0.0022131074
0.07819919,-0.0035220087,-0.0001367901
-0.03254382,-0.0031866468,-0.0033161792
0.0055977367,0.0013254546,0.0052260747
-0.009416281,-0.007883217,-0.0047798557
0.007352523,6.952509e-05,0.0012118951
-0.013659325,0.0010488853,0.0013076615
0.024789907,-0.0010281242,0.0010177122
0.00722093,-0.0030307993,-0.0025051152
0.06237202,-0.0007584952,0.0005303953
-0.06116843,-0.003173817,-0.0011972496
-0.011244044,-0.0033716746,0.0005534134
-0.036660075,-0.0036749244,0.0016276547
-0.0024795532,0.0021914653,0.0014010293
-0.0029720257,0.0039376207,0.001975549
0.012357048,0.00024343655,0.00118339
-0.033460036,0.00013956055,0.00151969
0.029688716,0.00024994835,0.0023671507
-0.0048412797,-0.003626462,-0.0028988614
0.011026991,0.00018854067,0.0019567292
-0.014595786,-0.00092412904,0.0007389472
-0.020183394,-0.002550181,-0.00036025915
-0.09745828,2.6077032e-08,0.001965377
0.01282285,0.0028711297,0.0026939083
-0.015325895,0.003021352,0.0012911155
-0.011565702,0.0027597286,0.004146022
-0.043069635,0.0053485893,0.004751675
0.041886196,0.0034756549,0.00080063427
0.025719427,-0.0022531487,-0.0022784155
-0.0150933955,0.00032121688,0.0018453528
-0.009392599,-0.00058889017,0.00081961975
0.0018713933,-0.0027158894,0.0015805548
0.003673472,0.0003067404,0.00034522614
0.054962784,0.0013277121,0.0012790363
0.010172855,-0.0024553686,-0.0032334875
-0.015367597,-0.0005650483,0.0006861258
-0.0036062703,-0.0036397316,0.0011158208
0.021003967,-0.005328398,-0.0030404977
-0.023826163,0.00086590275,0.001899851
-0.009703475,0.00036552548,0.0018961555
0.0010219306,-0.0024330653,-0.0020377454
0.044078767,0.00033242628,0.0028415767
0.017427808,-0.002429586,-0.0019577723
0.018373,-0.0013292916,-0.0015268114
0.048462283,-0.002819199,0.0015401233
-0.016413357,-0.0059701987,-0.0021137446
-0.015449267,-0.0019621328,0.0011853657
0.008583966,-0.00176543,0.00027099904
0.047162123,-0.00379413,-0.0041933553
0.041362558,0.00037415698,-0.0026688154
0.013770078,0.0007846281,0.0025893038
0.017604137,-0.008141089,4.087179e-05
0.031081326,-0.007925894,-0.004337319
0.017011728,-0.0013154559,-0.0009505404
0.01700288,-0.0012423061,0.0017999636
0.014730513,-0.0050418414,-0.0026274745
0.04582087,-0.0026587658,6.4681924e-05
0.040619913,-0.0034891963,-0.002060332
0.02221771,-0.002110321,-0.0011470396
0.035544127,-0.0042171553,-0.0030435591
-0.0074213715,-0.004414603,-0.0022844952
-0.003465924,-0.0044623576,-0.0001374273
0.01813214,-0.0054435767,-0.0018337411
0.05338913,-0.0016360134,0.0017875296
-0.0546184,-0.0017061569,0.00054628454
0.019848894,-0.0008996986,0.0019664504
-0.030270888,-0.0028036237,-0.0025273939
-0.060600165,0.0019363202,0.0036149465
0.03800043,0.0055273585,0.001897139
0.024099689,-0.0031042658,-0.0029229135
0.0049173036,0.0022184066,0.004412383
0.016582482,-0.00035407394,-0.00051051914
0.06895374,-0.004565172,-0.003102761
0.009506124,-0.0018590651,3.198511e-05
-0.021028046,-0.0025973134,0.0006643555
-0.0076300562,-0.0046578906,0.00013693469
-0.017563704,-0.0013722964,-0.00042909977
0.0006677171,0.0009621419,-0.0002314545
0.008154422,0.00051252916,0.0012281436
0.021728754,-0.0005313195,0.00022401725
0.01252253,-0.0021243803,-0.0012320108
0.031985216,-0.001713872,0.0016212247
0.01019351,-0.004684452,-0.0022383647
-0.007090702,-0.0025696643,-0.0007422718
-0.097370096,-0.0028840937,0.00073360547
-0.010954754,-0.00081564486,0.002417297
0.034766592,0.0012369864,4.8244896e-05
-0.014048907,0.0014466979,0.00240552
-0.0035057021,0.00218701,0.0027964625
-0.03268394,-0.000456471,0.00028622962
0.04196158,-0.0015084706,0.00013861826
0.0037156215,-0.0019729435,-0.0009917897
-0.02378187,5.6106597e-05,0.002295759
-0.02665954,-0.002642136,-0.0005772072
0.020502958,-6.717071e-05,0.0038084905
-0.021055093,0.00029968843,5.33805e-05
-0.009493436,0.0005212948,0.001416161
-0.0069596344,0.0011619776,0.00031589996
-0.03007607,-0.000399936,0.0014724759
0.013006292,0.0021481551,0.003411372
-0.010964386,-0.00048180297,-0.0005061629
-0.011910156,0.0013132803,0.00257388
-0.028361645,-0.00010166317,-0.00088341744
-0.03159341,0.0005591586,0.0035288532
-0.028280163,0.0037817173,0.0029948836
-0.017014852,0.0029676892,0.0010031896
0.07327483,0.0033241734,0.0024499814
0.008258404,-0.0020049587,-0.0014463053
0.015738232,0.00011542067,0.003326211
-0.028793411,-0.005662594,-0.0039018837
0.037167463,-0.0016289763,0.003004709
0.0009640429,-0.0034630224,-0.0016454374
0.07687792,-0.0015031882,-0.0014085271
-0.0010887269,-0.0013869107,-0.0013347638
0.0045931987,-0.0018147714,-0.0006374256
-0.050643183,-0.007269401,-0.0015978292
0.046855215,-0.003706038,-0.00028275268
-0.017817428,-0.0012801625,0.0009790566
-0.001706862,0.00061714277,0.002741522
-0.0118891625,-1.7851591e-05,0.0004696636
0.1009255,-0.0007980801,0.00016074727
-0.022296863,-0.0023364015,-0.0015002361
0.014281354,-0.0006559901,0.002346682
0.01747151,-0.0060042404,-0.0031400593
-0.005977372,-0.0030134954,-0.0018476942
-0.033200976,0.002117388,0.004068837
0.004598919,-0.001366023,-0.0012301203
-0.014671683,0.00015700981,0.00063569914
-0.02623862,0.0033479296,0.004061686
-0.04231518,0.0036946274,0.0027852769
0.008616468,0.0038060993,0.00062448473
-0.011619945,0.00093348324,0.0007069414
-0.014828753,0.0027852245,0.0052753733
0.024449084,0.0015884154,-0.0008630068
0.015585666,-0.0020612888,-0.0011874113
0.005515166,0.00073328987,0.0027482386
-0.020151062,-0.0021470152,-0.00074661383
0.05934371,-0.0011706986,0.0022386776
-0.0042503285,-0.00420833,-0.0029852246
0.0018458412,-0.00027743354,0.001490348
-0.0033009073,-0.0024562217,-0.0019239648
0.015211543,-0.002759438,-0.0008458386
-0.0023898222,-0.0017871521,0.0005073778
-0.015665976,-0.002403777,-0.00030916097
-0.029937807,-0.0014601164,0.001582493
0.01115006,-0.00010969862,0.0021990945
0.0036626023,-0.0014911667,-0.0012197368
-0.047753632,0.00049206614,0.0024356004
-0.0930031,0.0029459856,0.0046021556
-0.036890622,0.0067557134,0.0021708875
0.00042453106,0.013200555,0.004068059
0.020935507,0.0059848316,0.0036714152
-0.018935923,-0.0026843809,0.0005385224
-0.031352997,0.0019584186,0.00582489
0.0074844896,0.0032742135,9.697117e-05
-0.047949843,0.00025876984,-0.0007388665
0.01763273,0.00282849,0.0024568653
0.02399924,0.0002452992,-0.0006203614
0.06248172,-0.0009836592,-0.0004754709
0.006635908,-0.0012302585,-0.0026301157
-0.003136945,-0.002360221,-0.00030480325
0.013271256,-0.008158296,-0.0006622885
-0.00031502417,-0.0057857744,-0.001394328
-0.054612603,-0.00079332665,0.0008422986
0.022240205,0.00024615228,0.0030678383
0.042208306,-0.00432479,-0.0035673624
0.061239984,0.0011142865,0.0026610608
0.022871794,-0.0016577542,-0.0026132117
-0.038090926,-0.002740439,-0.001605781
0.0030395424,-0.0067964606,0.0009939247
0.0055484553,-0.006044876,-0.0028129034
0.02376906,0.0005086884,0.00073109136
-0.02898006,0.00037531555,0.0024640928
0.0052943523,-0.0018404312,-6.183481e-05
0.0026757482,-0.0023610257,-0.00060763943
0.045069464,9.242445e-06,0.0019744518
-0.010457206,-0.0014228709,-6.591255e-05
-0.016629793,-0.0019161068,-0.0004473091
-0.005206598,-0.0026167072,-0.0006694007
-0.013608006,-0.0020298064,0.00018784369
0.013328803,0.0004584007,0.0027069654
0.0027228296,-0.0006752722,0.00057697506
0.013660878,-0.00012823567,0.0016035578
0.004945586,-0.0016990714,-0.0016700933
-0.016814267,-0.0015123561,-7.669034e-05
-0.011387382,-0.0022844113,-0.0005426905
0.009619842,-0.002700027,0.00027080768
0.04914543,-0.0028144158,-0.000727777
0.009759,-0.0013987422,-0.00044988026
-0.0056015705,-0.0016466789,0.0011855505
0.02039035,-0.005589474,-0.0013430424
-0.03918825,-0.004306078,-0.0012227362
0.029780693,0.0010015741,0.0048126793
-0.0077014016,-0.0049062893,-0.0039384086
0.016116228,0.000121720135,0.0012280651
0.018822405,-3.8668513e-05,0.000957357
-0.031594284,-0.003019113,-0.0013201502
0.009735121,-0.00013921782,0.00024742493
0.002634536,-0.0044292845,0.0003842567
-0.0041370285,-0.0053777397,-0.0035690574
0.004940154,-0.0012504719,0.0016183814
-0.020166475,-0.003102634,-0.00011713791
-0.009350054,-0.0016753562,0.0009859772
-0.016286844,0.0007391535,0.0036869913
0.012110264,0.0024101287,0.002174484
0.029884383,-0.0028984733,-0.0037454732
-0.006342285,-0.00021748617,-0.00076139485
-0.011296882,0.00025605038,0.0032752396
-0.005370128,-0.0066384785,-0.0016688912
0.006547957,-0.0034128986,-0.0016748505
-0.012040633,0.0008182563,0.0026462662
0.023566116,0.00041761622,0.00392397
0.027594374,-0.0043725334,-0.0036681497
0.014387672,-0.0010231845,-0.001975636
-0.013155089,-4.7113746e-05,0.0012755459
-0.0070765996,-0.0047859363,0.00085566053
0.013756936,-0.0035205297,0.00044539024
-0.038094748,-0.0023718812,-0.0022630596
-0.008555209,0.0018186681,0.0048379377
0.00457162,0.0018782429,0.0011079613
0.0052335938,-0.00024961308,4.650955e-05
-0.0020938846,0.00028322637,0.000101179816
0.012249085,-0.00089561567,0.0003661306
-0.013557413,-0.0017420202,0.00071881356
-0.004316189,-0.00087404624,0.0031656038
-0.026009655,-0.00056919083,-0.00015541253
-0.0056218756,0.0036447123,0.004051012
0.011896374,0.0035457201,0.00021766938
-0.015597764,-0.0027225502,-0.0019166938
0.009459656,0.0022146776,0.0050081536
0.0041583194,-0.0011798292,-0.001748041
0.004199482,-0.0011811145,0.00027018914
0.011093708,0.000275407,0.0016458108
0.009191124,-0.002426993,-0.0015346636
-0.014970343,-0.0019192174,-0.0010751439
-0.0057209213,-0.0014814474,0.0017582844
0.024177633,-0.0010903925,0.0027122865
-0.015775727,-0.0028863512,-0.0022327495
-0.010378246,0.0020845346,0.0048714085
0.013108833,0.0039309487,0.001723073
0.010581381,-0.0006650053,-0.0013640737
-0.0076253135,-0.0012495145,-0.002026825
0.01571194,-6.0711056e-05,0.0033112073
-0.0080167,-0.005037006,-0.0041690823
0.019634606,-0.0007573478,0.002376655
-0.0041862023,-0.0035346001,-0.000115357456
-0.011714569,-0.0027758367,-0.0024075452
0.022459116,0.0010771342,0.0051158695
-0.0042711576,-0.004417926,-0.0030639125
-0.013703925,8.50372e-05,0.0016666471
0.0024851875,-0.00026092306,0.0011013984
0.020001058,-0.0013976581,0.00045260251
0.01767572,-0.002333913,-0.0020928502
0.009606974,-0.00081096217,0.00026213634
-0.009945653,-0.0028440095,-0.0005048814
-0.020417081,-0.003915008,-0.00018320145
-0.017738342,-0.0015197732,0.0027341251
0.0051918635,8.571893e-06,0.0005483237
0.0072984677,0.001217749,0.0014241588
0.0025080645,-0.000112582,0.00047242548
-0.01289816,-0.00046568736,0.0011687712
0.008786243,-0.0006011836,0.0016779507
-0.00072583824,-0.0031721555,-0.0026077472
0.0059783626,-0.0001418516,0.0015799929
0.0014996071,-0.00082818046,0.0010751495
-0.017968087,-0.002476722,-0.00044489163
-0.0025977339,-0.00039473176,0.0019805278
0.0022648012,-0.00037254393,0.0008980519
-0.006327027,-0.00015736744,0.0006654595
-0.037009634,0.0003794767,0.0015078753
-0.029104391,0.0025147237,0.004002058
0.0049251947,0.0032691546,0.000363074
0.011677816,-0.00088686123,-0.0012309845
-0.0031100735,0.0007342063,0.0022261424
-0.016438628,0.00036339834,0.0015584204
-0.0035988553,-0.0011964925,0.0024744598
-0.006427934,0.000246007,0.00046131376
0.021688258,0.0016426668,0.0015150073
-0.009649053,-0.0016252212,-0.002471867
-0.007429066,-0.00063612685,0.001525864
0.00030676718,-0.0012239888,0.0021340712
-0.011530235,-0.0036480762,-0.0021193693
0.004405328,0.0011726916,0.002540045
0.020879598,0.00017381087,0.0014912717
-0.011375952,-0.0024138317,-0.0018770548
0.01199652,-0.00011814013,0.0025764701
0.027035208,-0.0035899095,-0.0025158508
0.0017666984,-0.002010908,-0.0016930995
0.004408912,-0.00085343793,0.002662763
-0.006555046,-0.0049072355,-0.0011207217
-0.015729928,-0.0012945458,0.0016672837
0.015262989,0.00092611834,0.0015825258
0.039323185,-0.0033326894,-0.0038727426
0.0014748981,0.00018642843,-0.002590205
-0.015123184,-5.055964e-05,0.003030002
0.011099567,-0.0077535845,0.0007999593
-0.0032990265,-0.0055282973,-0.0029487426
-0.02836273,0.0012074225,0.0009476491
0.00058737287,0.0006610565,0.0033658538
0.009626669,-0.0024293326,-0.0010592542
0.0013371845,0.00018071383,0.001925803
-0.0095221475,-0.0007935986,-0.0001878083
0.020223912,-0.0016112439,0.0003465524
0.019363426,-0.002890434,-0.0014585545
-0.0016346797,-0.0015177242,-7.043278e-05
0.00547652,-0.0027779862,0.00076151005
-0.0074681444,-0.004538171,-0.0013992095
-0.013577699,-0.0011605583,0.0022084876
-0.022252839,-0.0005350746,0.001420208
0.012611504,0.0016763695,0.0023670972
-0.028674113,6.665662e-05,-0.0005034511
0.0063812463,0.0011224262,0.0038138914
0.044799987,0.0023687817,0.0008098049
-0.007656916,-0.0035346039,-0.0034203872
0.010459457,0.0009473115,0.0030988455
0.018270327,-0.0034142807,-0.0015598016
-0.0014443382,-0.0036939383,-0.0026223871
-0.017968379,-0.00051836297,0.0013664018
-0.009686691,-0.0023324825,0.0014268075
-0.0064066486,-0.00038033724,0.001915708
0.03304551,0.0016402341,0.0012085212
-0.0034551667,-0.0010554157,-0.0006939202
0.019852296,-0.00049591437,0.00090462173
0.0041125184,-0.002097208,-0.0013037852
-0.012396183,-0.0030469485,-0.0016481287
0.014100015,-0.0018695109,0.0016931625
0.0015267109,-0.004152864,-0.0015295784
-5.4412605e-05,-0.0012293495,0.00035242166
-0.020417053,-0.0011961535,0.0015498872
0.024455365,-0.0012729131,0.0017804848
-0.0023329423,-0.002066467,-0.0009054268
0.011909307,-0.0005003102,0.0006837208
-0.05417026,-0.00067068636,0.0005632803
0.009772734,-0.001340922,0.0011441055
0.0036574043,-0.0018120669,-0.00047967152
0.0091383355,-0.0004703477,0.0004184621
-0.009055583,0.0003822036,0.001956095
-0.03324546,-0.002314493,-0.00028097437
-0.0037114322,0.0002672933,0.0041065486
-0.019557629,0.0006048344,0.0001028782
0.003087178,0.0014109835,0.0014705621
-0.013198455,0.0013437383,0.0008027733
0.0032388207,-0.00029603764,0.0018237035
0.0017336837,0.0010500886,0.0026665628
-0.0081164995,-0.0011137575,-0.00053735054
0.0257521,0.0007238947,0.0017723923
-0.013608588,-0.0016003624,-0.0016253071
-0.014510005,-0.00037229434,0.0030921937
0.00024133048,0.00070574135,0.0016668288
0.0044040238,-0.00018293783,-0.0004478756
0.008769244,0.001342006,0.0012064643
-0.0050014667,-0.0012831464,-0.0016274194
0.016276712,-0.00032069534,0.002855664
-0.024966175,-0.0039822794,-0.0025410678
0.013406615,2.5503337e-05,0.004147431
0.005303614,-0.0018002205,-0.00094403466
0.011796121,-0.0018105097,-0.0014140471
-0.008553557,0.00010029599,0.00018324051
-0.0069136573,-0.0020767339,3.9412058e-05
0.010531979,-0.0035593323,0.0003255242
-0.00052992016,-0.0025692284,-2.8053706e-05
-0.009956418,-0.00034456328,0.0019596498
-0.019875014,-0.0007301904,0.0014653082
-0.00030358235,6.0584396e-05,0.0011009936
0.0071662376,0.00013870001,0.0003739889
-0.014170229,-0.00040681288,0.00034673198
0.0053213965,0.00040187314,0.0026631567
0.010282322,-0.001661513,-0.0007087982
-0.020656476,-0.0016292818,-0.0006017545
0.0012913954,0.0013145357,0.0047234707
0.001903811,-0.0014685877,-0.0013765686
-0.006374852,6.278977e-05,0.0010030048
-0.010487428,0.0025275722,0.0032801956
-0.00056107447,0.0019815713,0.0021264716
0.0036803465,0.0010169558,-0.00036725734
-0.01827214,-0.00059617683,3.3552293e-05
0.0011394826,0.0022442825,0.0040606717
0.006007316,-0.00028938428,-0.0015793345
-0.0005028715,-0.0014200099,-0.00087603217
0.0059115933,0.0008690916,0.0027807904
-0.016880257,-0.0017613657,-0.00039144885
0.004578704,1.0550022e-05,0.0028239407
-0.018104708,-0.0018809251,-0.0019079635
0.012184897,-2.470985e-05,0.0019498452
-0.0017834317,-0.0006948821,-0.0006198203
0.0059979735,-0.0015091784,0.0002090233
-0.0020931233,-0.0016597398,0.0007264046
-0.014809648,-0.0026756786,-0.00041003898
-0.014516129,-0.0010720603,0.0017568157
0.010147319,-0.00021892413,0.0020822734
-0.00025929062,-0.0017057993,-0.0012872452
-0.015817368,0.00014046952,0.0020834133
-0.0057963696,0.0018042438,0.0039481595
-0.020736748,0.0011297576,0.0007619702
-0.010080443,0.004323188,0.0025791258
0.004100539,0.0030352958,0.0010174183
-0.034916997,-0.0010485016,-0.0009124171
0.015656967,0.0024596937,0.005941985
-0.0061801225,0.0027372986,2.0362902e-05
-0.018306283,-9.473786e-05,-9.841297e-05
0.010747292,0.0016908906,0.0011340616
0.0081684645,-0.001040522,-0.0009424718
0.028916668,-0.0013249889,-0.00092038536
0.019822132,-0.002228491,-0.0022434266
-0.018172108,-0.0023599528,0.00010296982
-0.006169516,-0.005379364,0.00061598804
-0.0093457615,-0.0054402575,-0.00084123947
-0.0134278815,-0.00060945377,0.0013870706
0.027360912,0.0012136586,0.0031826245
-0.008968051,-0.0035200082,-0.0033084808
0.027832987,0.00015349686,0.0025101025
0.012939389,-0.0039195307,-0.0025305173
0.00013171972,-0.0018982664,-0.00013298052
0.017973505,-0.0029079057,0.0020623268
0.0059500593,-0.004897114,-0.0023556957
-0.0135656465,-0.0012344904,-0.00011475978
0.0032588153,-0.0009862073,0.0021157945
-0.0022087726,-0.002669502,-0.00068044185
-0.0064456686,-0.0010223128,0.00025759937
0.0019658438,0.00014095381,0.001839598
0.0019620867,-0.001051005,0.0004768007
-0.0031983696,-0.0012796037,-0.000150937
0.016370898,-0.0010592528,0.00034170563
0.014238718,-0.0016574375,0.00010840973
-0.0010799019,-0.0012987517,0.0017720673
-0.007631141,-0.0021743365,-0.00014960597
0.010445303,-0.0011043474,0.000760949
-0.0041222344,-0.0019479282,-0.0016499583
0.018722553,-0.00088101253,0.0004705172
-0.012814921,-0.0020691939,-0.0007524856
0.024632722,-0.002268996,0.00041419003
0.04307522,-0.0043408573,-0.0017358903
-0.00082947855,-0.0018359944,-0.00088224735
-0.0072343526,-0.0022833534,0.00089973456
0.0064508533,-0.0057811886,-0.0013124913
-0.019703308,-0.0033819564,-0.0006857874
0.009868053,0.0014098212,0.004807201
0.008572675,-0.0035275929,-0.0033256745
0.015275748,-0.00052788854,0.00078530295
0.0024588618,-4.927069e-05,0.0011664353
0.0028616802,-0.0031382106,-0.0012695608
0.011390623,-0.00054051355,0.00038455788
0.00456832,-0.003689628,0.00079736323
0.0068437145,-0.004833769,-0.0032459649
-0.0025042375,-0.001458209,0.0015207945
-0.00026897498,-0.0031392276,-0.00012475892
-0.01587441,-0.0024264567,0.00040804286
0.004328793,0.00031561404,0.0037099894
0.017694268,0.0011629872,0.0014537316
-0.0005795769,-0.0033800714,-0.004031401
-0.0012935734,-1.1775643e-05,-0.0008395908
0.0045111193,-0.0005835146,0.00294316
-0.00084476295,-0.005615119,-0.0012770274
0.029949693,-0.002847463,-0.0015422425
-0.010110596,-0.0005525537,0.0018755366
0.0048450483,-0.00090393797,0.003410191
0.0029972077,-0.0050706565,-0.0041210614
-0.0058033625,-0.0015162341,-0.0019032226
0.002483043,0.00023338199,0.0021039424
-0.002998316,-0.0029619485,0.0016344731
0.008193885,-0.0019491911,0.0012339578
-0.004841822,-0.0025216453,-0.0022500486
-0.0036924016,0.00083620474,0.004099301
-0.009374359,0.00028105453,0.0008968238
0.0073944014,-0.0012152456,-0.00057298306
0.002228218,-0.00064670667,-0.00044079358
-0.0020489176,-0.00081627443,0.00048675056
-0.01349815,-0.0012539774,0.0010378709
-0.010051828,-0.00072478503,0.003139211
-0.013150843,0.00023269281,0.00023623492
-0.002719567,0.0038085617,0.004078577
0.0050449986,0.0030189604,0.00029623334
-0.0071451264,-0.0026773177,-0.0020842997
0.0036438308,0.0019091293,0.0046760673
-0.0018606927,-0.0013687573,-0.0016066001
-0.0071837856,-0.0012076385,0.00025984982
0.0032057012,0.0004995465,0.0019008655
0.02150099,-0.0019119121,-0.0011396349
0.013317226,-0.0016045906,-0.00081652217
-0.01578832,-0.0010191612,0.0016540027
-0.004391252,-0.0018781722,0.002534894
-0.009811458,-0.0034956038,-0.0026419538
-0.017590087,0.0029735342,0.004759663
-0.0077264654,0.005049344,0.0026061342
0.019536544,0.00047611073,-0.0007316414
-0.010472919,-0.0015852153,-0.0018607201
0.0049914583,0.00011106953,0.0039357175
-0.00027591427,-0.0042112954,-0.0039088037
0.0034959957,-0.00087412074,0.0023267847
0.01741922,-0.0024004653,0.00037944922
-0.008605558,-0.0031819083,-0.0026857667
0.0115888165,0.0010460243,0.0052961595
-0.006963489,-0.004625272,-0.0032755223
0.0034835518,-0.0004913956,0.0014240553
-0.006672358,-0.0003628172,0.0010342282
0.013479786,-0.0012819804,0.00071344944
-0.0042095943,-0.0027139895,-0.0023246517
0.013941384,-0.00093183294,0.0006279949
0.015701203,-0.0025864728,-0.00020158803
-0.0058515123,-0.002862025,0.00010118168
0.0022401586,-0.0016089529,0.0025952675
-0.009554247,-0.0023821816,-0.000497709
0.001946932,3.5058707e-05,0.0007782228
0.008921099,-0.0004967265,-0.00017376844
-0.0028014856,-0.00060837343,0.0011592382
0.021421382,-0.0003763102,0.001783039
0.005715767,-0.0035105906,-0.0028995378
-0.0023075317,-0.00068056956,0.0010755791
0.0005140071,-0.0016881488,0.0006713385
-0.004409241,-0.003010217,-0.0007638708
0.008728549,-0.00037512183,0.0018700003
-0.002344429,-0.0006837137,0.00077990827
-0.005511679,-0.00075052306,0.00035744847
-0.013619171,-0.00022851303,0.0010339045
-0.006272061,0.0016998388,0.0035658367
0.0037694527,0.0012429394,-9.46176e-05
0.016243838,-0.0017702356,-0.001946517
-0.0009453067,0.0002281703,0.0012308896
-0.023783918,-0.0008155629,0.0011369104
-0.0044056745,-0.0015134215,0.002402504
-0.0016815189,0.0002486147,0.00039473502
0.027393583,0.0018396527,0.001595915
0.0019414831,-0.001647573,-0.0024636218
0.004435253,-0.0006769337,0.0012303407
-0.008531211,-0.002073627,0.0016791291
-0.0011242693,-0.0042315386,-0.002449294
0.0016017072,0.00029296055,0.001939239
0.0061802776,-9.770319e-05,0.0015049487
-0.010051099,-0.0022526793,-0.0018227107
0.0094588995,-0.00017139688,0.0025869806
0.0040834397,-0.0029799081,-0.0020912946
-0.0012414749,-0.0017497726,-0.0011519874
-0.008700865,-0.0008320771,0.0029225945
-0.028969202,-0.003487017,-0.000275344
-0.01037493,0.0002081506,0.0024875253
0.0050843866,0.002122391,0.0020766929
0.007296936,-0.0024393462,-0.0029669649
-0.014977091,9.980053e-06,-0.0018367362
-0.0027522135,-8.7525696e-05,0.0037056028
0.024747778,-0.005437132,0.0016700041
0.010110346,-0.004259363,-0.0023032317
-0.00882901,0.0005134009,0.0006786074
0.00639413,-0.0005819611,0.0025159046
-0.01292611,-0.003969334,-0.001833528
-0.009854846,-0.0005294271,0.0014903574
0.0022864582,-0.0012183003,-0.00036830467
0.011674721,-0.0010782741,0.00067909923
-0.012247443,-0.0016341992,-0.00079696404
0.00017908929,-0.0016974248,0.00036717643
0.0122180255,-0.0028540045,0.0009931179
0.012114805,-0.002984587,-0.0005964055
-0.010659222,-0.0006420277,0.0023068902
0.0034441594,-0.0013733879,0.0011621234
0.0050164987,-0.00025052577,0.0013523125
0.0050790478,-0.00081338733,-0.0009035398
-0.014158135,0.0003315769,0.0025770299
0.0045956396,0.0009161867,0.0007595271
0.0027272385,-0.0031097867,-0.0035570955
0.027899634,0.0007077642,0.0032383723
0.013485782,-0.0018969737,-0.000632884
0.0020633547,-0.0030441247,-0.0022823948
0.0062192534,-0.0018838309,0.0008543091
-0.002380422,-0.0030929297,0.00089092576
-0.010172505,-0.0012069456,0.0016005922
0.0072320015,0.00024268776,0.0005571516
0.010035268,-0.0008944981,-0.00083271414
0.0069008674,-0.00034364685,0.0007643103
0.004541476,-0.0012453683,-0.0004750851
-0.0006164724,-0.0029460378,-0.0015584228
0.0034133978,-0.0018681847,0.0017369068
-0.0131972665,-0.0036117025,-0.0012992955
0.0026996464,-0.0016615652,0.00035498428
-0.007455899,-0.0010933243,0.0016982807
-0.0015440912,-0.0006355159,0.0020738356
0.0062278183,-0.0011754446,-0.00041590363
-0.008515423,-0.00091589615,0.00036082152
-0.0066613443,-0.00013008714,0.0013105222
-0.01121891,-0.00124868,0.00065010926
0.0055877734,-0.0013401695,6.798486e-05
0.008398709,-0.0014206357,-0.00047396426
0.008623241,-0.00041753426,0.0018889087
-0.009258492,-0.0023539364,-0.00043384777
0.005051343,-0.00067510083,0.0037053362
0.00096335646,-0.0013108179,-0.0006154319
0.010544328,-0.00043312833,0.00023834454
-0.0091921715,-5.8013946e-05,-4.3131295e-05
0.001964149,-0.0010749958,0.0009908641
0.0016683732,-0.0002037026,0.0021505984
-0.0004997101,-0.0014168061,-0.0008012556
0.0119146835,0.000578396,0.0016126815
-0.0126389135,-0.0013870262,-0.0014508083
-0.0022516304,-0.00035101175,0.002957764
-0.00802373,0.0006048791,0.0017312528
0.0033702787,-9.4573945e-05,-0.0002406385
0.005416335,0.0010287203,0.00097302854
0.0046354323,-0.0013593026,-0.0015330124
0.007191236,-0.00014322996,0.002837822
-0.011679743,-0.003542427,-0.002329904
0.0129452795,-0.0003352724,0.003795964
0.005194354,-0.0019137152,-0.0008986128
0.006192817,-0.0020103045,-0.001656383
0.0036276164,-0.00024987757,0.00011739344
-0.0022336964,-0.002201844,-0.00014291942
0.0098909475,-0.0033321604,0.00033911134
-0.01116442,-0.0029704645,-0.00028205686
0.0033423305,-0.00080020353,0.0018431279
0.003981133,-0.00091541186,0.00123723
0.00060691877,-0.00041720644,0.0009449043
-0.00028303638,-0.0005864687,3.7370715e-05
0.0003236058,-0.0011417307,-0.00032851286
0.002143141,-0.00032141805,0.0020827276
-0.02554171,-0.0017789043,-0.0006279788
-0.001780508,-0.001437407,-0.0003228748
0.014891924,0.001650054,0.0045320773
-0.0044960603,-0.0009773113,-0.0007429656
-0.0069797873,-0.00024929643,0.0010520641
-0.021706773,0.0017262138,0.0028049112
-0.006466332,0.0021130703,0.002215693
-0.0073166634,0.001927305,-0.00015134283
-0.01589821,-4.2509288e-05,0.0005513077
-0.0006531413,0.0030864738,0.004400539
0.009411781,0.00036843866,-0.0011602837
-0.0071225464,-0.0014263131,-0.00080528506
0.0054780655,0.0008534007,0.0029072727
-0.010636947,-0.0017350763,-0.00041975197
0.010532772,0.00012602657,0.0028625345
0.009774217,-0.0019389279,-0.0019352937
0.006681504,-0.0006760098,0.0013620639
-0.0025527182,-0.0011538342,-0.0009310597
0.009213461,-0.002395112,-0.0005822327
-0.003888476,-0.0025037788,0.00041122548
0.0046673715,-0.0025385097,-0.00038430677
0.0037587609,-0.0014890358,0.0014175142
0.010098074,-0.0010507517,0.0017065365
0.0047069173,-0.0025045462,-0.0018783642
-0.015464327,-0.0007971749,0.0012588918
-0.015412489,0.0007336475,0.0035992651
-0.0018390688,0.0010934658,0.0007210779
-0.007927012,0.0038974471,0.0022676627
0.013475554,0.0022324435,0.0011149913
0.009375718,-0.001255013,-0.0014228434
-0.023517024,0.0010785013,0.004929821
-0.008690741,0.0013319142,3.7293416e-05
0.01661795,-0.00051908195,-0.0011479324
0.00866657,0.0006396286,0.0009891957
0.014802193,-0.0008671917,-0.000606449
0.01957414,-0.002034232,-0.0017704393
0.001438874,-0.0029550232,-0.0025750997
-0.00045156243,-0.002941873,0.00018197764
0.0052568843,-0.0053020194,0.00060526724
-0.003513505,-0.0042402297,-0.000513821
-0.009306729,-0.0012100004,0.0010642076
0.014939582,-0.0002079457,0.002592258
-0.0023649412,-0.0037804022,-0.003512222
0.009277821,3.4254044e-05,0.0022533408
0.004737986,-0.0032480508,-0.002038958
0.0018540435,-0.0021803416,8.2282466e-05
0.0039827423,-0.0022172667,0.0025086012
0.0016429062,-0.0038313977,-0.0016956571
0.009041063,-0.0012288317,0.00015202048
0.005907329,-0.0006984323,0.002165561
0.0022859918,-0.0023565777,-0.0005350744
-0.0006291925,-0.0019431561,-0.00031257735
-0.0047217947,-0.00083643943,0.0013493166
0.005099997,-0.001362063,0.00032358756
0.009636931,-0.001583159,-0.00038596452
-0.00089598127,-0.0011735223,0.00021097343
-0.007837823,-0.0014528818,0.00029424072
0.00066812674,-0.0013938993,0.0018356468
-0.0012568529,-0.0015151501,0.00020256641
0.006016808,0.00010411814,0.001441498
-0.00031272703,-0.0013410635,-0.0012978633
0.0030499082,-0.0011424087,0.00031090557
0.0118509615,-0.0019597486,-0.00051817996
0.010864568,-0.002468992,7.340888e-05
-0.013911097,-0.0032824464,-0.0012937209
-0.0027055703,-0.002517689,-0.0003862367
0.0013176621,-0.0028983802,0.0012899806
0.006270059,-0.0027121603,0.00018309947
-0.011077369,-0.0017161109,0.00017295225
0.009451298,0.00045521557,0.0046503693
-0.0042768586,-0.0038551874,-0.0034775787
0.002824792,-0.0005565919,0.0007319659
-0.00088752504,-0.00013017282,0.0013109401
0.005677215,-0.0026853122,-0.0008357278
-0.0007076853,-0.0008100383,0.0006889883
0.008970752,-0.0023772158,0.0016297223
0.0021057592,-0.0040172227,-0.0025783633
0.032453872,-0.00056115165,0.0021432478
-0.002261472,-0.00328077,-0.0005263324
-0.016772391,-0.002354253,0.00034633628
-0.009912409,-0.0012311041,0.002874448
0.02258434,0.0007005669,0.0012399422
0.02527324,-0.003275562,-0.0040794173
-0.012880258,0.00018871948,-0.0008625621
0.020022484,-0.00022331253,0.003055305
0.010366149,-0.007348541,-0.002150939
0.006767028,-0.0028956756,-0.0018740073
0.0036860795,-0.00029263273,0.0018458422
0.012529661,-0.0015565567,0.0028482077
0.009814442,-0.004690189,-0.003910089
-0.0021128731,-0.0013360493,-0.0021104089
0.007410593,-0.0004403256,0.0016827118
0.0021016912,-0.0038079433,0.00121203
0.009437935,-0.0025412776,0.000914469
0.0024932253,-0.0027899556,-0.0024978493
-0.0140932705,0.0005227141,0.0037680382
-0.001261328,-9.648502e-06,0.00089345634
0.013049942,-0.0014718212,-0.0008632294
0.0076874904,-0.00071369484,-0.00040559203
-0.01092781,-0.00081830844,0.00028876954
-0.015634771,-0.0016093887,0.000908784
0.0057179257,-0.0009010248,0.0029717477
-0.02632133,-1.7408282e-05,0.00014890361
-0.0049741208,0.0037617981,0.0043573854
0.005216294,0.0034938194,4.5347144e-05
0.007999977,-0.0026057996,-0.0019487443
0.0034320003,0.0021364577,0.004648082
-0.00021373069,-0.0013551228,-0.0016184945
-0.0019243137,-0.0018081665,-0.00015558454
-0.01885178,-0.00014392659,0.0016022318
0.022925748,-0.0017193481,-0.00092200283
-0.0046957824,-0.0018915571,-0.00087934907
-0.046751022,-0.00037247688,0.002413523
-0.013723298,-2.3771077e-05,0.003358053
-0.06181567,-0.0015859716,-0.0018190052
0.005592014,0.006980289,0.006652329
-0.07132497,0.009130765,0.0032775954
0.045821358,0.0028439611,0.0016819015
-0.03286034,-0.0012311004,-0.0017493409
0.011583032,-0.00073319674,0.005616364
-0.039185774,-0.0032892376,-0.0037362913
-0.0074152225,-0.0001388602,0.0032736731
0.026680896,-0.0011910908,0.0008219641
-0.033264004,-0.0024713874,-0.0017759784
-0.015860219,0.0034037866,0.0064366125
-0.0103797065,-0.0029122345,-0.0027024916
0.034225825,0.00077724084,0.0021684542
-0.007739549,0.000805337,0.0016335914
0.021248007,-0.001235459,0.0011172276
-0.015538586,-0.0037201755,-0.0031095708
0.0,-0.001364179,0.0003557842
0.009095777,-0.0030021183,-0.00021024409
-0.024125127,-0.0025580563,0.00046414256
0.0021732685,4.2449683e-05,0.0034081147
0.027378751,-0.0012075044,6.8316585e-06
0.0192612,-0.00017516315,0.00083795073
0.01915604,-0.00073739886,-0.00035084249
-0.004572017,-0.0017085671,1.4120596e-06
0.011992887,-0.0024085045,0.0007752676
-0.00050429796,-0.0042870976,-0.003372281
0.04187689,-0.00066095963,0.0010689232
0.013801445,-0.0019050427,0.00028375105
0.008836942,-0.002783116,-0.0008991128
-0.0134944,-0.0025521666,0.0005606395
-0.01031909,-0.002327349,8.2788756e-05
0.005092121,-0.0008568689,-6.959739e-05
-0.021712944,0.00015466288,0.0012709602
-0.026880398,0.002348166,0.0041162497
0.0050684432,0.0024039112,0.00016018422
0.0022692927,-0.001479838,-0.0017707695
0.016100613,0.00072902814,0.0020564925
-0.038375817,-2.6967376e-05,0.0012403487
-0.0048918286,-0.00097649917,0.0029373358
-0.049935322,0.0002927445,0.00023027789
0.03322433,0.0036876462,0.0025022184
0.011597323,-0.0012173764,-0.0021205267
0.004168834,-0.0004892759,0.002366159
-0.006746293,-0.00017935038,0.0021678817
0.0013062449,-0.004578527,-0.002667613
-0.021914952,2.7403235e-05,0.0017452384
0.034142405,0.00025938824,0.0017731218
-0.00980142,-0.0027915165,-0.0022035057
0.053920284,0.00023056939,0.0030075652
-0.0061789425,-0.004099272,-0.003162746
-0.0044765063,-0.0016355962,-0.0015734474
0.02373222,-0.0029526614,0.0017773972
0.005612483,-0.0048085935,-0.0011105062
-0.008250428,-7.3343515e-05,0.0018933989
0.00073409826,-0.00040762872,0.0010865594
0.008068411,-0.0037150942,-0.004270396
-0.006063546,-0.0004411675,-0.0024692866
-0.028550468,-0.00031019375,0.0035489963
0.006279829,-0.0050215386,0.0020444277
0.029455822,-0.0042265244,-0.0021183768
-0.01915618,0.00069570914,0.0010334151
0.020024661,0.0006816797,0.0033908898
0.01963164,-0.0040555596,-0.0021486797
0.007130954,-0.0011805035,0.0009774528
-0.005664335,-0.0018336587,-0.0010651042
-0.0071207983,-0.0024424158,-0.0003085286
0.019603148,-0.0031508803,-0.0014208544
-0.013364588,-0.0020393096,-0.00013963808
0.006653963,-0.001611311,0.0015791847
-0.004249299,-0.003788747,-0.0009814757
-0.006875318,-0.0008135475,0.0025380717
-0.00572924,-0.00040911138,0.0014380377
-0.01416567,0.00073778257,0.0020168372
-0.01095959,0.00023209304,-0.00041560014
-0.0004925008,0.0012926608,0.0031553865
0.007883708,0.0019709095,0.0012623215
-0.007088754,-0.0026451163,-0.0029600624
0.045051746,0.00064153224,0.003295815
0.0054181283,-0.0025692172,-0.0010705898
0.016869757,-0.002554793,-0.0020844426
0.0018432722,-0.0024032556,0.0003573635
-0.013569461,-0.0032145344,0.0008722208
-0.0027978302,-0.0013367794,0.0014690635
-0.010521411,8.4828585e-05,0.0004341093
0.009924432,-7.402152e-05,-0.00029497163
0.012166509,-2.7485192e-05,0.0008412808
0.010402237,-0.0009889826,-0.00016119593
-0.0034316566,-0.0025020503,-0.0014405418
0.027089078,-0.0020794198,0.0016638808
0.0192221,-0.0044289865,-0.0018672296
0.014473681,-0.001780685,-0.00028442068
0.018806804,-0.0022615977,0.0007504614
-0.024824994,-0.0032834,0.0004393732
0.010008683,-0.0025082566,-0.0010484428
-0.020249864,-0.001750309,-0.0005209027
0.02110816,2.7380884e-06,0.0016658094
-0.014427179,-0.0011212938,0.00045223834
0.008083874,-0.001285173,0.000288186
0.0004334733,-0.0020328686,-0.001064271
-0.009748717,-0.0009591654,0.0017176472
-0.013345014,-0.00220244,-0.0002169949
0.0011087152,0.00020825863,0.0040479237
-0.0066445856,0.00012481585,5.240005e-05
0.0046823393,8.7983906e-05,0.00076604343
-0.012871766,0.0004053563,0.00030150614
-0.017086294,-0.00068132207,0.001344926
-0.0011437112,0.0009487942,0.0027295926
0.0013739724,-0.0005575754,-0.00045405142
0.00022872482,0.0012541749,0.002167768
-0.02309104,-0.00062889233,-0.0009296411
-0.011935369,1.4334917e-05,0.0032249584
0.0059213643,0.001837451,0.0022200923
0.00070635224,0.00040956214,3.6838348e-05
-0.00023525463,0.0011203028,0.0013745992
-0.023299638,-0.0011915751,-0.0016296452
0.0026506172,-8.429214e-05,0.0031867896
-0.0043258904,-0.003136225,-0.0019666033
-0.004827438,0.0010612458,0.0045291996
0.015765257,2.0448118e-05,-0.00013801298
0.002865304,-0.0024750084,-0.0017640938
-0.010952359,8.611381e-05,0.000483708
-0.0060182954,-0.0021031387,4.8851536e-05
0.008718832,-0.0034039654,0.0004633797
-0.0026410709,-0.002174776,0.00015343161
-0.012518066,-0.0003200285,0.0020382765
-0.014383231,-0.0005800612,0.0015568627
0.014098434,0.00013871863,0.0011108536
0.008048825,-0.00026053935,0.00023081852
0.029276531,-0.0006625615,0.00015495915
-0.0068171346,-0.0006360933,0.0015593845
0.018934892,-0.0025703944,-0.0010056614
-0.002322845,-0.0031910203,-0.0018575236
0.011175775,2.1893531e-05,0.004097333
-0.0048353462,-0.0025465898,-0.0018053984
-0.008098155,-0.0009128414,0.00048383087
-0.012829467,0.0018127672,0.0027969338
-0.025756147,0.0020069517,0.0021520313
0.008003925,0.0023742877,0.0001351756
-0.02189605,-1.5672296e-05,0.0002103186
0.005166029,0.0026000813,0.0047891326
0.001223672,0.0005028136,-0.0013671666
-0.0012221764,-0.0015242882,-0.0007183617
-0.030592266,0.00096415356,0.0027509443
-0.023731442,-0.0010211915,0.0002383549
0.007758031,0.0016192459,0.0031986514
0.008468001,-0.00047995523,-0.0009395974
0.009923649,6.6723675e-05,0.0022358436
0.00025200646,-0.00029657036,-0.00060675596
0.003022643,-0.002277393,-0.0005293491
-0.003264718,-0.0025152825,0.0004309843
0.0012598401,-0.002732467,-0.00047598744
0.03069948,-0.0012467057,0.0015776014
0.016845763,-0.0013568662,0.0013844906
0.007923122,-0.0025911033,-0.0020263197
-0.010719408,-0.00158583,0.0005164011
-0.008427606,-0.00074516237,0.0029602982
-0.022098102,0.00015302375,0.0003307655
-0.019617604,0.004165735,0.0023439534
-0.0050658756,0.0034946017,0.0011397515
-0.0063645625,-0.00046320632,-0.0006654634
0.015885288,0.0025920086,0.005839791
-0.022446485,0.0021552108,0.00024268229
0.017285913,-0.00070606545,-0.00044355216
0.00862288,0.00032093003,0.00030205282
-0.004023129,-0.0013199635,-0.00076479674
0.022721477,-0.0018256381,-0.001425727
0.027400658,-0.0033194795,-0.0024884942
-0.0067275055,-0.001935754,0.00026661623
-0.0072568757,-0.0045489706,0.000745574
-0.0014620217,-0.0056515485,-0.0009604908
-0.014153197,-0.0016101971,0.0008856541
0.0121286595,0.00075993314,0.0029938708
-0.0029346768,-0.0034107864,-0.0033006344
0.032131504,2.4355948e-05,0.002411551
0.018060796,-0.0032979138,-0.002242116
-0.00723626,-0.0017900579,-0.00017147965
0.010110518,-0.0033617727,0.0019918233
-0.0039571268,-0.005145598,-0.00241109
-0.0044403467,-0.00091905147,0.00018321635
0.0042253593,-0.00040103123,0.0023278932
0.0032725432,-0.0020816773,-0.00035116362
0.0023299695,-0.0012921058,9.599724e-05
0.0081357155,-0.00042495131,0.0015523457
0.009453536,-0.0015706271,0.00015282287
0.01850163,-0.0018936433,-0.0006070805
0.009643424,-0.0017539933,-0.00032683188
0.002221201,-0.0020816214,-0.00021753926
-0.013962706,-0.002212394,0.0012960203
0.00022473188,-0.0021505132,-4.712527e-05
0.020224754,-0.00020994619,0.0010586409
0.0154184345,-0.0015290901,-0.0013108598
-0.0021691644,-0.0009838566,0.00013842457
0.010217418,-0.0023184083,-0.0008741858
0.027759781,-0.0034809634,-0.000492295
0.057579566,-0.003733147,-0.0016680809
-0.0039595515,-0.002034545,-0.0014789838
-0.012919927,-0.0030633472,0.00052011124
0.008658887,-0.0067933314,-0.001702355
-0.014973048,-0.0036459826,-0.0008223946
0.0022294407,0.0018966086,0.0048747817
-0.00546007,-0.003176909,-0.003204058
0.009353377,-0.0006000884,0.0008985851
-0.0062449146,0.00016668811,0.0014567518
0.0030406995,-0.002452977,-0.0006451667
-0.00062087853,-0.00047161058,0.000872144
0.008767115,-0.0032345913,0.0012668025
-0.009033103,-0.004222218,-0.0027276543
0.0033146588,-0.00019351766,0.002304364
-0.0060567805,-0.0029337294,-1.6593607e-05
-0.02472133,-0.0018079542,0.0008543654
-0.014271475,0.0009350367,0.003935625
0.012317161,0.002384562,0.001895778
0.0149424095,-0.0028449707,-0.0035537656
0.0026640836,1.1164695e-05,-0.0004137049
-0.004754635,0.0004444793,0.0032320416
-0.0009132333,-0.005934354,-0.0014337047
0.007664695,-0.0035300367,-0.0018001315
-0.008025186,7.7717006e-05,0.002350167
0.012099904,-0.00013940036,0.003621266
0.005560597,-0.004274003,-0.0036299138
-0.0072579184,-0.0011660978,-0.0017174457
-0.013298904,-4.1007996e-05,0.001958355
-0.0072684637,-0.0031708665,0.001702392
0.002132521,-0.0014929362,0.001363159
-0.005390797,-0.0016969405,-0.001710199
0.009271167,0.0013910644,0.0044811824
0.015545484,0.0006130114,0.00097141275
0.01523798,-0.0019266829,-0.0009032588
-0.002878474,-0.0012721382,-0.001006116
0.007423203,-0.0016295761,-0.00031387794
-0.01569218,-0.0026132911,0.00032462936
0.015041229,-0.00095700845,0.0030691018
0.0060775704,-0.000949163,-0.00032641232
-0.0209733,0.0019858293,0.0035923123
-0.014905776,0.002271507,-0.00018668384
0.0026743957,-0.0022033788,-0.0025407535
-0.0072295833,0.002235394,0.0047654742
0.004878411,-0.00035132468,-0.0007713196
-0.013930985,-0.0012416132,0.00029897437
0.002497368,0.00053228065,0.0021691052
0.0012099514,-0.001782462,-0.0011429039
-0.00014220709,-0.0013665594,-0.00039582537
-0.009953743,-0.00066710263,0.0020600809
-0.008258484,-0.0005749017,0.0030806973
-0.006734308,-0.0022341833,-0.0019720483
-0.0014580225,0.0026667006,0.004833636
0.002920303,0.0042318664,0.0024053464
0.0053141955,-0.0005985983,-0.0010209209
0.0111512905,-0.001511205,-0.0021591652
-0.009739334,-6.45034e-05,0.0031705631
0.008099473,-0.0039648004,-0.0036319837
0.010760402,-0.0015666299,0.0018863224
-0.0034066413,-0.0026922822,0.0003443777
-0.0064093,-0.0029322505,-0.0024855721
0.008099123,0.00053681806,0.005109694
0.00817639,-0.003966715,-0.0028186764
0.016713647,-0.000306461,0.0014337652
-0.0038842864,-0.0006922297,0.0008756877
0.0043172142,-0.0020078681,0.00024757895
0.00998407,-0.0034598596,-0.0027537863
0.012219392,-0.0012514405,0.00015823852
0.008409668,-0.0022484362,-9.153073e-05
-0.009819131,-0.0032186098,-2.901192e-05
0.016572727,-0.001938954,0.002563885
0.007549976,-0.002287563,-0.00051799766
-0.0019231335,-0.0002869144,0.00065719907
-0.0029233086,-0.0009395443,-0.0005046895
-0.0048644696,-0.0011985712,0.000717831
0.0010044808,-0.00052765384,0.0016928625
-0.00675637,-0.002615448,-0.0022678187
0.007004368,-0.00025064126,0.0016069887
0.0022070748,-0.0007408224,0.0011973369
0.001067657,-0.0021054484,-0.000216135
0.0063996185,-0.0006267242,0.0017733488
0.0050340765,-0.0010626353,0.0006451535
0.006788366,-0.0010567941,6.443303e-05
-0.0077899136,-0.0006646924,0.00078746094
-0.0043544476,0.00084558874,0.0032361092
0.003114447,0.00022726133,-0.0005748031
-0.00270844,-0.001981955,-0.00229665
0.0041067437,0.00028641894,0.0013490577
-0.002704688,-0.00076059625,0.0011358995
-0.0037041777,-0.0010828488,0.002558442
-0.0009958432,-9.492412e-05,0.00041052327
0.008639616,0.0006609,0.0010145663
0.006259451,-0.0016440898,-0.0025198192
0.001702426,-0.0006293766,0.0011764541
-0.0028107772,-0.001279328,0.0021754669
0.0037364278,-0.0040482096,-0.002367964
-0.00032646157,-8.1758946e-05,0.0019008552
-0.0077742366,-0.00028543547,0.0013842374
-0.013826745,-0.0022878014,-0.0018036093
-0.0016691147,5.4266304e-05,0.0026830847
0.0129740015,-0.0021960922,-0.0015259546
-0.010299053,-0.0015495121,-0.00092194544
-0.008805332,-0.00020099804,0.003396621
-0.0018843716,-0.003418319,-0.0002876534
-0.0045849415,-0.00023009256,0.0022249087
-0.009957334,0.0013838522,0.0019493594
0.0017788348,-0.0026563443,-0.0034526822
-0.0024586846,-0.0007166676,-0.0022100878
0.0055456497,-1.5746802e-05,0.0037783778
0.003676779,-0.0048356913,0.0018196689
0.009565183,-0.0042881556,-0.002236211
0.006585107,-0.00030077994,0.0004212521
-0.00013353987,-0.00033294782,0.0026834356
0.0014688291,-0.003330674,-0.0015286435
0.0144666545,-0.0014849864,0.0009765944
0.006045858,-0.0020621233,-0.0008581192
0.0065974905,-0.0015121289,0.00016255822
0.0077871312,-0.0028396808,-0.001563089
0.010109414,-0.002482295,-0.0003935307
0.0054822504,-0.002872143,0.0007434236
-0.013947867,-0.0036114417,-0.0010116429
-0.008808559,-0.001386147,0.0022038075
0.0019460499,-0.00090585276,0.0012502803
0.008351633,0.00114654,0.002113096
-0.0018619151,-0.0003326647,-0.0006024309
-0.002637358,0.00017170236,0.002753006
-0.0036117223,0.0007706769,0.0005528224
0.0054372214,-0.0029330887,-0.0033577092
-0.0067598214,0.0006262958,0.003029763
0.018796952,-0.001383651,-5.6721037e-05
0.0064894026,-0.0032651275,-0.002163086
-0.000568877,-0.0006558858,0.0016513877
-0.006324711,-0.0021524094,0.00131604
-0.02304115,-0.0013770796,0.0016073624
0.00905596,0.001010023,0.00087016635
-0.0014850915,-0.00041858852,-0.00060383487
0.0025218197,2.0518899e-05,0.0013401215
-0.0058693783,-0.0007199794,-0.00019987207
0.0034386476,-0.002475869,-0.0010653158
0.001228517,-0.0013180673,0.0020055925
-0.0018081935,-0.002946142,-0.0009196246
0.00032339906,-0.0016877241,0.00025125218
0.018496964,-0.0011904091,0.0017026193
0.0056515075,-0.0014918484,0.001418689
0.0058723744,-0.001923278,-0.0007575315
-0.0008161009,-0.0016458407,-0.00035121053
0.003581123,-0.0012213849,0.0006458236
-0.0036309115,-0.0018479563,0.0002849531
0.0047122394,-0.0018982962,-0.00031863042
-0.00031269496,-0.0019483231,-0.0008783366
-0.004691605,-0.00086086616,0.0016570576
0.00069134944,-0.002415087,-0.00030272454
0.00025118256,-4.861504e-05,0.0038457871
-0.005776706,-0.00043609366,-0.00012208731
0.013578434,-0.0004402958,0.00032066385
0.0009968745,-0.00018219277,-2.9222574e-05
0.001618486,-0.000981871,0.0010369697
-0.004039582,-0.0003019087,0.00213176
0.005865484,-0.0017442666,-0.001003586
-0.00744415,0.0003585182,0.0014028135
-0.005125046,-0.0010072999,-0.0010706957
0.00050258724,-6.740168e-05,0.0028653827
-0.022416126,0.0009348616,0.0020818645
0.014387502,0.0003041327,2.1008891e-05
-0.0026593946,0.0006685816,0.0007634913
-0.0031744018,-0.0012398325,-0.0011563671
0.006942307,0.00014602765,0.0029073951
-0.007653426,-0.0034061559,-0.0021873482
0.005927771,0.0002326034,0.004023723
0.0057026604,-0.0013356842,-0.0006733523
0.008379548,-0.0021705814,-0.0017048267
0.0071852165,-0.00020125136,0.00020872662
0.008746921,-0.0020781942,-0.00013323023
-0.006395629,-0.0035442784,0.00011154567
-0.008046066,-0.0030046403,-0.00022271828
0.007487346,-0.0012881272,0.0015398216
0.012386202,-0.0006959513,0.001417144
0.0018352178,-0.0003733039,0.00091464067
0.0034804423,-0.0009987466,-0.00013108435
0.0010953386,-0.0015331917,-0.0006797152
0.00024309072,-0.00067292526,0.0018866588
0.0041930145,-0.0019822456,-0.00074443244
-0.0036913804,-0.0019306764,-0.0008360689
-0.007410114,0.00089340657,0.0044279527
-0.000244727,-0.0013707988,-0.0011510303
0.0032439635,-0.00030982494,0.000740277
-0.012140842,0.0020326413,0.003151248
0.0026556815,0.0017018132,0.0022294759
0.00443487,0.00068598613,-0.00060179783
-0.0034954762,-0.00076827034,-8.263765e-05
-0.0047999923,0.0019119084,0.0037459764
0.0050704433,-0.00068341196,-0.0016306387
-0.01605759,-0.001726374,-0.0012366808
0.0010630491,0.00079599395,0.0029615974
-0.006308618,-0.0013385527,-0.00016936363
0.012005806,0.0006641783,0.0031292576
-0.011925454,-0.0015981384,-0.0017250495
-0.016783996,-0.00061884895,0.0016557367
-0.003644315,-0.0007188879,-0.0005492689
0.011293697,-0.0016306601,9.440922e-05
0.0039973957,-0.00078323856,0.0013046045
0.004550346,-0.0019872673,-8.657883e-05
0.005536363,-0.0016136877,0.0014072792
0.008634204,-0.0014862753,0.001447835
0.0013025957,-0.0026956312,-0.001981502
0.0007433721,-0.0007618293,0.0012497071
-0.0047665536,0.00051158294,0.0033878237
-0.012502393,0.00022438541,0.0005786505
0.014172336,0.0030862167,0.0019991552
0.013912214,0.0013429858,0.0003416253
-0.003001565,-0.0017383583,-0.0014693672
-0.0060825157,0.001070112,0.004655664
-0.003709007,0.0005302243,-0.00045238144
0.011478601,-0.0005841963,-0.0010645239
0.0023923407,0.0005760826,0.00075859216
0.0089345295,-0.0011089742,-0.0008268638
0.0039425557,-0.0021855868,-0.0016367519
-0.0051957504,-0.0027635284,-0.0020863793
0.0013360939,-0.0027666502,0.000623881
0.0046699964,-0.0042767785,0.0011252532
-0.008149658,-0.0034421273,-0.00010095391
-0.002312872,-0.001155559,0.0012309517
0.013848245,-0.00028610602,0.0025218436
0.008965583,-0.0035799704,-0.0034092364
-0.00017890494,-0.000119615346,0.0019741973
0.01270507,-0.003190335,-0.0020156747
-0.080928296,-0.0026961379,-0.00028766942
-0.004421861,-0.0011484288,0.003796275
-0.00032187352,-0.0027755387,-0.0012302417
0.0036059082,0.0018221252,0.0023062532
-0.007635073,0.0022746213,0.0036340381
0.008986872,-0.0008449331,0.00011330942
0.0045495755,-0.0017107986,-0.00014504307
0.0119282715,-0.00034435838,0.0016729805
-0.016137151,-0.00155643,7.9807534e-05
-0.0024987147,-0.0017810352,-0.00034815603
-0.008671116,-0.0015401654,-2.1583633e-05
-0.0002591246,-0.0010124184,0.00077905884
0.009267612,-0.00024792552,0.002334816
-0.010852132,-0.001110021,0.00047185764
-0.010256989,-9.4771385e-05,0.0014875482
-0.010494595,-0.0013081245,-0.001311995
0.002518924,-0.0008360259,0.00065732957
0.0007934086,-0.001109492,8.166954e-05
0.017772214,-0.0016126856,0.000768773
-0.012203861,-0.0031089075,-0.0011305436
0.0037458588,-0.0020261668,-0.00012222433
0.014599945,-0.0029011033,0.0011625544
0.0036135868,-0.003143642,-0.00016133359
-0.011701872,-0.0019386485,-7.232092e-05
0.0070912517,-0.0002707839,0.0042296657
0.011950845,-0.0041654482,-0.0035777583
-0.0015320156,-0.00048162043,0.0005162334
0.009398384,-2.9247254e-05,0.0013672558
-0.001963501,-0.0032818653,-0.0013554282
0.01493496,-0.0016612671,0.00047104157
0.0116269095,-0.0039958246,0.0010185338
0.016611282,-0.0035817027,-0.002592357
-0.0006182626,-0.0010250099,0.0016221284
-0.0019443325,-0.00346509,-0.00037420623
-0.020543696,-0.0030703545,5.6439603e-05
0.006418941,6.335974e-05,0.0035796189
0.018235706,0.0012843758,0.0014356138
-0.0052050846,-0.0032795556,-0.0039103683
0.009311772,4.570931e-06,-0.0007562833
-0.005271931,-0.0006143935,0.0027788887
0.040190823,-0.0052648596,-0.0010804127
-0.018257486,-0.0039445646,-0.0023179853
-0.017732056,-3.0379742e-05,0.0024956313
0.021574538,-0.0012392364,0.0028193442
-0.010947369,-0.004645448,-0.0036261461
-0.0312881,0.00016341731,-0.0010190721
0.006927545,0.00023287907,0.002375017
-0.0016975949,-0.002482798,0.0018539898
0.028550923,-0.00010712817,0.0020063226
-0.008701705,-0.002642192,-0.0022740979
0.0037745815,0.00021478906,0.0040253876
0.042151287,-0.0008176528,0.0002415526
-0.011496142,-0.0027495287,-0.0015791513
-0.011714812,-0.00046951324,-0.00063577795
-0.0030063433,-0.0020351298,-0.00064486987
-0.0029292353,-0.0021062382,0.0008648721
-0.03845161,0.00037605315,0.0034674676
-0.000988503,0.0013956912,0.0008848519
-0.012953089,0.004253093,0.0038277693
0.009204361,0.0033189468,0.0009790544
9.03209e-05,-0.0024231113,-0.0020359808
-0.0018058416,0.0015989952,0.0047233487
-0.00578923,-0.0013754927,-0.0015627397
0.008916347,-0.001466576,0.00012989025
0.0045991717,0.0001893118,0.001707659
0.012657056,-0.0018841065,-0.0010883166
0.008864462,-0.0018749423,-0.0010403513
-0.019330436,-0.0014853366,0.0015141343
-0.014604402,-0.0014221631,0.0027758656
-0.007728733,-0.002626907,-0.0022312598
-0.012370554,0.0033901222,0.0049657654
-0.011504898,0.005264107,0.0028473889
0.0037544726,0.0003998764,-0.0006015216
-0.04974752,-0.0012674257,-0.001739641
-0.0058059827,0.0004749857,0.0046281368
-0.011778704,-0.0030654036,-0.003083875
0.026141834,0.0011003315,0.003820861
0.044802383,-0.00076187775,0.0009907631
-0.022888683,-0.0027797222,-0.0026477075
-0.01128208,0.0003019981,0.0049663493
0.0011603821,-0.0060477965,-0.0038604576
0.021926053,5.6803226e-05,0.0013417813
0.012476367,0.0005883314,0.0014346169
0.017176963,-0.0016270019,0.00048259355
0.004864159,-0.0034706444,-0.003013892
0.0015527062,-0.0017599352,-0.00031577062
0.05900049,-0.0034171008,-0.00048890745
-0.0095582595,-0.0037475936,-0.0008280658
0.017127467,-0.0015442856,0.0026010906
-0.01658257,-0.0044627264,-0.0016836587
-0.004432874,-0.00094554573,0.00031967327
0.0070717437,-0.00050323084,-0.0005047169
-0.0010402697,-0.0006053634,0.0012039283
0.004686221,5.0555915e-05,0.0019896268
0.002418644,-0.0029217862,-0.0024979387
-0.011632969,-0.0006942488,0.0012144422
0.019529255,-0.0009195134,0.0012470314
-0.0031640392,-0.0026773103,-0.0006791877
-0.007978042,-0.0002729483,0.0020891577
0.0031996088,-0.0007924922,0.000669137
0.018877639,-0.0010418855,8.8322326e-05
-0.014213201,-0.0002602376,0.0010011699
-0.009182971,0.0010065623,0.0035327065
0.011953269,0.00032087415,-0.00071526074
0.012924715,-0.0021672808,-0.0024021033
-0.031012323,0.00040412322,0.0012490266
-0.03985349,-0.0006845929,0.0014349846
-0.01970934,-0.00015794113,0.0027844126
-0.017511344,0.003465645,0.0015204035
0.02489626,0.0041320585,0.0027745778
0.0039565726,-0.0011422597,-0.001622576
0.00027494068,-0.00051436946,0.0018932661
-0.012827575,-0.0009346716,0.0020668856
-0.0180991,-0.00409298,-0.0023327174
-9.454708e-05,0.00080029666,0.0023044683
-0.0067120353,0.00061964616,0.0017876442
-0.024269564,-0.0014334284,-0.0011026983
0.022434678,0.00070677325,0.003168811
0.0090631265,-0.0025232397,-0.0017976852
0.004632746,-0.0010326318,-0.00073598255
-0.012140042,-0.00084784627,0.002709084
0.013622942,-0.004009377,-0.00052861345
0.0111841615,-0.0010364428,0.0016042703
-0.017938403,0.00020907447,0.0015151384
-0.006530403,-0.00284113,-0.0038201984
-0.008859677,-0.0014067665,-0.0026660478
-0.017877745,-0.00041517988,0.003857278
0.011548251,-0.0037416816,0.0024899687
0.02321983,-0.003969915,-0.0019184975
-0.0044440357,0.00035941973,0.000902429
0.0081679225,0.0001601167,0.0029221927
0.022421077,-0.0039898716,-0.0019937512
-0.0031327407,-0.0016434602,0.0006881
-0.007394427,-0.0017417707,-0.0008074029
-0.00903251,-0.0022329576,-0.00017465989
0.00018797474,-0.002755925,-0.0011191276
-0.012025543,-0.0016167425,0.0003451839
0.0069417623,-0.0014446713,0.0017688083
-0.00717728,-0.0028781705,-0.00045286887
-0.022923961,-0.00030665472,0.0028278404
0.011195498,-1.9613653e-05,0.0017253207
-0.0054876255,0.00092542544,0.0019180526
-0.008712502,0.00012409687,-0.00017640798
0.018457025,0.0007977411,0.0028696829
0.0024930688,0.0006668009,0.0005452073
0.008130066,-0.0027449317,-0.0032139202
0.012333922,0.00010285899,0.0025433365
0.005154668,-0.0025923252,-0.00079773844
0.0019580335,-0.0032401867,-0.0022812632
-0.005118141,-0.0014578626,0.0012371112
-0.03732116,-0.0020956583,0.001485349
0.0023319616,0.0001372397,0.0023533297
0.014831318,0.0014754124,0.0008806749
0.012226562,-0.00027395412,6.163388e-05
0.0049070176,-3.061071e-05,0.00089504773
-0.01831155,-0.0014319159,-0.0007306965
-0.034436565,-0.0031517185,-0.001407525
0.004358974,-0.0013091043,0.0023658336
-0.004537375,-0.0024166666,-0.0005114642
0.0069362326,-2.0228326e-06,0.0014361949
0.017614651,-4.060939e-05,0.0021130017
0.004641676,-0.0014182068,0.001534998
0.015689645,-0.0020679645,-0.0008809266
0.001516335,-0.0018916242,-0.00055613334
-0.005582929,-0.0012785606,0.0005773361
0.0031401832,-0.0021058992,0.00017006908
-0.011952139,-0.002315905,-0.00056873425
0.029569836,-0.001478672,-0.00048751477
-0.0057813795,-0.0010784231,0.0012453854
-0.012474224,-0.0020389818,-8.1123086e-05
0.017380586,-0.0007308535,0.0034851313
0.0028005547,-0.0016502179,-0.00065622386
-0.0020480473,-0.0001418516,0.00037115475
0.00494409,1.456961e-05,-9.819452e-05
0.016986858,-0.0012717284,0.00063244696
0.005111402,-0.00045529753,0.0021157411
0.015528506,-0.002029989,-0.0011295427
0.0008047602,-0.00074872,0.0007965297
-0.033595376,-0.0018737093,-0.0017166124
-0.016826991,-0.0005039312,0.0028192955
0.019371876,0.0017621331,0.0021147649
0.015129145,0.000584241,8.614443e-05
-0.01208653,0.0007629432,0.0013617212
-0.005611265,-0.0012009516,-0.0017806601
-0.008788131,-0.00074548274,0.0024309116
-0.0074661975,-0.0031150468,-0.0018258474
0.017865553,0.0009014271,0.004301673
0.0084065,-0.00090371445,-0.0003793909
0.005954506,-0.0021451153,-0.001583202
0.009744101,-0.00048221648,-3.7857564e-05
0.0027958623,-0.0024774112,-0.00039998058
0.020955069,-0.0034775026,0.00017658569
8.810902e-05,-0.0033639744,-0.0006411923
0.0086321095,-0.0014369152,0.0013966621
-0.004890448,-0.0018715151,0.0007180604
0.014567825,-0.0010740347,0.0005825482
-0.012542142,-0.0011743717,-0.0004556505
0.029169535,-0.0010259263,-9.658688e-05
-0.008936892,-0.0007491261,0.0014618939
0.017863227,-0.0018699355,-0.0004695222
-0.015356055,-0.0026223175,-0.0015350727
0.008054863,0.00022735819,0.004416436
-0.0026351374,-0.0020812042,-0.001629743
-0.007926364,-0.00041408464,0.0008300711
-0.014089341,0.0023340322,0.0030530794
0.0015684934,0.0021185242,0.0021954828
0.011223255,0.0012510233,-0.00029448804
0.0015486561,-0.00079419836,3.8677186e-05
0.032557283,0.0016775765,0.0037229527
-0.006073176,-0.00196122,-0.0023744223
-0.015819866,-0.001995895,-0.0014964787
-0.016584491,-0.0004141964,0.0019491208
0.0017296945,-0.0017857552,-0.00016197679
-0.037382387,0.0015098676,0.0031460503
-0.02251123,0.000365559,-0.0005365455
-0.016698778,0.0007542744,0.0021214825
0.034991138,0.00087857246,0.0007358047
-0.0042372993,-0.00095247105,0.00047162338
-0.03585332,-0.00029393658,0.0016238999
-0.00018777954,-0.0029417612,-0.00038549886
0.031933893,-0.0016215332,0.0015484145
0.00072808046,0.00031016767,0.0022268742
0.013096885,-0.001497522,-0.0012673419
0.014004826,-0.0015582927,0.00061042607
0.0006197406,-0.00062151253,0.002969791
-0.017165057,-0.0008131452,0.00015254412
-0.014674152,0.0020113178,0.0015484485
-0.009684766,0.0022448786,0.0004346298
0.0018451605,-0.00051902607,-0.00095393904
-0.009116842,0.0024958812,0.005515204
-0.019052003,0.0025892816,0.00060914655
0.0031264252,-0.00013594702,-0.00052312145
-0.00028332812,0.0009338707,0.0010466357
-0.0019839308,-0.0007661022,-0.00031149224
0.03284742,-0.0014267303,-0.0010124291
-0.01218955,-0.002627302,-0.0022266202
-0.017721247,-0.0017479993,0.0009212978
-0.01567964,-0.0053977706,0.0008563926
-0.012282879,-0.0035472773,0.000110169174
0.00029144835,0.00052264705,0.0019153384
0.0076728915,0.0012073554,0.0033296396
0.010505989,-0.0027489625,-0.0028761195
-0.005246046,-0.00028635934,0.0020353715
-0.0060408213,-0.0029174946,-0.0018113803
-0.011576351,-0.002650123,6.0861e-05
0.024399767,-0.0016851239,0.002986017
-0.004382613,-0.0033414215,-0.0014785598
-0.00038278388,-0.0004791245,0.0006801452
-0.00430784,-0.00081365183,0.0020287463
0.005384074,-0.002358146,-0.0004248009
-0.005833419,-0.0013213195,-3.19588e-05
-0.00057712157,-0.00014840439,0.0018299861
-0.015014486,-0.0011307336,0.00038194878
0.003908555,-0.0011662059,1.551793e-05
0.0024333268,-0.0009308569,0.00036199176
-0.0054373974,-0.0009129159,0.000757566
-0.01942788,-0.00065011904,0.0022059968
-0.013241754,-0.0009862892,0.00054509053
-0.006961986,0.00071996823,0.0016363199
0.011481456,-0.0003777966,-0.0005570513
0.0007031612,-0.0005709417,0.0007968319
-0.015759883,-0.0009665862,2.3126486e-05
0.008872974,-0.0023827814,0.00041217904
0.026890455,-0.0037897713,-0.001183337
-0.006694234,-0.0015390627,-0.00026675116
0.007433102,-0.001652237,0.0015824093
0.013182453,-0.004584562,-0.0008441927
-0.016700663,-0.0027704425,-0.00043514383
0.004542379,0.00047004223,0.004473717
0.0017693925,-0.004137259,-0.0036297974
0.0022568514,-0.0004226789,0.00069820153
-0.0046993904,0.00020541623,0.0014749645
-0.014459976,-0.002711136,-0.00084701844
